配對底,交易端,N試驗,SR年化,門檻SR0,DSR,判定
Agglomerative,Z-Score,75,0.203,0.543,0.042,✘
Agglomerative,DRL,75,0.16,0.543,0.027,✘
HDBSCAN,Z-Score,75,0.235,0.543,0.05,✘
HDBSCAN,DRL,75,0.281,0.543,0.093,✘
K-means,Z-Score,75,0.079,0.543,0.01,✘
K-means,DRL,75,0.049,0.543,0.007,✘
GICS-SSD,Z-Score,75,0.355,0.543,0.17,✘
GICS-SSD,DRL,75,0.397,0.543,0.231,✘
GICS-SDP,Z-Score,75,0.366,0.543,0.177,✘
GICS-SDP,DRL,75,0.352,0.543,0.141,✘
不分組-SSD,Z-Score,75,0.455,0.543,0.322,✘
不分組-SSD,DRL,75,0.504,0.543,0.419,✘
不分組-DTW,Z-Score,75,0.529,0.543,0.472,✘
不分組-DTW,DRL,75,0.562,0.543,0.541,✘
不分組-SDP,Z-Score,75,0.436,0.543,0.293,✘
不分組-SDP,DRL,75,0.484,0.543,0.382,✘
