策略,最佳配置,Sharpe,淨利$,往返break-even%,成本餘裕(vs0.58%),門檻SR0,DSR,DSR顯著(>0.95),DSR@N15,DSR@N87,DSR@N1435,N試驗,T日
Grid (GICS-SSD-FW504),Top3/SL0%,0.634,10555.0,1.521,0.941,0.546,0.681,✘,0.414,0.681,0.025,72,6035
Grid (KM-SSD-FW504),Top1/SL15%,0.566,16764.0,1.691,1.111,0.546,0.542,✘,0.885,0.542,0.011,72,6035
Grid (GICS-SDP-FW504),Top3/SL0%,0.558,8702.0,1.406,0.826,0.546,0.524,✘,0.729,0.524,0.009,72,6035
Grid (GICS-DTW-FW504),Top5/SL0%,0.547,5918.0,1.217,0.637,0.546,0.503,✘,0.701,0.503,0.01,72,6035
Grid (NOGRP-DTW),Top1/SL0%,0.529,14537.0,1.271,0.691,0.546,0.464,✘,0.005,0.464,0.006,72,6287
Grid (HDB-SSD-FW504),Top3/SL15%,0.524,8003.0,1.367,0.787,0.546,0.453,✘,0.861,0.453,0.005,72,6035
Grid (KM-DTW-FW504),Top3/SL15%,0.497,5459.0,1.185,0.605,0.546,0.4,✘,0.852,0.4,0.005,72,6035
Grid (KM-SDP-FW504),Top1/SL15%,0.492,12024.0,1.543,0.963,0.546,0.393,✘,0.823,0.393,0.005,72,6035
Grid (HDB-DTW-FW504),Top5/SL15%,0.467,4354.0,1.1,0.52,0.546,0.344,✘,0.738,0.344,0.003,72,6035
Grid (NOGRP-DTW-FW504),Top1/SL0%,0.461,12089.0,1.574,0.994,0.546,0.337,✘,0.588,0.337,0.004,72,6035
Grid (NOGRP-SSD),Top3/SL0%,0.455,7220.0,1.079,0.499,0.546,0.315,✘,0.008,0.315,0.002,72,6287
Grid (AGG-DTW-FW504),Top5/SL15%,0.44,3704.0,1.036,0.456,0.546,0.295,✘,0.853,0.295,0.002,72,6035
Grid (NOGRP-SDP),Top3/SL0%,0.436,6366.0,1.035,0.455,0.546,0.287,✘,0.01,0.287,0.002,72,6287
Grid (NOGRP-DTW-TW63),Top1/SL0%,0.422,15980.0,1.155,0.575,0.546,0.238,✘,0.091,0.238,0.0,72,6287
Grid (AGG-SSD-FW504),Top3/SL15%,0.399,5030.0,1.127,0.547,0.546,0.223,✘,0.706,0.223,0.001,72,6035
Grid (NOGRP-DTW-KALINN),Top20/SL0%,0.394,168.0,2.719,2.139,0.546,0.154,✘,0.465,0.154,0.0,72,6287
Grid (GICS-SDP),Top3/SL0%,0.366,5015.0,1.0,0.42,0.546,0.173,✘,0.078,0.173,0.0,72,6287
Grid (AGG-SDP-FW504),Top10/SL15%,0.362,2275.0,0.899,0.319,0.546,0.178,✘,0.717,0.178,0.001,72,6035
Grid (HDB-SDP-FW504),Top10/SL15%,0.361,2425.0,0.915,0.335,0.546,0.178,✘,0.644,0.178,0.001,72,6035
Grid (NOGRP-DTW-KAL),Top3/SL15%,0.361,3670.0,0.939,0.359,0.546,0.177,✘,0.258,0.177,0.001,72,6287
Grid (GICS-SSD),Top5/SL0%,0.355,3765.0,0.913,0.333,0.546,0.165,✘,0.001,0.165,0.0,72,6287
Grid (AGG-SSD-NF-NOSEC),Top1/SL15%,0.35,5424.0,1.008,0.428,0.546,0.152,✘,0.451,0.152,0.0,72,6287
Grid (AGG-SSD-RLTHR-E05),Top5/SL5%,0.35,3294.0,0.951,0.371,0.546,0.157,✘,0.877,0.157,0.0,72,6287
Grid (GICS-DTW),Top3/SL0%,0.348,4796.0,0.954,0.374,0.546,0.151,✘,0.237,0.151,0.0,72,6287
Grid (NOGRP-SSD-NF),Top10/SL0%,0.34,3485.0,0.903,0.323,0.546,0.146,✘,0.427,0.146,0.0,72,6287
Grid (AGG-DTW),Top1/SL15%,0.319,4804.0,0.972,0.392,0.546,0.124,✘,0.153,0.124,0.0,72,6287
Grid (AGG-SDP),Top1/SL5%,0.309,3605.0,0.893,0.313,0.546,0.108,✘,0.295,0.108,0.0,72,6287
Grid (NOGRP-SSD-FW504),Top10/SL0%,0.308,2660.0,0.906,0.326,0.546,0.12,✘,0.585,0.12,0.0,72,6035
Grid (NOGRP-SDP-FW504),Top1/SL0%,0.297,6936.0,1.314,0.734,0.546,0.107,✘,0.497,0.107,0.0,72,6035
Grid (AGG-SSD-RLTHR-E20D),Top5/SL5%,0.285,2494.0,0.871,0.291,0.546,0.091,✘,0.825,0.091,0.0,72,6287
Grid (AGG-SSD-RLTHR-E10),Top5/SL0%,0.271,2359.0,0.861,0.281,0.546,0.081,✘,0.785,0.081,0.0,72,6287
Grid (HDB-DTW),Top1/SL0%,0.266,5504.0,0.987,0.407,0.546,0.073,✘,0.181,0.073,0.0,72,6287
Grid (AGG-SSD-NOSEC),Top1/SL15%,0.258,3705.0,0.905,0.325,0.546,0.067,✘,0.116,0.067,0.0,72,6287
Grid (HDB-SDP),Top1/SL0%,0.235,5129.0,0.989,0.409,0.546,0.048,✘,0.055,0.048,0.0,72,6287
F09GI (HDB-STRUCT),Top10/SL0%,0.207,1552.0,0.74,0.16,0.546,0.043,✘,0.234,0.043,0.0,72,6287
Grid (HAN2-B1),Top20/SL0%,0.205,1395.0,0.74,0.16,0.546,0.04,✘,0.384,0.04,0.0,72,6287
Grid (AGG-SSD),Top5/SL0%,0.203,1805.0,0.768,0.188,0.546,0.041,✘,0.041,0.041,0.0,72,6287
Grid (HDB-SSD),Top10/SL0%,0.192,1399.0,0.726,0.146,0.546,0.037,✘,0.141,0.037,0.0,72,6287
Grid (AGG-SSD-NF),Top20/SL0%,0.189,1276.0,0.73,0.15,0.546,0.034,✘,0.358,0.034,0.0,72,6287
HSU25 (SSD),Top5/SL0%,0.188,1973.0,0.75,0.17,0.546,0.035,✘,0.452,0.035,0.0,72,6287
Grid (AGG-SSD-CHARS),Top1/SL0%,0.176,2947.0,0.857,0.277,0.546,0.028,✘,0.028,0.028,0.0,72,6287
HSU25 (SDP),Top5/SL0%,0.175,1805.0,0.737,0.157,0.546,0.031,✘,0.352,0.031,0.0,72,6287
F09GI (AGG-STRUCT),Top5/SL0%,0.164,1434.0,0.733,0.153,0.546,0.027,✘,0.132,0.027,0.0,72,6287
Grid (KM-DTW),Top20/SL0%,0.088,443.0,0.635,0.055,0.546,0.011,✘,0.045,0.011,0.0,72,6287
Grid (KM-SSD),Top20/SL0%,0.079,394.0,0.631,0.051,0.546,0.01,✘,0.013,0.01,0.0,72,6287
Grid (KM-SDP),Top20/SL0%,0.063,294.0,0.617,0.037,0.546,0.008,✘,0.047,0.008,0.0,72,6287
Grid (HAN3-REV),Top1/SL15%,0.052,159.0,0.606,0.026,0.546,0.007,✘,0.205,0.007,0.0,72,6287
F09GI (KM-STRUCT),Top3/SL0%,0.041,208.0,0.605,0.025,0.546,0.006,✘,0.017,0.006,0.0,72,6287
HSU25 (DTW),Top5/SL0%,0.018,-47.0,0.575,-0.005,0.546,0.004,✘,0.127,0.004,0.0,72,6287
HSU25 (SSD-REV),Top5/SL0%,-0.086,-751.0,0.494,-0.086,0.546,0.001,✘,0.023,0.001,0.0,72,6287
HSU25 (SDP-REV),Top5/SL0%,-0.115,-963.0,0.465,-0.115,0.546,0.0,✘,0.016,0.0,0.0,72,6287
HSU25 (DTW-REV),Top5/SL0%,-0.27,-2009.0,0.308,-0.272,0.546,0.0,✘,0.007,0.0,0.0,72,6287
Grid (GGR),Top20/SL0%,-0.33,-1257.0,0.414,-0.166,0.546,0.0,✘,0.023,0.0,0.0,72,6287
Grid (GGR-DTW),Top20/SL0%,-0.338,-1285.0,0.41,-0.17,0.546,0.0,✘,0.048,0.0,0.0,72,6287
Grid (GGR-SDP),Top20/SL0%,-0.348,-1306.0,0.407,-0.173,0.546,0.0,✘,0.043,0.0,0.0,72,6287
