Dataset,ReEntry,Method,Top_N,Stop_Loss,Z_Window,Final_Equity,Cum_Ret,Ann_Ret,Sharpe,MDD,Entries,Stop_Losses,Gross_Profit,Gross_Loss,Total_Trades,Win_Rate,Profit_Factor,_path
Current,NoReEntry,HDBSCAN (AE PCA),10,0.0,0,9326.571,-0.06705314,-0.01720208,-1.7921785071421321,-0.06893521,969,605,1102.23974609375,-1775.66845703125,1968,0.21747967479674796,0.6207463683488474,current/HDBSCAN_AE_PCA_NoReEntry/HDBSCAN_AE_PCA_TradeLogs_Top10_SL0_ZWin0.csv
Current,NoReEntry,HDBSCAN (AE PCA),10,0.0,20,8527.884,-0.14659834,-0.03885621,-2.227328354444086,-0.14752984,1862,229,2819.48876953125,-4291.6044921875,3730,0.3002680965147453,0.6569777747842069,current/HDBSCAN_AE_PCA_NoReEntry/HDBSCAN_AE_PCA_TradeLogs_Top10_SL0_ZWin20.csv
Current,NoReEntry,HDBSCAN (AE PCA),10,0.0,60,9374.788,-0.06225735,-0.0159415,-1.1286714741819086,-0.08948209,837,333,1819.4935302734375,-2444.70556640625,1696,0.26297169811320753,0.7442587587134746,current/HDBSCAN_AE_PCA_NoReEntry/HDBSCAN_AE_PCA_TradeLogs_Top10_SL0_ZWin60.csv
Current,NoReEntry,HDBSCAN (AE PCA),10,0.15,20,8538.0,-0.14558595,-0.038571298,-2.211676981041718,-0.14651823,1858,231,2810.29296875,-4272.2919921875,3722,0.30037614185921546,0.657795153956945,current/HDBSCAN_AE_PCA_NoReEntry/HDBSCAN_AE_PCA_TradeLogs_Top10_SL15_ZWin20.csv
Current,NoReEntry,HDBSCAN (AE PCA),10,0.15,0,9326.571,-0.06705314,-0.01720208,-1.7921785071421321,-0.06893521,969,605,1102.23974609375,-1775.66845703125,1968,0.21747967479674796,0.6207463683488474,current/HDBSCAN_AE_PCA_NoReEntry/HDBSCAN_AE_PCA_TradeLogs_Top10_SL15_ZWin0.csv
Current,NoReEntry,HDBSCAN (AE PCA),10,0.15,60,9381.964,-0.06153989,-0.015753329,-1.1349269579825838,-0.08876211,835,336,1804.9615478515625,-2422.998046875,1692,0.2624113475177305,0.7449290147713762,current/HDBSCAN_AE_PCA_NoReEntry/HDBSCAN_AE_PCA_TradeLogs_Top10_SL15_ZWin60.csv
Current,NoReEntry,HDBSCAN (AE PCA),10,0.05,60,9414.169,-0.05759561,-0.014720798,-1.1934685309953206,-0.08104424,814,399,1662.93701171875,-2248.767333984375,1652,0.25907990314769974,0.7394882461105264,current/HDBSCAN_AE_PCA_NoReEntry/HDBSCAN_AE_PCA_TradeLogs_Top10_SL5_ZWin60.csv
Current,NoReEntry,HDBSCAN (AE PCA),10,0.05,0,9340.722,-0.06563747,-0.01682949,-1.8071380493284679,-0.067817196,967,607,1104.3170166015625,-1763.595703125,1964,0.21792260692464357,0.6261735695118615,current/HDBSCAN_AE_PCA_NoReEntry/HDBSCAN_AE_PCA_TradeLogs_Top10_SL5_ZWin0.csv
Current,NoReEntry,HDBSCAN (AE PCA),10,0.05,20,8749.137,-0.12445706,-0.032681763,-2.474385509612122,-0.1254086,1568,365,2192.8310546875,-3443.69384765625,3150,0.2914285714285714,0.6367671319504558,current/HDBSCAN_AE_PCA_NoReEntry/HDBSCAN_AE_PCA_TradeLogs_Top10_SL5_ZWin20.csv
Current,NoReEntry,HDBSCAN (AE PCA),5,0.0,0,9407.3545,-0.05805713,-0.014841437,-1.3341501198695631,-0.05925485,480,308,1120.748779296875,-1713.3941650390625,971,0.2121524201853759,0.6541103046602962,current/HDBSCAN_AE_PCA_NoReEntry/HDBSCAN_AE_PCA_TradeLogs_Top5_SL0_ZWin0.csv
Current,NoReEntry,HDBSCAN (AE PCA),5,0.0,20,8489.409,-0.15112084,-0.040132105,-1.786892995986068,-0.15492931,983,156,2923.93896484375,-4434.52978515625,1965,0.2916030534351145,0.659357159947619,current/HDBSCAN_AE_PCA_NoReEntry/HDBSCAN_AE_PCA_TradeLogs_Top5_SL0_ZWin20.csv
Current,NoReEntry,HDBSCAN (AE PCA),5,0.0,60,9132.002,-0.087587655,-0.022655249,-1.2438450660549916,-0.11495469,402,150,1716.88525390625,-2584.88330078125,815,0.26012269938650306,0.6642022304787771,current/HDBSCAN_AE_PCA_NoReEntry/HDBSCAN_AE_PCA_TradeLogs_Top5_SL0_ZWin60.csv
Current,NoReEntry,HDBSCAN (AE PCA),20,0.0,0,9386.644,-0.060557306,-0.015495777,-1.5232974169985982,-0.06835058,2020,1233,1270.42236328125,-1883.77880859375,4115,0.21992709599027946,0.6744010270662437,current/HDBSCAN_AE_PCA_NoReEntry/HDBSCAN_AE_PCA_TradeLogs_Top20_SL0_ZWin0.csv
Current,NoReEntry,HDBSCAN (AE PCA),20,0.0,20,8498.419,-0.14885008,-0.03949082,-2.6436478774511567,-0.15118164,3753,489,2874.350341796875,-4375.93017578125,7514,0.3051636944370508,0.6568547089039662,current/HDBSCAN_AE_PCA_NoReEntry/HDBSCAN_AE_PCA_TradeLogs_Top20_SL0_ZWin20.csv
Current,NoReEntry,HDBSCAN (AE PCA),20,0.0,60,9424.773,-0.05739379,-0.014668047,-1.0762111011182582,-0.080696255,2014,836,1997.508056640625,-2572.734130859375,4083,0.2733284349742836,0.776414489426233,current/HDBSCAN_AE_PCA_NoReEntry/HDBSCAN_AE_PCA_TradeLogs_Top20_SL0_ZWin60.csv
Current,NoReEntry,HDBSCAN (AE PCA),5,0.15,0,9407.3545,-0.05805713,-0.014841437,-1.3341501198695631,-0.05925485,480,308,1120.748779296875,-1713.3941650390625,971,0.2121524201853759,0.6541103046602962,current/HDBSCAN_AE_PCA_NoReEntry/HDBSCAN_AE_PCA_TradeLogs_Top5_SL15_ZWin0.csv
Current,NoReEntry,HDBSCAN (AE PCA),5,0.15,60,9154.464,-0.0853436,-0.022054851,-1.261930450147774,-0.11269954,401,152,1695.962890625,-2541.4990234375,813,0.25953259532595324,0.6673081024171036,current/HDBSCAN_AE_PCA_NoReEntry/HDBSCAN_AE_PCA_TradeLogs_Top5_SL15_ZWin60.csv
Current,NoReEntry,HDBSCAN (AE PCA),5,0.15,20,8508.262,-0.14923567,-0.039599657,-1.7664207726852386,-0.15304403,979,158,2906.341796875,-4398.0810546875,1957,0.2917731221257026,0.660820426166863,current/HDBSCAN_AE_PCA_NoReEntry/HDBSCAN_AE_PCA_TradeLogs_Top5_SL15_ZWin20.csv
Current,NoReEntry,HDBSCAN (AE PCA),5,0.05,0,9409.814,-0.057810962,-0.014777064,-1.3403122472561546,-0.059008893,480,308,1121.7147216796875,-1711.90087890625,971,0.2121524201853759,0.655245134517579,current/HDBSCAN_AE_PCA_NoReEntry/HDBSCAN_AE_PCA_TradeLogs_Top5_SL5_ZWin0.csv
Current,NoReEntry,HDBSCAN (AE PCA),5,0.05,20,8856.061,-0.114457965,-0.029931724,-1.8382770575595846,-0.11593462,821,216,2257.126953125,-3401.06689453125,1645,0.2838905775075988,0.6636526193455208,current/HDBSCAN_AE_PCA_NoReEntry/HDBSCAN_AE_PCA_TradeLogs_Top5_SL5_ZWin20.csv
Current,NoReEntry,HDBSCAN (AE PCA),5,0.05,60,9297.897,-0.07101238,-0.018246472,-1.1637852431588303,-0.094919026,377,170,1572.978515625,-2275.08154296875,766,0.2584856396866841,0.69139434605602,current/HDBSCAN_AE_PCA_NoReEntry/HDBSCAN_AE_PCA_TradeLogs_Top5_SL5_ZWin60.csv
Current,NoReEntry,HDBSCAN (AE PCA),20,0.15,0,9386.644,-0.060557306,-0.015495777,-1.5232974169985982,-0.06835058,2020,1233,1270.42236328125,-1883.77880859375,4115,0.21992709599027946,0.6744010270662437,current/HDBSCAN_AE_PCA_NoReEntry/HDBSCAN_AE_PCA_TradeLogs_Top20_SL15_ZWin0.csv
Current,NoReEntry,HDBSCAN (AE PCA),20,0.15,20,8532.414,-0.14544535,-0.03853172,-2.622021012930212,-0.14778168,3739,495,2865.34619140625,-4332.93359375,7486,0.3053700240448838,0.6612947393284176,current/HDBSCAN_AE_PCA_NoReEntry/HDBSCAN_AE_PCA_TradeLogs_Top20_SL15_ZWin20.csv
Current,NoReEntry,HDBSCAN (AE PCA),20,0.05,0,9400.549,-0.059165478,-0.015131354,-1.5764741984049941,-0.06748997,2009,1233,1251.2628173828125,-1850.71435546875,4093,0.2154898607378451,0.676097212779166,current/HDBSCAN_AE_PCA_NoReEntry/HDBSCAN_AE_PCA_TradeLogs_Top20_SL5_ZWin0.csv
Current,NoReEntry,HDBSCAN (AE PCA),20,0.15,60,9445.584,-0.055312753,-0.014124632,-1.0601926213194592,-0.078614175,2010,843,1987.1865234375,-2541.60302734375,4075,0.27312883435582824,0.7818634547009982,current/HDBSCAN_AE_PCA_NoReEntry/HDBSCAN_AE_PCA_TradeLogs_Top20_SL15_ZWin60.csv
Current,NoReEntry,HDBSCAN (AE PCA),20,0.05,20,8696.245,-0.12927908,-0.03401643,-3.0865469141572484,-0.1308165,3033,651,2166.228759765625,-3469.984375,6099,0.2975897688145598,0.6242762288419886,current/HDBSCAN_AE_PCA_NoReEntry/HDBSCAN_AE_PCA_TradeLogs_Top20_SL5_ZWin20.csv
Current,NoReEntry,HDBSCAN (AE PCA),20,0.05,60,9377.091,-0.06180334,-0.01582241,-1.3504164026363534,-0.07855776,1910,929,1746.8369140625,-2369.745849609375,3882,0.2660999484801649,0.7371410374451951,current/HDBSCAN_AE_PCA_NoReEntry/HDBSCAN_AE_PCA_TradeLogs_Top20_SL5_ZWin60.csv
Current,NoReEntry,HDBSCAN (AE UMAP),10,0.0,0,9447.149,-0.05315119,-0.013561189,-1.5002385985955349,-0.062559135,1001,529,1130.5677490234375,-1683.4178466796875,2004,0.2250499001996008,0.6715906875131022,current/HDBSCAN_AE_UMAP_NoReEntry/HDBSCAN_AE_UMAP_TradeLogs_Top10_SL0_ZWin0.csv
Current,NoReEntry,HDBSCAN (AE UMAP),10,0.0,20,8379.57,-0.16026849,-0.042728543,-2.7628429427741406,-0.16338305,1863,264,2388.928466796875,-4009.358642578125,3732,0.2920685959271168,0.5958380578447654,current/HDBSCAN_AE_UMAP_NoReEntry/HDBSCAN_AE_UMAP_TradeLogs_Top10_SL0_ZWin20.csv
Current,NoReEntry,HDBSCAN (AE UMAP),10,0.0,60,9018.838,-0.099537194,-0.025871038,-1.8005870524091088,-0.102551,973,399,1599.872802734375,-2581.035400390625,1969,0.25038090401218893,0.6198569777432125,current/HDBSCAN_AE_UMAP_NoReEntry/HDBSCAN_AE_UMAP_TradeLogs_Top10_SL0_ZWin60.csv
Current,NoReEntry,HDBSCAN (AE UMAP),10,0.15,60,9109.931,-0.090442,-0.023420513,-1.80804287216785,-0.09343839,969,403,1591.5570068359375,-2481.626953125,1961,0.24987251402345742,0.6413361221886159,current/HDBSCAN_AE_UMAP_NoReEntry/HDBSCAN_AE_UMAP_TradeLogs_Top10_SL15_ZWin60.csv
Current,NoReEntry,HDBSCAN (AE UMAP),10,0.15,0,9447.149,-0.05315119,-0.013561189,-1.5002385985955349,-0.062559135,1001,529,1130.5677490234375,-1683.4178466796875,2004,0.2250499001996008,0.6715906875131022,current/HDBSCAN_AE_UMAP_NoReEntry/HDBSCAN_AE_UMAP_TradeLogs_Top10_SL15_ZWin0.csv
Current,NoReEntry,HDBSCAN (AE UMAP),10,0.15,20,8433.341,-0.15488029,-0.041196644,-2.770994048829904,-0.15800601,1852,269,2372.47314453125,-3939.131591796875,3710,0.2921832884097035,0.6022832924576207,current/HDBSCAN_AE_UMAP_NoReEntry/HDBSCAN_AE_UMAP_TradeLogs_Top10_SL15_ZWin20.csv
Current,NoReEntry,HDBSCAN (AE UMAP),10,0.05,0,9462.959,-0.0515669,-0.013148785,-1.5051806114615713,-0.06165725,999,530,1131.73681640625,-1668.77734375,2000,0.2255,0.6781832343571149,current/HDBSCAN_AE_UMAP_NoReEntry/HDBSCAN_AE_UMAP_TradeLogs_Top10_SL5_ZWin0.csv
Current,NoReEntry,HDBSCAN (AE UMAP),10,0.05,20,8633.427,-0.13330346,-0.035134554,-3.103676494263887,-0.13928747,1576,386,1857.231201171875,-3223.8037109375,3164,0.2838179519595449,0.576099343415602,current/HDBSCAN_AE_UMAP_NoReEntry/HDBSCAN_AE_UMAP_TradeLogs_Top10_SL5_ZWin20.csv
Current,NoReEntry,HDBSCAN (AE UMAP),10,0.05,60,9292.442,-0.071959734,-0.018496811,-1.6221009272350226,-0.076876834,912,428,1513.891357421875,-2221.44970703125,1851,0.2506753106428957,0.6814880177706307,current/HDBSCAN_AE_UMAP_NoReEntry/HDBSCAN_AE_UMAP_TradeLogs_Top10_SL5_ZWin60.csv
Current,NoReEntry,HDBSCAN (AE UMAP),5,0.0,0,9492.477,-0.047923326,-0.012202382,-1.3350212964521226,-0.0657655,370,205,947.6821899414062,-1455.205078125,750,0.216,0.651236175702791,current/HDBSCAN_AE_UMAP_NoReEntry/HDBSCAN_AE_UMAP_TradeLogs_Top5_SL0_ZWin0.csv
Current,NoReEntry,HDBSCAN (AE UMAP),5,0.0,60,8876.25,-0.11070597,-0.028905809,-1.8075298581732948,-0.1148383,413,153,1464.48486328125,-2588.23486328125,833,0.2545018007202881,0.5658237913636016,current/HDBSCAN_AE_UMAP_NoReEntry/HDBSCAN_AE_UMAP_TradeLogs_Top5_SL0_ZWin60.csv
Current,NoReEntry,HDBSCAN (AE UMAP),5,0.0,20,8529.1045,-0.14373577,-0.038051188,-2.143540080261057,-0.1503609,888,84,2440.64501953125,-3911.541748046875,1777,0.297129994372538,0.6239598543847631,current/HDBSCAN_AE_UMAP_NoReEntry/HDBSCAN_AE_UMAP_TradeLogs_Top5_SL0_ZWin20.csv
Current,NoReEntry,HDBSCAN (AE UMAP),20,0.0,60,9248.554,-0.07564592,-0.019472897,-1.6093738036347254,-0.080187164,2143,930,1730.7344970703125,-2482.18115234375,4351,0.2622385658469317,0.6972635721756654,current/HDBSCAN_AE_UMAP_NoReEntry/HDBSCAN_AE_UMAP_TradeLogs_Top20_SL0_ZWin60.csv
Current,NoReEntry,HDBSCAN (AE UMAP),20,0.0,0,9559.482,-0.042880893,-0.01089704,-1.082955163418882,-0.058801245,2385,1356,1405.260009765625,-1845.777587890625,4814,0.23847112588284172,0.7613376709008433,current/HDBSCAN_AE_UMAP_NoReEntry/HDBSCAN_AE_UMAP_TradeLogs_Top20_SL0_ZWin0.csv
Current,NoReEntry,HDBSCAN (AE UMAP),20,0.0,20,8570.1875,-0.1413464,-0.037380874,-2.918612713131103,-0.14583287,3656,561,2501.37060546875,-3931.182861328125,7329,0.30113248737890574,0.6362895580552256,current/HDBSCAN_AE_UMAP_NoReEntry/HDBSCAN_AE_UMAP_TradeLogs_Top20_SL0_ZWin20.csv
Current,NoReEntry,HDBSCAN (AE UMAP),5,0.15,0,9492.477,-0.047923326,-0.012202382,-1.3350212964521226,-0.0657655,370,205,947.6821899414062,-1455.205078125,750,0.216,0.651236175702791,current/HDBSCAN_AE_UMAP_NoReEntry/HDBSCAN_AE_UMAP_TradeLogs_Top5_SL15_ZWin0.csv
Current,NoReEntry,HDBSCAN (AE UMAP),20,0.15,0,9559.482,-0.042880893,-0.01089704,-1.082955163418882,-0.058801245,2385,1356,1405.260009765625,-1845.777587890625,4814,0.23847112588284172,0.7613376709008433,current/HDBSCAN_AE_UMAP_NoReEntry/HDBSCAN_AE_UMAP_TradeLogs_Top20_SL15_ZWin0.csv
Current,NoReEntry,HDBSCAN (AE UMAP),5,0.15,20,8486.107,-0.14805287,-0.03926599,-2.242211063183823,-0.1541558,882,87,2396.96728515625,-3910.86083984375,1765,0.29688385269121814,0.6129001729583443,current/HDBSCAN_AE_UMAP_NoReEntry/HDBSCAN_AE_UMAP_TradeLogs_Top5_SL15_ZWin20.csv
Current,NoReEntry,HDBSCAN (AE UMAP),5,0.15,60,8998.264,-0.0984813,-0.025585592,-1.75187190328744,-0.10262935,411,156,1452.6842041015625,-2454.419921875,829,0.25331724969843183,0.5918645750690519,current/HDBSCAN_AE_UMAP_NoReEntry/HDBSCAN_AE_UMAP_TradeLogs_Top5_SL15_ZWin60.csv
Current,NoReEntry,HDBSCAN (AE UMAP),20,0.15,20,8611.305,-0.13722712,-0.03622842,-2.886632014128705,-0.14160998,3640,569,2493.80859375,-3882.504638671875,7297,0.3013567219405235,0.6423195400490443,current/HDBSCAN_AE_UMAP_NoReEntry/HDBSCAN_AE_UMAP_TradeLogs_Top20_SL15_ZWin20.csv
Current,NoReEntry,HDBSCAN (AE UMAP),20,0.15,60,9295.855,-0.07091814,-0.018221557,-1.5857871022725123,-0.07842446,2137,940,1724.090576171875,-2428.234375,4339,0.26204194514865176,0.7100181901394403,current/HDBSCAN_AE_UMAP_NoReEntry/HDBSCAN_AE_UMAP_TradeLogs_Top20_SL15_ZWin60.csv
Current,NoReEntry,HDBSCAN (AE UMAP),20,0.05,20,8792.835,-0.118263304,-0.03097558,-3.3057566173675283,-0.1242175,3113,770,1997.554931640625,-3204.720458984375,6260,0.2952076677316294,0.6233164349921743,current/HDBSCAN_AE_UMAP_NoReEntry/HDBSCAN_AE_UMAP_TradeLogs_Top20_SL5_ZWin20.csv
Current,NoReEntry,HDBSCAN (AE UMAP),5,0.05,20,8716.6,-0.123260856,-0.032351553,-2.3714481095921065,-0.1327686,736,116,1913.4537353515625,-3196.85400390625,1474,0.28968792401628224,0.5985427338919779,current/HDBSCAN_AE_UMAP_NoReEntry/HDBSCAN_AE_UMAP_TradeLogs_Top5_SL5_ZWin20.csv
Current,NoReEntry,HDBSCAN (PCA),10,0.0,0,9921.183,-0.0076740384,-0.0020987988,-0.5524657343307032,-0.009632686,415,263,310.7958984375,-389.6128845214844,844,0.22393364928909953,0.7977043644724788,current/HDBSCAN_PCA_NoReEntry/HDBSCAN_PCA_TradeLogs_Top10_SL0_ZWin0.csv
Current,NoReEntry,HDBSCAN (AE UMAP),5,0.05,0,9493.839,-0.04778737,-0.012167096,-1.3646149982747242,-0.06476217,370,205,948.59814453125,-1454.759521484375,750,0.216,0.652065259255592,current/HDBSCAN_AE_UMAP_NoReEntry/HDBSCAN_AE_UMAP_TradeLogs_Top5_SL5_ZWin0.csv
Current,NoReEntry,HDBSCAN (AE UMAP),20,0.05,60,9404.296,-0.059947968,-0.0153362155,-1.5364573058660074,-0.0681957,2060,1027,1625.7969970703125,-2221.50048828125,4190,0.26085918854415274,0.7318463379353896,current/HDBSCAN_AE_UMAP_NoReEntry/HDBSCAN_AE_UMAP_TradeLogs_Top20_SL5_ZWin60.csv
Current,NoReEntry,HDBSCAN (AE UMAP),20,0.05,0,9579.479,-0.04087907,-0.010380268,-1.1016359596336285,-0.057205,2381,1364,1389.8001708984375,-1810.3216552734375,4806,0.2363712026633375,0.7677089686520471,current/HDBSCAN_AE_UMAP_NoReEntry/HDBSCAN_AE_UMAP_TradeLogs_Top20_SL5_ZWin0.csv
Current,NoReEntry,HDBSCAN (AE UMAP),5,0.05,60,9275.222,-0.0702104,-0.018034637,-1.401556124548746,-0.07569222,389,171,1396.6751708984375,-2121.453125,785,0.2573248407643312,0.6583577805417866,current/HDBSCAN_AE_UMAP_NoReEntry/HDBSCAN_AE_UMAP_TradeLogs_Top5_SL5_ZWin60.csv
Current,NoReEntry,HDBSCAN (PCA),10,0.0,60,9954.082,-0.0036978126,-0.0010098815,-0.3041379321080347,-0.011150891,311,129,435.37689208984375,-481.294921875,634,0.2744479495268139,0.9045948176509498,current/HDBSCAN_PCA_NoReEntry/HDBSCAN_PCA_TradeLogs_Top10_SL0_ZWin60.csv
Current,NoReEntry,HDBSCAN (PCA),10,0.0,20,9748.172,-0.024170876,-0.0066508055,-1.2946703062753842,-0.025284605,661,111,642.19384765625,-894.0219116210938,1321,0.29295987887963665,0.7183200314316524,current/HDBSCAN_PCA_NoReEntry/HDBSCAN_PCA_TradeLogs_Top10_SL0_ZWin20.csv
Current,NoReEntry,HDBSCAN (PCA),10,0.15,0,9921.183,-0.0076740384,-0.0020987988,-0.5524657343307032,-0.009632686,415,263,310.7958984375,-389.6128845214844,844,0.22393364928909953,0.7977043644724788,current/HDBSCAN_PCA_NoReEntry/HDBSCAN_PCA_TradeLogs_Top10_SL15_ZWin0.csv
Current,NoReEntry,HDBSCAN (PCA),10,0.15,20,9748.172,-0.024170876,-0.0066508055,-1.2946703062753842,-0.025284605,661,111,642.19384765625,-894.0219116210938,1321,0.29295987887963665,0.7183200314316524,current/HDBSCAN_PCA_NoReEntry/HDBSCAN_PCA_TradeLogs_Top10_SL15_ZWin20.csv
Current,NoReEntry,HDBSCAN (PCA),10,0.15,60,9955.607,-0.0035452843,-0.00096815825,-0.29400315508809227,-0.011152101,311,130,435.4703674316406,-479.86279296875,634,0.2744479495268139,0.9074893361444667,current/HDBSCAN_PCA_NoReEntry/HDBSCAN_PCA_TradeLogs_Top10_SL15_ZWin60.csv
Current,NoReEntry,HDBSCAN (PCA),10,0.05,0,9921.183,-0.0076740384,-0.0020987988,-0.5524657343307032,-0.009632686,415,263,310.7958984375,-389.6128845214844,844,0.22393364928909953,0.7977043644724788,current/HDBSCAN_PCA_NoReEntry/HDBSCAN_PCA_TradeLogs_Top10_SL5_ZWin0.csv
Current,NoReEntry,HDBSCAN (PCA),10,0.05,20,9713.281,-0.02766323,-0.007621646,-1.671142859607401,-0.028773658,621,125,559.1629638671875,-845.8814697265625,1243,0.28801287208366855,0.6610417462483734,current/HDBSCAN_PCA_NoReEntry/HDBSCAN_PCA_TradeLogs_Top10_SL5_ZWin20.csv
Current,NoReEntry,HDBSCAN (PCA),10,0.05,60,9969.67,-0.002137363,-0.00058335066,-0.20354362454879865,-0.010376851,307,134,424.6767578125,-455.0067138671875,626,0.2715654952076677,0.9333417395165282,current/HDBSCAN_PCA_NoReEntry/HDBSCAN_PCA_TradeLogs_Top10_SL5_ZWin60.csv
Current,NoReEntry,HDBSCAN (PCA),5,0.0,0,9908.217,-0.00857836,-0.0023468733,-0.5552144069954312,-0.010071164,158,87,259.4735107421875,-351.25653076171875,323,0.19814241486068113,0.7387008867265904,current/HDBSCAN_PCA_NoReEntry/HDBSCAN_PCA_TradeLogs_Top5_SL0_ZWin0.csv
Current,NoReEntry,HDBSCAN (PCA),5,0.0,20,9766.68,-0.022338986,-0.0061426163,-0.9227567395714303,-0.023511415,341,59,674.461181640625,-907.7818603515625,681,0.2745961820851689,0.7429771524399288,current/HDBSCAN_PCA_NoReEntry/HDBSCAN_PCA_TradeLogs_Top5_SL0_ZWin20.csv
Current,NoReEntry,HDBSCAN (PCA),5,0.0,60,10003.483,0.0020614862,0.0005618334,0.01730163710909441,-0.01138716,162,60,512.0907592773438,-508.6070861816406,328,0.2896341463414634,1.0068494387717968,current/HDBSCAN_PCA_NoReEntry/HDBSCAN_PCA_TradeLogs_Top5_SL0_ZWin60.csv
Current,NoReEntry,HDBSCAN (PCA),20,0.0,60,9880.177,-0.011574447,-0.0031700134,-0.8961993345994814,-0.01474179,653,276,417.62127685546875,-537.444580078125,1319,0.2714177407126611,0.7770499365623181,current/HDBSCAN_PCA_NoReEntry/HDBSCAN_PCA_TradeLogs_Top20_SL0_ZWin60.csv
Current,NoReEntry,HDBSCAN (PCA),20,0.0,0,9905.223,-0.0093230605,-0.0025513172,-0.8553129587698919,-0.011070099,876,566,329.3595886230469,-424.1365966796875,1773,0.2222222222222222,0.7765413105150716,current/HDBSCAN_PCA_NoReEntry/HDBSCAN_PCA_TradeLogs_Top20_SL0_ZWin0.csv
Current,NoReEntry,HDBSCAN (PCA),20,0.15,60,9880.913,-0.011500537,-0.0031496882,-0.8904488850773352,-0.0147439055,653,277,417.6632080078125,-536.7501220703125,1319,0.2714177407126611,0.7781334196941272,current/HDBSCAN_PCA_NoReEntry/HDBSCAN_PCA_TradeLogs_Top20_SL15_ZWin60.csv
Current,NoReEntry,HDBSCAN (PCA),20,0.0,20,9729.565,-0.026469171,-0.0072894096,-1.6109996136309055,-0.027254784,1277,186,646.2200927734375,-916.6547241210938,2552,0.30250783699059564,0.7049765585324897,current/HDBSCAN_PCA_NoReEntry/HDBSCAN_PCA_TradeLogs_Top20_SL0_ZWin20.csv
Current,NoReEntry,HDBSCAN (PCA),20,0.15,0,9905.223,-0.0093230605,-0.0025513172,-0.8553129587698919,-0.011070099,876,566,329.3595886230469,-424.1365966796875,1773,0.2222222222222222,0.7765413105150716,current/HDBSCAN_PCA_NoReEntry/HDBSCAN_PCA_TradeLogs_Top20_SL15_ZWin0.csv
Current,NoReEntry,HDBSCAN (PCA),20,0.05,0,9892.232,-0.010622561,-0.002908349,-0.9768726160961279,-0.011143654,876,567,319.69000244140625,-427.4573059082031,1773,0.22165820642978004,0.7478875621558799,current/HDBSCAN_PCA_NoReEntry/HDBSCAN_PCA_TradeLogs_Top20_SL5_ZWin0.csv
Current,NoReEntry,HDBSCAN (PCA),20,0.15,20,9730.66,-0.026359558,-0.0072589517,-1.613882561850083,-0.0271453,1275,187,645.3458862304688,-914.6854248046875,2548,0.3025902668759812,0.7055386133087987,current/HDBSCAN_PCA_NoReEntry/HDBSCAN_PCA_TradeLogs_Top20_SL15_ZWin20.csv
Current,NoReEntry,HDBSCAN (PCA),5,0.15,0,9908.217,-0.00857836,-0.0023468733,-0.5552144069954312,-0.010071164,158,87,259.4735107421875,-351.25653076171875,323,0.19814241486068113,0.7387008867265904,current/HDBSCAN_PCA_NoReEntry/HDBSCAN_PCA_TradeLogs_Top5_SL15_ZWin0.csv
Current,NoReEntry,HDBSCAN (PCA),5,0.15,60,10006.637,0.00237751,0.0006479025,0.03295467742638467,-0.011379975,162,61,512.3619384765625,-505.7250061035156,328,0.2896341463414634,1.0131235993730718,current/HDBSCAN_PCA_NoReEntry/HDBSCAN_PCA_TradeLogs_Top5_SL15_ZWin60.csv
Current,NoReEntry,HDBSCAN (PCA),5,0.15,20,9766.68,-0.022338986,-0.0061426163,-0.9227567395714303,-0.023511415,341,59,674.461181640625,-907.7818603515625,681,0.2745961820851689,0.7429771524399288,current/HDBSCAN_PCA_NoReEntry/HDBSCAN_PCA_TradeLogs_Top5_SL15_ZWin20.csv
Current,NoReEntry,HDBSCAN (PCA),20,0.05,60,9887.216,-0.010870099,-0.002976358,-0.9222103008376258,-0.01479122,639,292,395.91021728515625,-508.69427490234375,1292,0.26857585139318885,0.7782871497053134,current/HDBSCAN_PCA_NoReEntry/HDBSCAN_PCA_TradeLogs_Top20_SL5_ZWin60.csv
Current,NoReEntry,HDBSCAN (PCA),20,0.05,20,9720.137,-0.027412713,-0.0075519085,-1.8388691045120038,-0.028197708,1203,216,577.846435546875,-857.7101440429688,2408,0.3010797342192691,0.673708291268532,current/HDBSCAN_PCA_NoReEntry/HDBSCAN_PCA_TradeLogs_Top20_SL5_ZWin20.csv
Current,NoReEntry,HDBSCAN (PCA),5,0.05,0,9908.217,-0.00857836,-0.0023468733,-0.5552144069954312,-0.010071164,158,87,259.4735107421875,-351.25653076171875,323,0.19814241486068113,0.7387008867265904,current/HDBSCAN_PCA_NoReEntry/HDBSCAN_PCA_TradeLogs_Top5_SL5_ZWin0.csv
Current,NoReEntry,HDBSCAN (PCA),5,0.05,20,9745.741,-0.024435222,-0.0067242384,-1.1025650131500127,-0.02560527,322,66,591.9708251953125,-846.2298583984375,644,0.2717391304347826,0.6995390428738452,current/HDBSCAN_PCA_NoReEntry/HDBSCAN_PCA_TradeLogs_Top5_SL5_ZWin20.csv
Current,NoReEntry,HDBSCAN (PCA),5,0.05,60,10035.003,0.0052187443,0.0014206171,0.17866744830786657,-0.010267988,159,63,497.4798278808594,-462.47698974609375,322,0.2857142857142857,1.075685577684595,current/HDBSCAN_PCA_NoReEntry/HDBSCAN_PCA_TradeLogs_Top5_SL5_ZWin60.csv
Current,NoReEntry,HDBSCAN (UMAP),10,0.0,60,9163.37,-0.085416734,-0.022074401,-1.3879299788001433,-0.087451085,987,435,1797.4501953125,-2634.080078125,1997,0.2689033550325488,0.682382517615777,current/HDBSCAN_UMAP_NoReEntry/HDBSCAN_UMAP_TradeLogs_Top10_SL0_ZWin60.csv
Current,NoReEntry,HDBSCAN (UMAP),10,0.0,0,9468.977,-0.049981356,-0.0127366185,-1.5232059372023752,-0.05569977,986,466,1199.074462890625,-1730.09765625,1999,0.2176088044022011,0.6930675031891715,current/HDBSCAN_UMAP_NoReEntry/HDBSCAN_UMAP_TradeLogs_Top10_SL0_ZWin0.csv
Current,NoReEntry,HDBSCAN (UMAP),10,0.15,0,9468.977,-0.049981356,-0.0127366185,-1.5232059372023752,-0.05569977,986,466,1199.074462890625,-1730.09765625,1999,0.2176088044022011,0.6930675031891715,current/HDBSCAN_UMAP_NoReEntry/HDBSCAN_UMAP_TradeLogs_Top10_SL15_ZWin0.csv
Current,NoReEntry,HDBSCAN (UMAP),10,0.0,20,8579.439,-0.13927293,-0.036800265,-2.3700494063664403,-0.14310223,1845,163,2687.507080078125,-4108.0673828125,3692,0.2982123510292524,0.6542022877526855,current/HDBSCAN_UMAP_NoReEntry/HDBSCAN_UMAP_TradeLogs_Top10_SL0_ZWin20.csv
Current,NoReEntry,HDBSCAN (UMAP),10,0.15,60,9258.932,-0.07587916,-0.019534767,-1.3547558321996809,-0.0779215,985,442,1799.6192626953125,-2540.6875,1993,0.26793778223783243,0.7083198003277902,current/HDBSCAN_UMAP_NoReEntry/HDBSCAN_UMAP_TradeLogs_Top10_SL15_ZWin60.csv
Current,NoReEntry,HDBSCAN (UMAP),10,0.05,60,9454.891,-0.056423426,-0.014414549,-1.1930522930199425,-0.068055846,950,492,1665.6123046875,-2210.7216796875,1924,0.26403326403326405,0.7534246938415808,current/HDBSCAN_UMAP_NoReEntry/HDBSCAN_UMAP_TradeLogs_Top10_SL5_ZWin60.csv
Current,NoReEntry,HDBSCAN (UMAP),10,0.05,0,9479.419,-0.048934102,-0.0124646425,-1.5057707558610085,-0.05465916,986,468,1197.051025390625,-1717.63232421875,1999,0.21710855427713857,0.6969192466350987,current/HDBSCAN_UMAP_NoReEntry/HDBSCAN_UMAP_TradeLogs_Top10_SL5_ZWin0.csv
Current,NoReEntry,HDBSCAN (UMAP),10,0.15,20,8670.03,-0.13018405,-0.034267485,-2.447655886370164,-0.13410217,1831,170,2624.31591796875,-3954.28466796875,3666,0.29650845608292414,0.6636638831864418,current/HDBSCAN_UMAP_NoReEntry/HDBSCAN_UMAP_TradeLogs_Top10_SL15_ZWin20.csv
Current,NoReEntry,HDBSCAN (UMAP),10,0.05,20,8911.994,-0.103468716,-0.026936114,-2.441099348568469,-0.11049996,1620,299,2243.7490234375,-3331.7548828125,3252,0.29366543665436656,0.6734436062545633,current/HDBSCAN_UMAP_NoReEntry/HDBSCAN_UMAP_TradeLogs_Top10_SL5_ZWin20.csv
Current,NoReEntry,HDBSCAN (UMAP),5,0.0,0,9477.022,-0.048853517,-0.012443721,-1.2869283246255458,-0.06182473,509,217,1273.9658203125,-1796.9442138671875,1033,0.2042594385285576,0.7089623653762793,current/HDBSCAN_UMAP_NoReEntry/HDBSCAN_UMAP_TradeLogs_Top5_SL0_ZWin0.csv
Current,NoReEntry,HDBSCAN (UMAP),5,0.0,60,8868.638,-0.11713946,-0.030666947,-1.3705572044929475,-0.12119907,447,165,1774.639404296875,-2906.00244140625,911,0.270032930845225,0.6106806308937942,current/HDBSCAN_UMAP_NoReEntry/HDBSCAN_UMAP_TradeLogs_Top5_SL0_ZWin60.csv
Current,NoReEntry,HDBSCAN (UMAP),5,0.0,20,8067.788,-0.19131601,-0.05170226,-2.2945351678148778,-0.19357875,915,59,2408.20849609375,-4340.419921875,1832,0.28602620087336245,0.554833066717065,current/HDBSCAN_UMAP_NoReEntry/HDBSCAN_UMAP_TradeLogs_Top5_SL0_ZWin20.csv
Current,NoReEntry,HDBSCAN (UMAP),20,0.0,0,9650.726,-0.032829046,-0.008310258,-0.954793306428918,-0.039557327,2448,1249,1485.80078125,-1835.0753173828125,4973,0.24813995576111,0.8096674655125609,current/HDBSCAN_UMAP_NoReEntry/HDBSCAN_UMAP_TradeLogs_Top20_SL0_ZWin0.csv
Current,NoReEntry,HDBSCAN (UMAP),20,0.0,20,8814.83,-0.11634362,-0.030448556,-2.319612367045998,-0.11913665,3719,523,2823.6396484375,-4008.807861328125,7452,0.30609232420826626,0.7043589381462706,current/HDBSCAN_UMAP_NoReEntry/HDBSCAN_UMAP_TradeLogs_Top20_SL0_ZWin20.csv
Current,NoReEntry,HDBSCAN (UMAP),20,0.0,60,9114.606,-0.09063935,-0.023473501,-1.6311057306340229,-0.09215048,2080,907,1826.370849609375,-2711.763671875,4220,0.2895734597156398,0.6734992685946574,current/HDBSCAN_UMAP_NoReEntry/HDBSCAN_UMAP_TradeLogs_Top20_SL0_ZWin60.csv
Current,NoReEntry,HDBSCAN (UMAP),5,0.15,20,8183.8135,-0.17968589,-0.048310995,-2.6297084075439576,-0.18197618,904,64,2294.04833984375,-4110.234375,1812,0.282560706401766,0.5581307853870864,current/HDBSCAN_UMAP_NoReEntry/HDBSCAN_UMAP_TradeLogs_Top5_SL15_ZWin20.csv
Current,NoReEntry,HDBSCAN (UMAP),5,0.15,0,9477.022,-0.048853517,-0.012443721,-1.2869283246255458,-0.06182473,509,217,1273.9658203125,-1796.9442138671875,1033,0.2042594385285576,0.7089623653762793,current/HDBSCAN_UMAP_NoReEntry/HDBSCAN_UMAP_TradeLogs_Top5_SL15_ZWin0.csv
Current,NoReEntry,HDBSCAN (UMAP),5,0.15,60,9056.639,-0.098424256,-0.025570214,-1.3152005465343315,-0.10235115,447,169,1786.1732177734375,-2729.5341796875,911,0.2678375411635565,0.6543875621949287,current/HDBSCAN_UMAP_NoReEntry/HDBSCAN_UMAP_TradeLogs_Top5_SL15_ZWin60.csv
Current,NoReEntry,HDBSCAN (UMAP),5,0.05,0,9518.414,-0.04469955,-0.011367261,-1.1992299441279812,-0.057793245,509,218,1278.2659912109375,-1759.851806640625,1033,0.2042594385285576,0.7263486541239031,current/HDBSCAN_UMAP_NoReEntry/HDBSCAN_UMAP_TradeLogs_Top5_SL5_ZWin0.csv
Current,NoReEntry,HDBSCAN (UMAP),5,0.05,20,8500.559,-0.14496702,-0.038397193,-2.7538058941603523,-0.1502979,786,129,1932.19384765625,-3431.63525390625,1580,0.2772151898734177,0.5630533855417247,current/HDBSCAN_UMAP_NoReEntry/HDBSCAN_UMAP_TradeLogs_Top5_SL5_ZWin20.csv
Current,NoReEntry,HDBSCAN (UMAP),5,0.05,60,9347.886,-0.06943083,-0.017828882,-1.1602068235630467,-0.07312861,437,207,1673.831787109375,-2325.9462890625,891,0.25925925925925924,0.7196347546718427,current/HDBSCAN_UMAP_NoReEntry/HDBSCAN_UMAP_TradeLogs_Top5_SL5_ZWin60.csv
Current,NoReEntry,HDBSCAN (UMAP),20,0.15,0,9650.726,-0.032829046,-0.008310258,-0.954793306428918,-0.039557327,2448,1249,1485.80078125,-1835.0753173828125,4973,0.24813995576111,0.8096674655125609,current/HDBSCAN_UMAP_NoReEntry/HDBSCAN_UMAP_TradeLogs_Top20_SL15_ZWin0.csv
Current,NoReEntry,HDBSCAN (UMAP),20,0.15,20,8898.6045,-0.10794556,-0.028153121,-2.298521764383961,-0.110755764,3696,536,2794.16259765625,-3895.55908203125,7409,0.30557430152517207,0.7172686997726904,current/HDBSCAN_UMAP_NoReEntry/HDBSCAN_UMAP_TradeLogs_Top20_SL15_ZWin20.csv
Current,NoReEntry,HDBSCAN (UMAP),20,0.05,60,9445.994,-0.057627857,-0.014729202,-1.447213830638269,-0.06141095,2015,1041,1712.218017578125,-2266.22412109375,4099,0.2822639668211759,0.7555378135997226,current/HDBSCAN_UMAP_NoReEntry/HDBSCAN_UMAP_TradeLogs_Top20_SL5_ZWin60.csv
Current,NoReEntry,HDBSCAN (UMAP),20,0.05,0,9662.086,-0.031691074,-0.008018732,-0.9332142620265572,-0.03865009,2474,1278,1474.28369140625,-1812.197021484375,5024,0.2448248407643312,0.8135338894877229,current/HDBSCAN_UMAP_NoReEntry/HDBSCAN_UMAP_TradeLogs_Top20_SL5_ZWin0.csv
Current,NoReEntry,HDBSCAN (UMAP),20,0.05,20,9076.6045,-0.08815688,-0.022807717,-2.4996297728197256,-0.092539966,3358,904,2380.02783203125,-3303.423828125,6751,0.29891867871426453,0.7204730473177391,current/HDBSCAN_UMAP_NoReEntry/HDBSCAN_UMAP_TradeLogs_Top20_SL5_ZWin20.csv
Current,NoReEntry,HDBSCAN (UMAP),20,0.15,60,9173.52,-0.08476168,-0.021899343,-1.6626367832353675,-0.08585229,2072,922,1802.757080078125,-2629.2373046875,4206,0.28768426058012364,0.6856578053506635,current/HDBSCAN_UMAP_NoReEntry/HDBSCAN_UMAP_TradeLogs_Top20_SL15_ZWin60.csv
Full,NoReEntry,HDBSCAN (AE PCA),10,0.0,0,10048.734,0.0048724413,0.00019443035,0.004573472107501825,-0.21145661,9744,0,24628.890625,-24580.15625,19471,0.3184222690154589,1.0019826714893239,full/HDBSCAN_AE_PCA_NoReEntry/HDBSCAN_AE_PCA_TradeLogs_Top10_SL0_ZWin0.csv
Full,NoReEntry,HDBSCAN (AE PCA),10,0.0,20,7344.1367,-0.27117616,-0.012573242,-0.2752798108444107,-0.39359033,13599,0,28541.2734375,-31197.13671875,27146,0.33655050467840564,0.914868364196584,full/HDBSCAN_AE_PCA_NoReEntry/HDBSCAN_AE_PCA_TradeLogs_Top10_SL0_ZWin20.csv
Full,NoReEntry,HDBSCAN (AE PCA),10,0.0,60,12859.427,0.27469528,0.009755611,0.16053952246758485,-0.26046515,8194,0,32468.203125,-29608.775390625,16390,0.3480170835875534,1.0965736575272336,full/HDBSCAN_AE_PCA_NoReEntry/HDBSCAN_AE_PCA_TradeLogs_Top10_SL0_ZWin60.csv
Full,NoReEntry,HDBSCAN (AE PCA),10,0.15,0,9752.503,-0.024748802,-0.0010018945,-0.02684518326051955,-0.1980133,10050,722,24803.1875,-25050.6875,20114,0.31465645818832655,0.9901200316358583,full/HDBSCAN_AE_PCA_NoReEntry/HDBSCAN_AE_PCA_TradeLogs_Top10_SL15_ZWin0.csv
Full,NoReEntry,HDBSCAN (AE PCA),10,0.15,20,6655.8867,-0.3394767,-0.016452074,-0.3873205599450277,-0.45755312,13421,159,25316.94921875,-28661.06640625,26804,0.3349500074615729,0.8833219552929558,full/HDBSCAN_AE_PCA_NoReEntry/HDBSCAN_AE_PCA_TradeLogs_Top10_SL15_ZWin20.csv
Full,NoReEntry,HDBSCAN (AE PCA),10,0.05,20,6763.949,-0.32875317,-0.015818298,-0.5732918326712387,-0.37587813,11757,2381,19194.63671875,-22430.6875,23636,0.3190895244542224,0.8557310924486822,full/HDBSCAN_AE_PCA_NoReEntry/HDBSCAN_AE_PCA_TradeLogs_Top10_SL5_ZWin20.csv
Full,NoReEntry,HDBSCAN (AE PCA),10,0.15,60,10992.095,0.089594126,0.0034381151,0.06313396590010434,-0.3084479,8047,230,28853.611328125,-27861.51953125,16121,0.3467526828360524,1.035607957267451,full/HDBSCAN_AE_PCA_NoReEntry/HDBSCAN_AE_PCA_TradeLogs_Top10_SL15_ZWin60.csv
Full,NoReEntry,HDBSCAN (AE PCA),10,0.05,60,10936.828,0.084117174,0.003235817,0.06867183843371968,-0.24310948,7497,2053,22965.232421875,-22028.408203125,15143,0.32780822822426203,1.0425280033905082,full/HDBSCAN_AE_PCA_NoReEntry/HDBSCAN_AE_PCA_TradeLogs_Top10_SL5_ZWin60.csv
Full,NoReEntry,HDBSCAN (AE PCA),10,0.05,0,8831.543,-0.11684555,-0.0049578547,-0.20271826731745182,-0.21730581,10373,3269,19211.107421875,-20379.564453125,20903,0.2920633401904033,0.9426652599010363,full/HDBSCAN_AE_PCA_NoReEntry/HDBSCAN_AE_PCA_TradeLogs_Top10_SL5_ZWin0.csv
Full,NoReEntry,HDBSCAN (AE PCA),5,0.0,0,8714.246,-0.12857592,-0.0054899454,-0.11071523518076266,-0.2774206,4348,0,21837.79296875,-23123.55078125,8690,0.315765247410817,0.9443961775307202,full/HDBSCAN_AE_PCA_NoReEntry/HDBSCAN_AE_PCA_TradeLogs_Top5_SL0_ZWin0.csv
Full,NoReEntry,HDBSCAN (AE PCA),5,0.0,60,10918.603,0.080388546,0.0030976534,0.049004206118639246,-0.32831752,4137,0,29739.271484375,-28820.66796875,8281,0.3389687235841082,1.0318730820750246,full/HDBSCAN_AE_PCA_NoReEntry/HDBSCAN_AE_PCA_TradeLogs_Top5_SL0_ZWin60.csv
Full,NoReEntry,HDBSCAN (AE PCA),5,0.0,20,6551.881,-0.3503347,-0.01710397,-0.3099420211421459,-0.45827445,6956,0,27121.14453125,-30569.265625,13885,0.3311487216420598,0.8872030118077133,full/HDBSCAN_AE_PCA_NoReEntry/HDBSCAN_AE_PCA_TradeLogs_Top5_SL0_ZWin20.csv
Full,NoReEntry,HDBSCAN (AE PCA),20,0.0,20,6795.699,-0.32536638,-0.015620112,-0.3897490110643032,-0.431169,26679,0,27557.25,-30761.55078125,53258,0.3407375417777611,0.895834224872593,full/HDBSCAN_AE_PCA_NoReEntry/HDBSCAN_AE_PCA_TradeLogs_Top20_SL0_ZWin20.csv
Full,NoReEntry,HDBSCAN (AE PCA),20,0.0,0,9225.339,-0.077602446,-0.0032259226,-0.0793388756409789,-0.22661772,21586,0,24341.265625,-25115.92578125,42983,0.3203824767931508,0.9691566154878387,full/HDBSCAN_AE_PCA_NoReEntry/HDBSCAN_AE_PCA_TradeLogs_Top20_SL0_ZWin0.csv
Full,NoReEntry,HDBSCAN (AE PCA),20,0.0,60,11565.383,0.1467638,0.0054928064,0.10680274060870408,-0.2484955,16282,0,30424.255859375,-28858.875,32596,0.3499202356117315,1.0542426154649134,full/HDBSCAN_AE_PCA_NoReEntry/HDBSCAN_AE_PCA_TradeLogs_Top20_SL0_ZWin60.csv
Full,NoReEntry,HDBSCAN (AE PCA),5,0.15,20,5770.9834,-0.42776668,-0.022080898,-0.4527871776594344,-0.5341934,6842,85,23087.29296875,-27316.31640625,13668,0.32850453614281533,0.8451832459909421,full/HDBSCAN_AE_PCA_NoReEntry/HDBSCAN_AE_PCA_TradeLogs_Top5_SL15_ZWin20.csv
Full,NoReEntry,HDBSCAN (AE PCA),5,0.15,0,9300.242,-0.069975436,-0.0028975606,-0.06781980395648728,-0.18841289,4562,410,23790.38671875,-24490.142578125,9134,0.31158309612437046,0.9714270402002464,full/HDBSCAN_AE_PCA_NoReEntry/HDBSCAN_AE_PCA_TradeLogs_Top5_SL15_ZWin0.csv
Full,NoReEntry,HDBSCAN (AE PCA),5,0.15,60,10055.734,-0.0049925447,-0.0002001524,0.003242278339891987,-0.35869512,4070,112,27642.1953125,-27586.462890625,8161,0.3367234407548095,1.00202028154519,full/HDBSCAN_AE_PCA_NoReEntry/HDBSCAN_AE_PCA_TradeLogs_Top5_SL15_ZWin60.csv
Full,NoReEntry,HDBSCAN (AE PCA),5,0.05,0,8406.379,-0.15936261,-0.0069197416,-0.24004003463289392,-0.22058274,4326,1297,18340.169921875,-19933.79296875,8733,0.28936218939654185,0.9200541989488249,full/HDBSCAN_AE_PCA_NoReEntry/HDBSCAN_AE_PCA_TradeLogs_Top5_SL5_ZWin0.csv
Full,NoReEntry,HDBSCAN (AE PCA),5,0.05,60,11435.051,0.13148952,0.004953623,0.09276249175588677,-0.23454446,3680,907,23509.2265625,-22074.177734375,7433,0.3239607157271627,1.0650102959844465,full/HDBSCAN_AE_PCA_NoReEntry/HDBSCAN_AE_PCA_TradeLogs_Top5_SL5_ZWin60.csv
Full,NoReEntry,HDBSCAN (AE PCA),5,0.05,20,6496.827,-0.35579395,-0.01743567,-0.5435299784413821,-0.41176826,6006,1197,18842.013671875,-22345.19140625,12073,0.31201855379773047,0.8432245367388013,full/HDBSCAN_AE_PCA_NoReEntry/HDBSCAN_AE_PCA_TradeLogs_Top5_SL5_ZWin20.csv
Full,NoReEntry,HDBSCAN (AE PCA),20,0.05,0,8410.435,-0.15908074,-0.00690645,-0.3079240696255315,-0.25623384,23616,7463,19006.8203125,-20596.38671875,47426,0.29869691730274534,0.9228230452284656,full/HDBSCAN_AE_PCA_NoReEntry/HDBSCAN_AE_PCA_TradeLogs_Top20_SL5_ZWin0.csv
Full,NoReEntry,HDBSCAN (AE PCA),20,0.05,20,6191.384,-0.38535976,-0.019280434,-0.8021920194498915,-0.4250441,23436,5120,18371.66015625,-22180.279296875,47110,0.3217575886223732,0.828288044093223,full/HDBSCAN_AE_PCA_NoReEntry/HDBSCAN_AE_PCA_TradeLogs_Top20_SL5_ZWin20.csv
Full,NoReEntry,HDBSCAN (AE PCA),20,0.15,20,5959.0713,-0.4084211,-0.02077949,-0.560482526042374,-0.5140911,26382,443,24154.14453125,-28195.07421875,52697,0.33874793631516026,0.8566795867906337,full/HDBSCAN_AE_PCA_NoReEntry/HDBSCAN_AE_PCA_TradeLogs_Top20_SL15_ZWin20.csv
Full,NoReEntry,HDBSCAN (AE PCA),20,0.15,0,9052.473,-0.09488678,-0.0039798617,-0.11193069586325843,-0.21725242,22080,1409,24421.39453125,-25368.923828125,44058,0.3174224885378365,0.9626500003195039,full/HDBSCAN_AE_PCA_NoReEntry/HDBSCAN_AE_PCA_TradeLogs_Top20_SL15_ZWin0.csv
Full,NoReEntry,HDBSCAN (AE PCA),20,0.05,60,9722.312,-0.035984278,-0.0014648438,-0.027363802695926937,-0.24397294,15214,4505,20803.361328125,-21081.046875,30763,0.326886194454377,0.9868277155057082,full/HDBSCAN_AE_PCA_NoReEntry/HDBSCAN_AE_PCA_TradeLogs_Top20_SL5_ZWin60.csv
Full,NoReEntry,HDBSCAN (AE PCA),20,0.15,60,9840.168,-0.024298668,-0.0009834766,-0.01276419426626325,-0.27532506,15993,525,26834.02734375,-26993.853515625,32067,0.3482396232887392,0.9940791642889191,full/HDBSCAN_AE_PCA_NoReEntry/HDBSCAN_AE_PCA_TradeLogs_Top20_SL15_ZWin60.csv
Full,NoReEntry,HDBSCAN (AE UMAP),10,0.0,0,8705.537,-0.12978399,-0.0055451393,-0.1430288257729356,-0.2661561,8646,0,23084.16796875,-24378.630859375,17234,0.324068701404201,0.9469017395565836,full/HDBSCAN_AE_UMAP_NoReEntry/HDBSCAN_AE_UMAP_TradeLogs_Top10_SL0_ZWin0.csv
Full,NoReEntry,HDBSCAN (AE UMAP),10,0.0,20,5380.547,-0.46383548,-0.024624348,-0.7440241611671886,-0.5340093,13705,0,23431.232421875,-28050.6875,27359,0.3260718593515845,0.835317580785676,full/HDBSCAN_AE_UMAP_NoReEntry/HDBSCAN_AE_UMAP_TradeLogs_Top10_SL0_ZWin20.csv
Full,NoReEntry,HDBSCAN (AE UMAP),10,0.0,60,7436.967,-0.2564224,-0.011781335,-0.29108483708489125,-0.34661224,8276,0,22360.908203125,-24923.94921875,16553,0.3358907750860871,0.8971655337149839,full/HDBSCAN_AE_UMAP_NoReEntry/HDBSCAN_AE_UMAP_TradeLogs_Top10_SL0_ZWin60.csv
Full,NoReEntry,HDBSCAN (AE UMAP),10,0.15,60,6327.453,-0.36735636,-0.01814723,-0.5364832689436079,-0.38611466,8231,405,18844.15234375,-22516.69921875,16489,0.3323427739705258,0.8368967476395557,full/HDBSCAN_AE_UMAP_NoReEntry/HDBSCAN_AE_UMAP_TradeLogs_Top10_SL15_ZWin60.csv
Full,NoReEntry,HDBSCAN (AE UMAP),10,0.15,0,9037.098,-0.09664029,-0.0040571094,-0.1251848934347395,-0.19704048,8856,659,23461.583984375,-24424.486328125,17679,0.3207760619944567,0.9605763523206132,full/HDBSCAN_AE_UMAP_NoReEntry/HDBSCAN_AE_UMAP_TradeLogs_Top10_SL15_ZWin0.csv
Full,NoReEntry,HDBSCAN (AE UMAP),10,0.15,20,4687.9717,-0.5328497,-0.029985428,-1.0458797130803361,-0.5834071,13371,191,19704.8984375,-25016.921875,26710,0.3248970423062523,0.7876627882502032,full/HDBSCAN_AE_UMAP_NoReEntry/HDBSCAN_AE_UMAP_TradeLogs_Top10_SL15_ZWin20.csv
Full,NoReEntry,HDBSCAN (AE UMAP),10,0.05,60,6466.248,-0.35347772,-0.017294586,-0.7317333406661005,-0.3713695,7373,2067,14566.10546875,-18099.8515625,14864,0.31283638320775026,0.8047638080595447,full/HDBSCAN_AE_UMAP_NoReEntry/HDBSCAN_AE_UMAP_TradeLogs_Top10_SL5_ZWin60.csv
Full,NoReEntry,HDBSCAN (AE UMAP),10,0.05,20,5112.2676,-0.49056923,-0.026617765,-1.412886473079788,-0.52064705,11378,2091,15183.58984375,-20071.328125,22844,0.3118980914025565,0.756481571582598,full/HDBSCAN_AE_UMAP_NoReEntry/HDBSCAN_AE_UMAP_TradeLogs_Top10_SL5_ZWin20.csv
Full,NoReEntry,HDBSCAN (AE UMAP),10,0.05,0,8875.802,-0.11276382,-0.004774332,-0.23741089901088674,-0.17650974,9054,2421,17996.33203125,-19120.533203125,18181,0.3021285957868104,0.9412045072209982,full/HDBSCAN_AE_UMAP_NoReEntry/HDBSCAN_AE_UMAP_TradeLogs_Top10_SL5_ZWin0.csv
Full,NoReEntry,HDBSCAN (AE UMAP),5,0.0,20,4938.0586,-0.50896066,-0.028048396,-0.6989644416485112,-0.5707176,6869,0,23085.373046875,-28147.3125,13708,0.3236066530493143,0.8201626015583193,full/HDBSCAN_AE_UMAP_NoReEntry/HDBSCAN_AE_UMAP_TradeLogs_Top5_SL0_ZWin20.csv
Full,NoReEntry,HDBSCAN (AE UMAP),5,0.0,60,7426.0635,-0.25726265,-0.011826038,-0.23408492483421173,-0.34224507,4082,0,22037.87890625,-24611.8125,8173,0.33206900770830783,0.8954187712201204,full/HDBSCAN_AE_UMAP_NoReEntry/HDBSCAN_AE_UMAP_TradeLogs_Top5_SL0_ZWin60.csv
Full,NoReEntry,HDBSCAN (AE UMAP),5,0.0,0,8535.307,-0.14640486,-0.006311953,-0.1390287556190074,-0.29209313,3992,0,22816.265625,-24280.95703125,7981,0.3227665706051873,0.9396773609720195,full/HDBSCAN_AE_UMAP_NoReEntry/HDBSCAN_AE_UMAP_TradeLogs_Top5_SL0_ZWin0.csv
Full,NoReEntry,HDBSCAN (AE UMAP),20,0.0,20,5170.066,-0.48390865,-0.0261119,-0.9331229649816304,-0.53575134,26968,0,23091.7734375,-27921.6953125,53846,0.33421238346395277,0.8270190322993125,full/HDBSCAN_AE_UMAP_NoReEntry/HDBSCAN_AE_UMAP_TradeLogs_Top20_SL0_ZWin20.csv
Full,NoReEntry,HDBSCAN (AE UMAP),20,0.0,60,6896.158,-0.31004024,-0.014735222,-0.4155747340139149,-0.38670608,16470,0,21380.763671875,-24484.60546875,32943,0.34043651155025345,0.8732329258547183,full/HDBSCAN_AE_UMAP_NoReEntry/HDBSCAN_AE_UMAP_TradeLogs_Top20_SL0_ZWin60.csv
Full,NoReEntry,HDBSCAN (AE UMAP),20,0.0,0,8508.981,-0.14953065,-0.006457746,-0.18069132319546982,-0.26339588,19667,0,22872.498046875,-24363.515625,38981,0.3271337318180652,0.938801214033535,full/HDBSCAN_AE_UMAP_NoReEntry/HDBSCAN_AE_UMAP_TradeLogs_Top20_SL0_ZWin0.csv
Full,NoReEntry,HDBSCAN (AE UMAP),5,0.15,0,9224.675,-0.077463984,-0.0032199621,-0.08280438243147552,-0.1972057,4254,441,24367.84375,-25143.169921875,8517,0.3188916285076905,0.9691635472263801,full/HDBSCAN_AE_UMAP_NoReEntry/HDBSCAN_AE_UMAP_TradeLogs_Top5_SL15_ZWin0.csv
Full,NoReEntry,HDBSCAN (AE UMAP),5,0.15,20,4153.252,-0.58700144,-0.034754157,-0.9934712287453955,-0.6447447,6697,106,18910.896484375,-24757.6328125,13377,0.32099872916199446,0.7638410597489348,full/HDBSCAN_AE_UMAP_NoReEntry/HDBSCAN_AE_UMAP_TradeLogs_Top5_SL15_ZWin20.csv
Full,NoReEntry,HDBSCAN (AE UMAP),20,0.15,0,8457.994,-0.1546269,-0.006696582,-0.22626997094637677,-0.25277412,20227,1480,22692.05859375,-24234.0625,40157,0.3239036780636004,0.9363703916233607,full/HDBSCAN_AE_UMAP_NoReEntry/HDBSCAN_AE_UMAP_TradeLogs_Top20_SL15_ZWin0.csv
Full,NoReEntry,HDBSCAN (AE UMAP),5,0.15,60,6097.102,-0.39018184,-0.019589365,-0.46175974406178394,-0.4059182,4006,153,18130.10546875,-22033.00390625,8033,0.3302626665006847,0.822861265122688,full/HDBSCAN_AE_UMAP_NoReEntry/HDBSCAN_AE_UMAP_TradeLogs_Top5_SL15_ZWin60.csv
Full,NoReEntry,HDBSCAN (AE UMAP),20,0.15,60,6175.9814,-0.38209403,-0.019072533,-0.6403366283748202,-0.40919042,16469,907,18754.8125,-22578.826171875,32993,0.33810202164095415,0.830637180039132,full/HDBSCAN_AE_UMAP_NoReEntry/HDBSCAN_AE_UMAP_TradeLogs_Top20_SL15_ZWin60.csv
Full,NoReEntry,HDBSCAN (AE UMAP),20,0.15,20,4777.139,-0.52313197,-0.029186249,-1.199313025061748,-0.5667841,26483,466,20572.4375,-25795.296875,52915,0.3325333081356893,0.797526680917488,full/HDBSCAN_AE_UMAP_NoReEntry/HDBSCAN_AE_UMAP_TradeLogs_Top20_SL15_ZWin20.csv
Full,NoReEntry,HDBSCAN (PCA),10,0.0,20,8006.4614,-0.19733864,-0.01102227,-1.1898799968964793,-0.20284477,4756,0,5457.423828125,-7450.9638671875,9483,0.3101339238637562,0.7324453487364719,full/HDBSCAN_PCA_NoReEntry/HDBSCAN_PCA_TradeLogs_Top10_SL0_ZWin20.csv
Full,NoReEntry,HDBSCAN (PCA),10,0.0,0,9475.472,-0.055616617,-0.00288105,-0.16467453060497023,-0.07498715,2381,0,4364.99609375,-4889.52392578125,4709,0.29921427054576344,0.8927241506549248,full/HDBSCAN_PCA_NoReEntry/HDBSCAN_PCA_TradeLogs_Top10_SL0_ZWin0.csv
Full,NoReEntry,HDBSCAN (PCA),10,0.15,0,9436.532,-0.059499145,-0.0030881166,-0.21737326346436914,-0.08409811,2383,50,4368.5791015625,-4932.046875,4716,0.29855810008481765,0.8857537676104305,full/HDBSCAN_PCA_NoReEntry/HDBSCAN_PCA_TradeLogs_Top10_SL15_ZWin0.csv
Full,NoReEntry,HDBSCAN (PCA),10,0.0,60,8543.473,-0.14847296,-0.008071005,-0.6591797670893198,-0.15077439,2839,0,4701.6201171875,-6158.1474609375,5678,0.3198309263825291,0.7634796254897959,full/HDBSCAN_PCA_NoReEntry/HDBSCAN_PCA_TradeLogs_Top10_SL0_ZWin60.csv
Full,NoReEntry,HDBSCAN (AE UMAP),5,0.05,0,9512.336,-0.048695207,-0.0019948483,-0.08074929659444693,-0.16334085,4284,1190,19240.55859375,-19728.22265625,8630,0.3025492468134415,0.9752808922021414,full/HDBSCAN_AE_UMAP_NoReEntry/HDBSCAN_AE_UMAP_TradeLogs_Top5_SL5_ZWin0.csv
Full,NoReEntry,HDBSCAN (AE UMAP),20,0.05,20,5249.4463,-0.4756797,-0.02549547,-1.643849562372573,-0.4936739,22648,4564,15776.4296875,-20526.984375,45501,0.31913584316828203,0.7685702585088073,full/HDBSCAN_AE_UMAP_NoReEntry/HDBSCAN_AE_UMAP_TradeLogs_Top20_SL5_ZWin20.csv
Full,NoReEntry,HDBSCAN (PCA),10,0.15,60,8530.656,-0.14975,-0.008146048,-0.7159506960235862,-0.15184852,2812,38,4554.72265625,-6024.0693359375,5624,0.3198790896159317,0.7560873559469362,full/HDBSCAN_PCA_NoReEntry/HDBSCAN_PCA_TradeLogs_Top10_SL15_ZWin60.csv
Full,NoReEntry,HDBSCAN (AE UMAP),20,0.05,60,6631.5796,-0.33616912,-0.016255558,-0.8098624414716672,-0.3457829,15446,4808,15285.623046875,-18654.04296875,31175,0.3156054530874098,0.819426816614612,full/HDBSCAN_AE_UMAP_NoReEntry/HDBSCAN_AE_UMAP_TradeLogs_Top20_SL5_ZWin60.csv
Full,NoReEntry,HDBSCAN (PCA),10,0.15,20,8005.76,-0.19740868,-0.011026621,-1.2256637393869358,-0.20338292,4728,17,5366.1337890625,-7360.37109375,9430,0.3099681866383881,0.7290575054862531,full/HDBSCAN_PCA_NoReEntry/HDBSCAN_PCA_TradeLogs_Top10_SL15_ZWin20.csv
Full,NoReEntry,HDBSCAN (AE UMAP),20,0.05,0,8561.38,-0.14429253,-0.006213665,-0.34586334772675875,-0.19210358,21342,6178,18346.23828125,-19784.85546875,42706,0.3025570177492624,0.9272869498707088,full/HDBSCAN_AE_UMAP_NoReEntry/HDBSCAN_AE_UMAP_TradeLogs_Top20_SL5_ZWin0.csv
Full,NoReEntry,HDBSCAN (AE UMAP),5,0.05,20,5017.2847,-0.5010823,-0.027429342,-1.1272404968719438,-0.5559189,5639,962,15217.083984375,-20199.802734375,11328,0.3113524011299435,0.7533283460476244,full/HDBSCAN_AE_UMAP_NoReEntry/HDBSCAN_AE_UMAP_TradeLogs_Top5_SL5_ZWin20.csv
Full,NoReEntry,HDBSCAN (AE UMAP),5,0.05,60,6390.3784,-0.36084914,-0.017745256,-0.5495131928439823,-0.37425196,3566,916,14222.068359375,-17831.6875,7198,0.3136982495137538,0.797572768105935,full/HDBSCAN_AE_UMAP_NoReEntry/HDBSCAN_AE_UMAP_TradeLogs_Top5_SL5_ZWin60.csv
Full,NoReEntry,HDBSCAN (PCA),10,0.05,20,8086.789,-0.18870974,-0.010488927,-1.4721480894744092,-0.19467995,4156,286,4364.96630859375,-6278.1767578125,8305,0.30921131848284167,0.6952601809374083,full/HDBSCAN_PCA_NoReEntry/HDBSCAN_PCA_TradeLogs_Top10_SL5_ZWin20.csv
Full,NoReEntry,HDBSCAN (PCA),10,0.05,0,9291.776,-0.073688924,-0.0038520098,-0.44316097857222664,-0.09435256,2436,436,3810.21240234375,-4518.4345703125,4836,0.28225806451612906,0.8432593950519973,full/HDBSCAN_PCA_NoReEntry/HDBSCAN_PCA_TradeLogs_Top10_SL5_ZWin0.csv
Full,NoReEntry,HDBSCAN (PCA),10,0.05,60,8705.241,-0.1315071,-0.007083833,-0.890716656857561,-0.13358097,2538,371,3864.778564453125,-5159.537109375,5085,0.3160275319567355,0.7490552897527826,full/HDBSCAN_PCA_NoReEntry/HDBSCAN_PCA_TradeLogs_Top10_SL5_ZWin60.csv
Full,NoReEntry,HDBSCAN (PCA),5,0.0,0,9852.522,-0.017051756,-0.00086677074,-0.048639438705860155,-0.07246644,1134,0,4340.55810546875,-4488.03515625,2212,0.28933092224231466,0.9671399519729976,full/HDBSCAN_PCA_NoReEntry/HDBSCAN_PCA_TradeLogs_Top5_SL0_ZWin0.csv
Full,NoReEntry,HDBSCAN (PCA),5,0.0,20,8408.18,-0.15870911,-0.008675635,-0.7551488105663758,-0.1752078,2416,0,5807.583984375,-7399.4033203125,4817,0.3103591446958688,0.7848719326370938,full/HDBSCAN_PCA_NoReEntry/HDBSCAN_PCA_TradeLogs_Top5_SL0_ZWin20.csv
Full,NoReEntry,HDBSCAN (PCA),5,0.0,60,8738.277,-0.12907434,-0.0069437623,-0.4687359638746691,-0.13074595,1417,0,4869.931640625,-6131.65576171875,2836,0.3212270803949224,0.7942278284813433,full/HDBSCAN_PCA_NoReEntry/HDBSCAN_PCA_TradeLogs_Top5_SL0_ZWin60.csv
Full,NoReEntry,HDBSCAN (PCA),20,0.0,20,7874.178,-0.2113139,-0.011897743,-1.4670708627505509,-0.21377307,9145,0,5266.45947265625,-7392.2802734375,18243,0.3089952310475251,0.7124269207676135,full/HDBSCAN_PCA_NoReEntry/HDBSCAN_PCA_TradeLogs_Top20_SL0_ZWin20.csv
Full,NoReEntry,HDBSCAN (PCA),5,0.15,0,9793.906,-0.022898257,-0.0011672974,-0.07712282376287406,-0.08379445,1136,20,4304.052734375,-4510.1474609375,2217,0.28912945421741093,0.9543042154724448,full/HDBSCAN_PCA_NoReEntry/HDBSCAN_PCA_TradeLogs_Top5_SL15_ZWin0.csv
Full,NoReEntry,HDBSCAN (PCA),20,0.0,0,9287.547,-0.07330674,-0.0038312674,-0.2298616882434787,-0.09031535,5203,0,4425.1494140625,-5137.603515625,10344,0.29669373549883993,0.8613255967698339,full/HDBSCAN_PCA_NoReEntry/HDBSCAN_PCA_TradeLogs_Top20_SL0_ZWin0.csv
Full,NoReEntry,HDBSCAN (PCA),20,0.0,60,8331.27,-0.1676563,-0.009209931,-0.8425726067622809,-0.170146,5559,0,4455.56640625,-6124.29296875,11115,0.31731893837156994,0.7275233939632062,full/HDBSCAN_PCA_NoReEntry/HDBSCAN_PCA_TradeLogs_Top20_SL0_ZWin60.csv
Full,NoReEntry,HDBSCAN (PCA),5,0.15,20,8402.013,-0.1593265,-0.008712351,-0.7953809940890648,-0.17563272,2402,8,5675.724609375,-7273.712890625,4790,0.3096033402922756,0.7803063847475162,full/HDBSCAN_PCA_NoReEntry/HDBSCAN_PCA_TradeLogs_Top5_SL15_ZWin20.csv
Full,NoReEntry,HDBSCAN (PCA),20,0.15,0,9193.668,-0.08267444,-0.0043414235,-0.35087430837629235,-0.099521756,5230,135,4364.84130859375,-5171.17333984375,10405,0.2951465641518501,0.844071745760825,full/HDBSCAN_PCA_NoReEntry/HDBSCAN_PCA_TradeLogs_Top20_SL15_ZWin0.csv
Full,NoReEntry,HDBSCAN (PCA),20,0.15,60,8247.4375,-0.17603111,-0.009714961,-0.9786280622290481,-0.17816639,5500,95,4303.12158203125,-6055.68359375,10998,0.31742134933624294,0.7105922090236767,full/HDBSCAN_PCA_NoReEntry/HDBSCAN_PCA_TradeLogs_Top20_SL15_ZWin60.csv
Full,NoReEntry,HDBSCAN (PCA),20,0.15,20,7854.2666,-0.21330917,-0.012023926,-1.5347113512255275,-0.2159971,9088,37,5180.80419921875,-7326.533203125,18132,0.30890138980807413,0.7071290138982748,full/HDBSCAN_PCA_NoReEntry/HDBSCAN_PCA_TradeLogs_Top20_SL15_ZWin20.csv
Full,NoReEntry,HDBSCAN (PCA),5,0.15,60,8694.765,-0.13341129,-0.0071936846,-0.5429348229665635,-0.13507813,1400,18,4698.9228515625,-6004.15966796875,2802,0.32119914346895073,0.782611241441582,full/HDBSCAN_PCA_NoReEntry/HDBSCAN_PCA_TradeLogs_Top5_SL15_ZWin60.csv
Full,NoReEntry,HDBSCAN (PCA),20,0.05,0,9170.804,-0.08470398,-0.004452646,-0.6530351798672696,-0.09271782,5305,877,3756.630615234375,-4585.8271484375,10589,0.2802908678817641,0.8191827763317132,full/HDBSCAN_PCA_NoReEntry/HDBSCAN_PCA_TradeLogs_Top20_SL5_ZWin0.csv
Full,NoReEntry,HDBSCAN (PCA),20,0.05,20,8023.5166,-0.1953916,-0.010901451,-1.8223361655682562,-0.19860119,7956,609,4202.35595703125,-6178.84228515625,15908,0.30927835051546393,0.6801202819380558,full/HDBSCAN_PCA_NoReEntry/HDBSCAN_PCA_TradeLogs_Top20_SL5_ZWin20.csv
Full,NoReEntry,HDBSCAN (PCA),20,0.05,60,8549.429,-0.14524287,-0.007881641,-1.2036442466281816,-0.1463834,5018,810,3624.48974609375,-5075.060546875,10067,0.3122082050263236,0.7141766512176002,full/HDBSCAN_PCA_NoReEntry/HDBSCAN_PCA_TradeLogs_Top20_SL5_ZWin60.csv
Full,NoReEntry,HDBSCAN (PCA),5,0.05,0,9451.947,-0.05701512,-0.002955556,-0.2971565924406276,-0.10554586,1113,167,3696.351806640625,-4244.404296875,2177,0.27698667891593937,0.8708764641865323,full/HDBSCAN_PCA_NoReEntry/HDBSCAN_PCA_TradeLogs_Top5_SL5_ZWin0.csv
Full,NoReEntry,HDBSCAN (PCA),5,0.05,60,8969.977,-0.10598183,-0.0056325793,-0.5872406930363485,-0.10885481,1267,174,4052.69189453125,-5082.716796875,2538,0.3219070133963751,0.7973475714844,full/HDBSCAN_PCA_NoReEntry/HDBSCAN_PCA_TradeLogs_Top5_SL5_ZWin60.csv
Full,NoReEntry,HDBSCAN (PCA),5,0.05,20,8411.605,-0.15778995,-0.008621097,-0.9743198554697684,-0.1743044,2127,151,4666.2734375,-6254.66943359375,4248,0.3090866290018832,0.7460463717614723,full/HDBSCAN_PCA_NoReEntry/HDBSCAN_PCA_TradeLogs_Top5_SL5_ZWin20.csv
Full,NoReEntry,HDBSCAN (UMAP),10,0.05,20,8306.855,-0.17597657,-0.007712364,-0.20896692060185504,-0.32164887,11664,2353,22982.640625,-24675.78515625,23388,0.3132803146912947,0.9313843705264571,full/HDBSCAN_UMAP_NoReEntry/HDBSCAN_UMAP_TradeLogs_Top10_SL5_ZWin20.csv
Full,NoReEntry,HDBSCAN (UMAP),10,0.0,0,13913.902,0.3913895,0.013299823,0.1320243179582384,-0.3121615,9212,0,38491.453125,-34577.546875,18360,0.318681917211329,1.1131921319967844,full/HDBSCAN_UMAP_NoReEntry/HDBSCAN_UMAP_TradeLogs_Top10_SL0_ZWin0.csv
Full,NoReEntry,HDBSCAN (UMAP),10,0.0,60,17911.277,0.7709178,0.023123264,0.17773007736000598,-0.77389354,8306,0,52700.71875,-44789.4375,16600,0.3387349397590361,1.176632744048192,full/HDBSCAN_UMAP_NoReEntry/HDBSCAN_UMAP_TradeLogs_Top10_SL0_ZWin60.csv
Full,NoReEntry,HDBSCAN (UMAP),10,0.15,60,12513.428,0.23722208,0.008551121,0.1043783287018452,-0.36652726,8303,688,36455.01953125,-33941.58984375,16622,0.33287209722055106,1.0740516192397165,full/HDBSCAN_UMAP_NoReEntry/HDBSCAN_UMAP_TradeLogs_Top10_SL15_ZWin60.csv
Full,NoReEntry,HDBSCAN (UMAP),10,0.05,60,13716.72,0.35619533,0.0122618675,0.17554904746559225,-0.24029373,7412,2116,29418.904296875,-25702.185546875,14924,0.31613508442776733,1.1446071091200218,full/HDBSCAN_UMAP_NoReEntry/HDBSCAN_UMAP_TradeLogs_Top10_SL5_ZWin60.csv
Full,NoReEntry,HDBSCAN (UMAP),10,0.0,20,14053.864,0.39411604,0.013379097,0.18750764669865547,-0.413276,13842,0,49037.6484375,-44983.796875,27613,0.33194509832325353,1.0901180390300258,full/HDBSCAN_UMAP_NoReEntry/HDBSCAN_UMAP_TradeLogs_Top10_SL0_ZWin20.csv
Full,NoReEntry,HDBSCAN (UMAP),10,0.15,0,11056.352,0.105636954,0.0040249825,0.06602227102787245,-0.20946191,9633,1126,32862.05859375,-31805.70703125,19234,0.3091920557346366,1.03321264204132,full/HDBSCAN_UMAP_NoReEntry/HDBSCAN_UMAP_TradeLogs_Top10_SL15_ZWin0.csv
Full,NoReEntry,HDBSCAN (UMAP),10,0.05,0,9217.383,-0.07826197,-0.0032544732,-0.08392523720154071,-0.14928743,9644,2985,21667.29296875,-22449.908203125,19381,0.2888911820855477,0.9651394906698968,full/HDBSCAN_UMAP_NoReEntry/HDBSCAN_UMAP_TradeLogs_Top10_SL5_ZWin0.csv
Full,NoReEntry,HDBSCAN (UMAP),10,0.15,20,8204.739,-0.18610585,-0.008203149,-0.15587925720513607,-0.4271495,13578,550,30720.8203125,-32516.078125,27109,0.3262016304548305,0.9447886117877262,full/HDBSCAN_UMAP_NoReEntry/HDBSCAN_UMAP_TradeLogs_Top10_SL15_ZWin20.csv
Full,NoReEntry,HDBSCAN (UMAP),5,0.0,20,13432.275,0.33192015,0.011530876,0.16604495420791685,-0.38919094,6916,0,46378.4453125,-42946.171875,13796,0.3300231951290229,1.0799203581518289,full/HDBSCAN_UMAP_NoReEntry/HDBSCAN_UMAP_TradeLogs_Top5_SL0_ZWin20.csv
Full,NoReEntry,HDBSCAN (UMAP),5,0.0,60,18063.178,0.78281105,0.023397207,0.1869082505346932,-0.66132104,4180,0,49891.5546875,-41828.3671875,8359,0.33963392750328986,1.1927684019760065,full/HDBSCAN_UMAP_NoReEntry/HDBSCAN_UMAP_TradeLogs_Top5_SL0_ZWin60.csv
Full,NoReEntry,HDBSCAN (UMAP),5,0.0,0,13040.771,0.3040762,0.010676384,0.11708558740399876,-0.26376757,4713,0,34255.4765625,-31214.7109375,9403,0.30862490694459216,1.097414505330144,full/HDBSCAN_UMAP_NoReEntry/HDBSCAN_UMAP_TradeLogs_Top5_SL0_ZWin0.csv
Full,NoReEntry,HDBSCAN (UMAP),20,0.0,0,14700.777,0.4700786,0.015532017,0.18606187954378633,-0.20667222,21008,0,41657.42578125,-36956.6484375,41749,0.32498982011545186,1.1271970685247559,full/HDBSCAN_UMAP_NoReEntry/HDBSCAN_UMAP_TradeLogs_Top20_SL0_ZWin0.csv
Full,NoReEntry,HDBSCAN (UMAP),20,0.0,20,13448.432,0.33384228,0.0115891695,0.18215497021106766,-0.37667122,27528,0,48075.66796875,-44627.2421875,54948,0.33427968260901214,1.0772717652316839,full/HDBSCAN_UMAP_NoReEntry/HDBSCAN_UMAP_TradeLogs_Top20_SL0_ZWin20.csv
Full,NoReEntry,HDBSCAN (UMAP),20,0.0,60,17073.32,0.6903242,0.021218777,0.19022696741050418,-0.6357181,16676,0,50419.3125,-43346.00390625,33346,0.3424098842439873,1.1631824841119924,full/HDBSCAN_UMAP_NoReEntry/HDBSCAN_UMAP_TradeLogs_Top20_SL0_ZWin60.csv
Full,NoReEntry,HDBSCAN (UMAP),5,0.15,0,11779.443,0.1779449,0.0065723658,0.10729148987300186,-0.22498132,4830,468,32345.091796875,-30565.6484375,9651,0.3022484716609678,1.0582170982897212,full/HDBSCAN_UMAP_NoReEntry/HDBSCAN_UMAP_TradeLogs_Top5_SL15_ZWin0.csv
Full,NoReEntry,HDBSCAN (UMAP),5,0.15,20,8652.045,-0.1420784,-0.006110966,-0.10833733851909494,-0.37505215,6743,220,31176.8984375,-32524.853515625,13463,0.32555893931516006,0.9585561522213332,full/HDBSCAN_UMAP_NoReEntry/HDBSCAN_UMAP_TradeLogs_Top5_SL15_ZWin20.csv
Full,NoReEntry,HDBSCAN (UMAP),5,0.15,60,12330.512,0.21700346,0.007886648,0.09494030001893847,-0.36995223,4216,328,35003.84375,-32673.326171875,8446,0.3312810798010893,1.0713278337768712,full/HDBSCAN_UMAP_NoReEntry/HDBSCAN_UMAP_TradeLogs_Top5_SL15_ZWin60.csv
Full,NoReEntry,HDBSCAN (UMAP),5,0.05,60,13387.154,0.321293,0.011206746,0.15205770165096255,-0.2738496,3638,922,28293.95703125,-24906.8046875,7332,0.3180578286961266,1.1359930503429816,full/HDBSCAN_UMAP_NoReEntry/HDBSCAN_UMAP_TradeLogs_Top5_SL5_ZWin60.csv
Full,NoReEntry,HDBSCAN (UMAP),5,0.05,0,9266.476,-0.07335323,-0.003042698,-0.08224852285035043,-0.16874725,4599,1274,20369.12109375,-21102.64453125,9255,0.2835224203133441,0.9652402125992429,full/HDBSCAN_UMAP_NoReEntry/HDBSCAN_UMAP_TradeLogs_Top5_SL5_ZWin0.csv
Full,NoReEntry,HDBSCAN (UMAP),5,0.05,20,8601.644,-0.14707595,-0.006343186,-0.16092911639036675,-0.27328497,5718,1026,23095.14453125,-24493.5,11474,0.31183545407007146,0.9429091200216384,full/HDBSCAN_UMAP_NoReEntry/HDBSCAN_UMAP_TradeLogs_Top5_SL5_ZWin20.csv
Full,NoReEntry,HDBSCAN (UMAP),20,0.05,0,9823.4,-0.017659009,-0.0007123947,-0.019168244348145416,-0.1983777,22219,7085,24197.109375,-24373.70703125,44566,0.29524749809271644,0.9927545836165348,full/HDBSCAN_UMAP_NoReEntry/HDBSCAN_UMAP_TradeLogs_Top20_SL5_ZWin0.csv
Full,NoReEntry,HDBSCAN (UMAP),20,0.15,20,7947.121,-0.21179008,-0.009474456,-0.2036719276990027,-0.40187997,27264,1182,31177.8984375,-33230.77734375,54458,0.32893238826251425,0.9382235665144287,full/HDBSCAN_UMAP_NoReEntry/HDBSCAN_UMAP_TradeLogs_Top20_SL15_ZWin20.csv
Full,NoReEntry,HDBSCAN (UMAP),20,0.15,60,12088.299,0.19678926,0.007211566,0.10117859006994125,-0.29408675,16743,1409,34640.296875,-32551.99609375,33539,0.3342973851337249,1.0641527719294288,full/HDBSCAN_UMAP_NoReEntry/HDBSCAN_UMAP_TradeLogs_Top20_SL15_ZWin60.csv
Full,NoReEntry,HDBSCAN (UMAP),20,0.05,20,8189.3345,-0.18776602,-0.008284152,-0.25887712850715255,-0.30906156,23263,4817,22846.0078125,-24656.673828125,46672,0.31562821391840934,0.9265648713104345,full/HDBSCAN_UMAP_NoReEntry/HDBSCAN_UMAP_TradeLogs_Top20_SL5_ZWin20.csv
Full,NoReEntry,HDBSCAN (UMAP),20,0.05,60,12682.815,0.25564897,0.009147644,0.1521701661653635,-0.18224688,15627,4948,27485.22265625,-24802.40625,31461,0.3134674676583707,1.1081675858063167,full/HDBSCAN_UMAP_NoReEntry/HDBSCAN_UMAP_TradeLogs_Top20_SL5_ZWin60.csv
Full,NoReEntry,HDBSCAN (UMAP),20,0.15,0,11409.95,0.14099514,0.0052900314,0.09686686934187681,-0.15146543,22272,3133,34939.2109375,-33529.26953125,44361,0.3153445594102928,1.0420510624287804,full/HDBSCAN_UMAP_NoReEntry/HDBSCAN_UMAP_TradeLogs_Top20_SL15_ZWin0.csv
