Window_Start,Window_End,Sector,Stock_A,Stock_B,p_value,alpha,beta,Std
2020-01-02,2020-07-01,Financials,CBOE,FIS,2.5990084451993443e-07,0.36776183141130225,0.9037851690758891,0.024431108065631917
2020-01-02,2020-07-01,Materials,PPG,SW,3.769911184452442e-07,2.4178792019702797,0.6962520504538536,0.031574693756823556
2020-01-02,2020-07-01,Consumer Discretionary,NVR,POOL,1.8429265005185844e-06,2.033017035552161,1.178098648035117,0.030305799403746322
2020-01-02,2020-07-01,Health Care,INCY,UNH,4.70114907771567e-06,1.0641204895132934,0.6183162527923812,0.04773061032285984
2020-01-02,2020-07-01,Industrials,UNP,WAB,4.875583008908788e-06,3.230770133114239,0.41121970295961074,0.04582654148702553
2020-01-02,2020-07-01,Financials,BRK-B,C,6.017082775871893e-06,3.738165569101483,0.4015199899840308,0.01586003974676506
2020-01-02,2020-07-01,Materials,CRH,PPG,6.138832294088147e-06,-2.277784750824467,1.2105115004120317,0.025020948364111787
2020-01-02,2020-07-01,Real Estate,PLD,MAC,6.284040169982317e-06,6.114860836187628,-0.605815897582207,0.04694681957633091
2020-01-02,2020-07-01,Health Care,HOLX,MRK,8.923102376658919e-06,0.12371812689345996,0.8993923866876764,0.02766440286132197
2020-01-02,2020-07-01,Financials,C,PNC,1.3287677666916062e-05,-0.32453580060804454,0.9233701609655126,0.02392880856459644
2020-02-03,2020-07-31,Financials,AON,NDAQ,2.086725526609247e-06,2.186057681551104,0.8880910528344387,0.016394074463690712
2020-02-03,2020-07-31,Financials,CPAY,ICE,6.524648028153517e-06,1.0505810667387105,1.0420104021038865,0.03662351827429368
2020-02-03,2020-07-31,Consumer Discretionary,NVR,POOL,7.1957948616042865e-06,2.3768894134765195,1.1111745548971919,0.030589360996467967
2020-02-03,2020-07-31,Materials,DOW,IP,8.801735314112632e-06,-0.6915220576938953,1.239525744472475,0.035797275534514665
2020-02-03,2020-07-31,Information Technology,AAPL,NXPI,1.0088258120170656e-05,-2.6842079839633772,1.4618591171271007,0.04157595946193287
2020-02-03,2020-07-31,Health Care,GILD,HSIC,1.2016324031726306e-05,2.8880278197992513,0.24957957005714365,0.02189608713006535
2020-02-03,2020-07-31,Materials,PPG,SW,1.6849015897447564e-05,2.742214444592115,0.5944372155077273,0.030410888824705048
2020-02-03,2020-07-31,Health Care,GILD,MTD,2.3582083613200665e-05,2.774053121300999,0.17515889684902802,0.022826123221328754
2020-02-03,2020-07-31,Consumer Staples,EL,PG,2.6944166409639637e-05,0.298501300008992,1.0551306231299469,0.03139353200110657
2020-02-03,2020-07-31,Real Estate,AVB,CPT,3.3469634113535404e-05,1.578396548293183,0.7946189448752001,0.008845158155340132
2020-03-04,2020-08-31,Financials,AON,AJG,6.403896514872882e-09,0.779945026492799,1.0046579577634478,0.014953343968542641
2020-03-04,2020-08-31,Financials,AON,NDAQ,4.6949655704216905e-08,2.0250578839351667,0.9367117906899842,0.01915456059810396
2020-03-04,2020-08-31,Financials,V,WTW,6.632816029515518e-07,-1.4554946807230447,1.2738391417042947,0.025590273334857007
2020-03-04,2020-08-31,Materials,CRH,SW,3.618714141740455e-06,1.017326689846617,0.7303710971288704,0.028632326078442228
2020-03-04,2020-08-31,Consumer Discretionary,NVR,POOL,4.521760008828959e-06,3.0094154708753904,0.9892521276716688,0.029721303214257765
2020-03-04,2020-08-31,Financials,MA,NDAQ,5.920952678763012e-06,1.800575993992174,1.1085351382015733,0.02505429827789518
2020-03-04,2020-08-31,Financials,GPN,NDAQ,5.955106560734318e-06,0.6069431749950158,1.3043463323608226,0.028803216902913896
2020-03-04,2020-08-31,Financials,MA,WTW,2.0076392162880415e-05,-2.3860036832331923,1.5409749248112838,0.032209149723382555
2020-03-04,2020-08-31,Information Technology,CRM,SMCI,3.6544724416555714e-05,4.710466606255713,0.4682099623853197,0.029496251376387058
2020-03-04,2020-08-31,Industrials,EXPD,RHI,3.770053704589481e-05,2.8125639487486964,0.3681408885025139,0.02176787105773805
2020-04-02,2020-09-30,Utilities,ATO,FE,3.840790135190984e-09,2.309406479391341,0.6218565008092429,0.02166957384875614
2020-04-02,2020-09-30,Real Estate,O,UDR,3.978896717614965e-09,-0.4618673717520865,1.2263173362518387,0.028900563023793263
2020-04-02,2020-09-30,Materials,AVY,SW,6.3655188719426815e-09,2.226241957472693,0.7560164506976425,0.039727701178537474
2020-04-02,2020-09-30,Consumer Staples,SJM,WMT,1.2982268726941529e-08,7.012797683920928,-0.7109533873550904,0.03669477437667232
2020-04-02,2020-09-30,Real Estate,CPT,O,1.5902499635024448e-08,1.182117758291224,0.8287336336297648,0.028224996131507637
2020-04-02,2020-09-30,Consumer Staples,MKC,SYY,3.42330908017306e-08,2.847554293343558,0.3406394627246741,0.02996907835779866
2020-04-02,2020-09-30,Consumer Staples,GIS,HSY,4.191486303541897e-08,2.6792933183003784,0.22042551595962007,0.024032546533561783
2020-04-02,2020-09-30,Real Estate,AVB,O,8.246747076064114e-08,1.8358059868931793,0.8304898259986631,0.031490270500794566
2020-04-02,2020-09-30,Utilities,ATO,ETR,8.278956719436978e-08,2.789536743874427,0.45819359486143424,0.024121341370628956
2020-04-02,2020-09-30,Consumer Staples,GIS,SJM,9.52676598390362e-08,4.530935591848379,-0.17588205425275422,0.030138941162946672
2020-05-04,2020-10-29,Materials,AVY,SW,6.311344735353297e-09,2.187610666492067,0.7677199092917941,0.040925487743531344
2020-05-04,2020-10-29,Real Estate,IRM,O,2.2648035118152225e-08,0.7421925835379964,0.6046900055869191,0.027188821390273187
2020-05-04,2020-10-29,Real Estate,O,UDR,4.880209021017033e-08,-0.8673862649435672,1.3379793030770302,0.03425974059245489
2020-05-04,2020-10-29,Utilities,ATO,FE,5.0312479509373974e-08,2.3077139101015174,0.6222222581311841,0.022435349676904946
2020-05-04,2020-10-29,Financials,GPN,TROW,1.161499991604486e-07,0.507425992057685,1.017521288456148,0.03737838964092273
2020-05-04,2020-10-29,Consumer Discretionary,APTV,NVR,1.2992850241058238e-07,-7.082150585249318,1.405403501259702,0.0758599429710352
2020-05-04,2020-10-29,Consumer Discretionary,NVR,ROST,1.388966163226357e-07,4.008161430725816,0.9039276615188789,0.04111634047987184
2020-05-04,2020-10-29,Financials,KKR,TROW,2.8848789500563716e-07,-1.7094457482430985,1.1012021214640475,0.03953872245346969
2020-05-04,2020-10-29,Real Estate,AVB,O,3.8803857957584535e-07,1.9687167132389005,0.7971234481478406,0.033002737831202784
2020-05-04,2020-10-29,Financials,MRSH,TROW,4.1089079001098094e-07,1.073464263755614,0.7698649017567833,0.03347187262920106
2020-06-03,2020-11-30,Consumer Discretionary,NVR,ROST,1.1774322615182826e-08,3.9105153620316413,0.9245942627076097,0.04041241501301758
2020-06-03,2020-11-30,Financials,GPN,TROW,3.992487431094052e-08,0.5374221886636953,1.0112780498690812,0.03760232021453536
2020-06-03,2020-11-30,Real Estate,O,UDR,5.5860864517451543e-08,-0.882567922230583,1.3419852863942319,0.03463709781453267
2020-06-03,2020-11-30,Real Estate,IRM,O,9.092979144479363e-08,0.5660148879059247,0.6487900662022209,0.03058138156886483
2020-06-03,2020-11-30,Financials,MRSH,TROW,1.0915853153377643e-07,1.0035695679285097,0.785547156562373,0.03380141167994839
2020-06-03,2020-11-30,Consumer Cyclical,HOG,CPRI,1.3759706485090368e-07,1.4794171756400765,0.5572202679674974,0.062080371372152165
2020-06-03,2020-11-30,Financials,KKR,TROW,1.4324123963000108e-07,-1.6948619166804106,1.097396088485141,0.040960098415451784
2020-06-03,2020-11-30,Consumer Discretionary,APTV,NVR,2.0011912269283e-07,-6.861088734649778,1.3787142413834728,0.07512948743596531
2020-06-03,2020-11-30,Industrials,HON,PAYX,3.6681815972795456e-07,0.9460478430898682,0.9438186535911569,0.028458620314713138
2020-06-03,2020-11-30,Utilities,ATO,FE,6.549115453437732e-07,2.2314024842900366,0.6432606956707239,0.023727492504390563
2020-07-02,2020-12-30,Consumer Discretionary,APTV,GPC,1.398659440727185e-08,-0.977675645688254,1.2363885544532374,0.06815171138193786
2020-07-02,2020-12-30,Financials,MRSH,TROW,1.3798455190459433e-07,0.9920705254101655,0.7873191089365962,0.03373977415148814
2020-07-02,2020-12-30,Consumer Discretionary,APTV,NVR,2.111422961780618e-07,-6.763259301495818,1.3672153569727126,0.07576788268245757
2020-07-02,2020-12-30,Utilities,ATO,PNW,2.685410165740963e-07,2.4397981846027443,0.4943893421620495,0.02867424904468343
2020-07-02,2020-12-30,Consumer Cyclical,HOG,CPRI,2.788922492988266e-07,1.4921216440464746,0.5550011234285617,0.06256051506878804
2020-07-02,2020-12-30,Financials,KKR,TROW,2.8172046594334197e-07,-1.6930344001524087,1.0978580857755236,0.0410682283505735
2020-07-02,2020-12-30,Consumer Discretionary,MGM,RCL,3.0280391783215355e-07,0.14753963431759282,0.6910605646006873,0.05723806622017257
2020-07-02,2020-12-30,Materials,DOW,STLD,5.559245614035148e-07,-0.5646490625152755,1.2407465900285157,0.05202895041328763
2020-07-02,2020-12-30,Consumer Discretionary,NVR,ROST,5.621122841797809e-07,4.050473945375176,0.8947458415736037,0.04325829365071178
2020-07-02,2020-12-30,Utilities,ATO,FE,5.852288552544826e-07,2.286343860010528,0.6279800560146407,0.023909002698534566
2020-08-03,2021-02-01,Real Estate,HST,MMI,1.1684176425310401e-11,-2.4895151777627285,1.4534744667409258,0.049671036563857594
2020-08-03,2021-02-01,Consumer Discretionary,APTV,GPC,1.7816674379934242e-11,-1.2041426752567395,1.291287268467658,0.05718883570136399
2020-08-03,2021-02-01,Utilities,ATO,PNW,2.455011280788646e-08,2.3530624528357067,0.5155503157559235,0.027063315976177713
2020-08-03,2021-02-01,Health Care,PODD,JNJ,2.7292605680978942e-08,-2.0850090532066785,1.5225548731272451,0.06840642072573731
2020-08-03,2021-02-01,Industrials,PAYX,TDG,4.0679058191254694e-08,1.3074376324772228,0.4804228512296206,0.03962097257673123
2020-08-03,2021-02-01,Financials,NDAQ,SPGI,4.3927587086418694e-08,-0.7191041340815381,0.7541648506541223,0.02657601774721873
2020-08-03,2021-02-01,Financials,MRSH,TROW,4.99110861511075e-08,0.9679124362311253,0.7919503961580235,0.03259584548762752
2020-08-03,2021-02-01,Financials,FITB,PRU,9.130076305616046e-08,-1.3531513463524423,1.0677558042807131,0.034644128011395534
2020-08-03,2021-02-01,Energy,KMI,HP,2.829248912192681e-07,1.2306502276760056,0.4194392207033462,0.03698437089488076
2020-08-03,2021-02-01,Industrials,AME,PH,2.909685026767963e-07,1.1816498402676392,0.6423445039584179,0.02442421335562624
2020-09-01,2021-03-03,Consumer Discretionary,APTV,GPC,5.900123372855056e-13,-1.2362970738152594,1.2976930044622406,0.054766047768431546
2020-09-01,2021-03-03,Real Estate,HST,MMI,2.3940110107871004e-12,-2.5121781572851454,1.4600921638498923,0.045611669054048114
2020-09-01,2021-03-03,Financials,AXP,RJF,6.057150648022948e-09,0.5246927736485041,1.0537259302170345,0.04260659637802215
2020-09-01,2021-03-03,Utilities,ATO,PNW,8.439288462841554e-09,2.3278787419568787,0.5223863371429491,0.02629558281262077
2020-09-01,2021-03-03,Financials,NDAQ,SPGI,1.1231688178784836e-08,-0.7611853303419482,0.7624830455547011,0.026118689659308986
2020-09-01,2021-03-03,Financials,MRSH,TROW,4.6822091209930995e-08,0.9719409698164756,0.7905373460943166,0.03262442708182276
2020-09-01,2021-03-03,Energy,KMI,HP,2.2429352180250217e-07,1.2180691128624466,0.4238199959485509,0.036019661997714246
2020-09-01,2021-03-03,Utilities,ATO,ETR,4.115770336159098e-07,2.649699208968607,0.4936982892628085,0.025542210192929227
2020-09-01,2021-03-03,Industrials,AME,PH,4.221654321797336e-07,1.1315721273429187,0.6523264808740682,0.02497988376829053
2020-09-01,2021-03-03,Financials,FITB,PRU,4.5445555921244295e-07,-1.3684388732294646,1.0704222598469948,0.036919242778762906
2020-10-01,2021-04-01,Real Estate,HST,MMI,8.573763502150155e-13,-2.5856807277904763,1.4819068525525334,0.0450028981070529
2020-10-01,2021-04-01,Consumer Discretionary,APTV,GPC,2.1833822716044768e-11,-1.107185904341015,1.2664231925534324,0.05741881489311091
2020-10-01,2021-04-01,Financials,AXP,RJF,7.037454167881423e-09,0.5534882900058177,1.0458875255226943,0.04058452563548958
2020-10-01,2021-04-01,Utilities,AEP,PNW,3.601580778764411e-08,1.2494344460326858,0.7215951306236327,0.026798286035491586
2020-10-01,2021-04-01,Utilities,ATO,PNW,4.205199985801699e-08,2.1645016843601605,0.5612910071028897,0.027356375605806445
2020-10-01,2021-04-01,Financials,NDAQ,SPGI,7.91534354844278e-08,-0.7313583447660337,0.7569783947979052,0.02701632860894489
2020-10-01,2021-04-01,Financials,MRSH,TROW,2.0855922925402075e-07,0.9185598867953835,0.8032534798851946,0.034257417748820206
2020-10-01,2021-04-01,Energy,CVX,VLO,2.412573066044957e-07,1.9745599420517492,0.5852334278233868,0.03464993781711117
2020-10-01,2021-04-01,Industrials,PAYX,TDG,2.7353463513789545e-07,1.3292423270863771,0.47548023698581404,0.03914301389394878
2020-10-01,2021-04-01,Industrials,AME,PH,5.777186686014357e-07,1.1184458245031077,0.6549913459580479,0.02485626074898165
2020-10-30,2021-05-03,Information Technology,ANET,FTNT,5.791948672189947e-10,1.1943843558309442,0.439487702415281,0.05259429799310787
2020-10-30,2021-05-03,Consumer Discretionary,APTV,GPC,2.8527761953360027e-09,-1.2390378186569668,1.2985594390918171,0.0616504375344887
2020-10-30,2021-05-03,Utilities,AEP,PNW,9.785760076007575e-09,1.0759699341168751,0.7647103895846279,0.025675406960636624
2020-10-30,2021-05-03,Health Care,DVA,ZTS,1.0025939459343867e-08,1.4284556368360382,0.6052088769227545,0.04517904354342705
2020-10-30,2021-05-03,Information Technology,ANET,VRSN,3.5045155886442684e-08,-2.9521413755084103,1.045621219148516,0.0461837525172725
2020-10-30,2021-05-03,Real Estate,CBRE,DOC,3.5985792600929975e-08,0.6259480736514006,1.0667183549871462,0.047069386260418476
2020-10-30,2021-05-03,Materials,AVY,VMC,4.3170821317873316e-08,1.4561629304651964,0.6755003281161951,0.036429509477971495
2020-10-30,2021-05-03,Energy,CVX,VLO,9.936814916157117e-08,1.9881055899332039,0.5819768253753017,0.03427523552321002
2020-10-30,2021-05-03,Information Technology,ANET,SMCI,1.8583286777703914e-07,2.16522460289906,0.45094338717384097,0.05352557993522812
2020-10-30,2021-05-03,Health Care,DVA,IDXX,1.8613451270046395e-07,2.382170534778616,0.34894847208648194,0.05204494893279159
2020-12-01,2021-06-02,Financials,ARES,BLK,3.242592487743997e-08,-2.327980391247821,0.9399688402878873,0.033732274500274564
2020-12-01,2021-06-02,Utilities,AEP,PNW,2.0936039923815102e-07,1.1074203420306667,0.7569907390048769,0.027975604637074436
2020-12-01,2021-06-02,Energy,EOG,VLO,3.5817809381737516e-07,-0.2255110438600362,1.0050815555488353,0.07387404044126625
2020-12-01,2021-06-02,Health Care,BIIB,MTD,4.185103599861043e-07,7.779239669601186,-0.3140357761002258,0.06501570125579138
2020-12-01,2021-06-02,Energy,CVX,VLO,4.303310532366345e-07,1.9742164387146437,0.5868338084147164,0.03582171093603808
2020-12-01,2021-06-02,Industrials,AME,PH,5.110700324093729e-07,1.0631486584494487,0.666423448316495,0.024811021170710885
2020-12-01,2021-06-02,Financials,NDAQ,SPGI,7.178838458403709e-07,-0.8087645494448671,0.7709802655756406,0.02944620704792519
2020-12-01,2021-06-02,Industrials,TXT,TDG,9.155174916838527e-07,-1.7088099477880867,0.8860933800329867,0.06029989610698553
2020-12-01,2021-06-02,Financials,AXP,RJF,1.1123167450512495e-06,0.6763355726796453,1.0108133058808622,0.046059419986458454
2020-12-01,2021-06-02,Health Care,BIIB,IDXX,1.536319329336303e-06,6.958418808032957,-0.2245062197646407,0.06694745531162098
2020-12-31,2021-07-01,Financials,ARES,BLK,6.80550625909445e-09,-2.248649820488139,0.9276968758481885,0.032381963543078665
2020-12-31,2021-07-01,Energy,EOG,VLO,2.21276336465252e-07,-0.29612626157922106,1.0246501530713432,0.07217934984781108
2020-12-31,2021-07-01,Financials,CFG,RJF,2.3360216968189568e-07,-2.8064067532731167,1.5242107160740255,0.0648636355529265
2020-12-31,2021-07-01,Materials,AVY,IP,3.427215491733811e-07,2.135116514883908,0.7683976765165943,0.03197271372215389
2020-12-31,2021-07-01,Health Care,BIIB,MTD,5.379038156387072e-07,8.093767477949381,-0.3613473057991027,0.06660544318365223
2020-12-31,2021-07-01,Energy,CVX,VLO,5.941156907879795e-07,1.969000867537618,0.5886624457824217,0.03643046835104322
2020-12-31,2021-07-01,Materials,AMCR,CRH,7.471910677065751e-07,0.9097416645070295,0.8179292859395464,0.047892089607522274
2020-12-31,2021-07-01,Industrials,TXT,TDG,7.59860806158346e-07,-1.7315399118350236,0.8895132767707967,0.057251422323936034
2020-12-31,2021-07-01,Utilities,AEP,PNW,7.857058170978287e-07,1.1368805025220172,0.7490789183334828,0.028887138370913758
2020-12-31,2021-07-01,Financials,CFG,MET,8.382006341086736e-07,-1.5841822712598417,1.328748145093186,0.044403895254798036
2021-02-02,2021-08-02,Industrials,ODFL,OTIS,3.0276511927643714e-11,0.052573592435172456,1.1049875445436457,0.047259931577589745
2021-02-02,2021-08-02,Industrials,OTIS,VRSK,7.826782976398073e-10,-1.7322225197136634,1.112402904835216,0.03594039909090433
2021-02-02,2021-08-02,Industrials,OTIS,SWK,1.2658093136010044e-08,1.0788984452914496,0.6040890957715968,0.03461632426811562
2021-02-02,2021-08-02,Industrials,ITW,OTIS,2.0970553521260045e-08,1.428129337332817,0.9181243099670523,0.03826284310125043
2021-02-02,2021-08-02,Industrials,CTAS,OTIS,3.570113967853865e-08,-2.3470394322336015,1.6469714607936972,0.05221047057556607
2021-02-02,2021-08-02,Materials,AVY,IP,7.153184863025008e-08,2.051722099224775,0.7944156065985346,0.03137267813090393
2021-02-02,2021-08-02,Utilities,LNT,AEE,1.0204736740636904e-07,-0.7234103661384355,1.0755578514623256,0.02167590922192808
2021-02-02,2021-08-02,Communication Services,MTCH,TMUS,1.4520390061322156e-07,-3.626069521134305,1.77129536306089,0.07598351790513916
2021-02-02,2021-08-02,Industrials,ITW,SWK,2.870048915849252e-07,2.3064974563953013,0.5770003355570935,0.02965980639666041
2021-02-02,2021-08-02,Materials,AVY,CTVA,4.2968608029933054e-07,2.0931604280059286,0.7902294748956851,0.03996214854321309
2021-03-04,2021-08-31,Health Care,IQV,ZBH,2.1510078069557293e-11,-0.030369023270787388,1.0512203840343508,0.030582600368784234
2021-03-04,2021-08-31,Industrials,ODFL,OTIS,1.0878291165649259e-09,-0.08167845260132875,1.1402324649947364,0.050276830540842754
2021-03-04,2021-08-31,Financials,KEY,RJF,1.4730757960220342e-09,-1.9781995307738052,1.1086820208887427,0.05454903461478286
2021-03-04,2021-08-31,Energy,KMI,VLO,1.9551137607746183e-09,0.6578290544392061,0.44469551471565766,0.04391933460928973
2021-03-04,2021-08-31,Industrials,OTIS,SWK,3.817578138819657e-09,1.1003013448139976,0.5994113590509488,0.03335855385192491
2021-03-04,2021-08-31,Industrials,ITW,OTIS,3.916275444703845e-09,1.4008885791638217,0.9252872799404611,0.03693757367365998
2021-03-04,2021-08-31,Financial Services,LNC,KG,4.173140442442046e-09,1.3003943902327426,0.6203210567889332,0.09222438074249506
2021-03-04,2021-08-31,Industrials,ITW,SWK,7.622158000057788e-09,2.2817943962019447,0.5830338464395743,0.025154207550220027
2021-03-04,2021-08-31,Industrials,CTAS,OTIS,9.548090465159177e-09,-2.3736233740777806,1.6540560394414203,0.05108847532064203
2021-03-04,2021-08-31,Real Estate,VTR,VICI,1.0270709183972361e-08,0.5137803588706873,1.06432831678059,0.04902454367155831
2021-04-05,2021-09-30,Energy,APA,OXY,1.2445741324877301e-09,0.4958465617712757,0.714518961756509,0.1569308051198943
2021-04-05,2021-09-30,Energy,APA,XOM,1.0419947560787566e-08,-2.4064272955471893,1.3697071500313824,0.16052405345717927
2021-04-05,2021-09-30,Energy,APA,RIG,3.276457017042142e-08,2.1691414988437994,0.4691444318979878,0.14058454914551208
2021-04-05,2021-09-30,Industrials,FAST,OTIS,4.062382946288709e-08,-0.8962912975307995,0.9616317652725148,0.03497847541891177
2021-04-05,2021-09-30,Health Care,IQV,ZBH,4.675062835470555e-08,0.10270347712195549,1.0245686673491867,0.02654279199270117
2021-04-05,2021-09-30,Industrials,EMR,HWM,8.928730964766709e-08,2.5412197830789385,0.5403730867135198,0.03734025596117047
2021-04-05,2021-09-30,Health Care,HUM,INCY,1.3098297676775283e-07,6.27498524402791,-0.07482187020499637,0.05991239854381962
2021-04-05,2021-09-30,Health Care,HUM,VRTX,1.552076335051899e-07,6.571125389643413,-0.11495170500276142,0.0587842592989225
2021-04-05,2021-09-30,Real Estate,DOC,PSA,1.8174745175618328e-07,-1.1094811043454755,0.8083899815270628,0.052703970179315614
2021-04-05,2021-09-30,Industrials,BR,CARR,1.8929031513889607e-07,3.702792265862493,0.33754786592320435,0.027577316127606367
2021-05-04,2021-10-29,Health Care,BIIB,RMD,2.948442538407616e-07,7.943628582260688,-0.4490738362524014,0.05517310199938057
2021-05-04,2021-10-29,Industrials,CARR,XYL,3.136021577278776e-07,-2.765687150031,1.3984301077991543,0.059965497259329224
2021-05-04,2021-10-29,Consumer Cyclical,WHR,LEG,4.3097124161175165e-07,0.17844189455679293,1.3514676397862,0.061892230646639526
2021-05-04,2021-10-29,Financials,AMP,PRU,6.989704353413832e-07,0.670548235944261,1.0992491876740207,0.04223646846331446
2021-05-04,2021-10-29,Health Care,CRL,ZBH,8.15934236212673e-07,-2.728581170346742,1.6693302562675651,0.05320216268042548
2021-05-04,2021-10-29,Consumer Discretionary,DECK,HAS,1.977690230568786e-06,-4.055471400468919,1.8399261753251086,0.06762007455873917
2021-05-04,2021-10-29,Health Care,BIIB,RVTY,2.505203966262706e-06,6.86709582585846,-0.26248177592536914,0.05944641089172363
2021-05-04,2021-10-29,Industrials,SWK,XYL,2.7641697988332213e-06,1.3501357314446452,0.8128926242091676,0.05269631731368439
2021-05-04,2021-10-29,Financials,AMP,L,3.607317112242521e-06,0.9701892640713126,1.1201007568087404,0.03927407340313861
2021-05-04,2021-10-29,Health Care,BIIB,TMO,3.906000624430431e-06,7.305957158730706,-0.2802234621425815,0.06066671068944128
2021-06-03,2021-11-30,Health Care,BIIB,RMD,9.592258673785755e-08,7.335054875426515,-0.33276274233033115,0.05250512655837055
2021-06-03,2021-11-30,Health Care,BIIB,BSX,1.284033678732989e-07,4.248051486922673,0.37121871131162476,0.05343034855760186
2021-06-03,2021-11-30,Health Care,BIIB,DXCM,1.830639183584074e-07,4.16114553244151,0.31550922057654823,0.052610272412505404
2021-06-03,2021-11-30,Health Care,BIIB,GILD,2.7788489828689327e-07,4.009371923589564,0.39867008761101247,0.051586259834461336
2021-06-03,2021-11-30,Financials,SCHW,IVZ,3.5783049444771606e-07,1.9464449030952742,0.7210261569466518,0.050492734077262395
2021-06-03,2021-11-30,Health Care,BIIB,DVA,7.262673802415513e-07,6.2640564945626895,-0.14465508777534927,0.05523567685990687
2021-06-03,2021-11-30,Health Care,BIIB,STE,9.075325192932427e-07,6.64314569390566,-0.20330236209106983,0.05572207763018323
2021-06-03,2021-11-30,Health Care,BIIB,RVTY,9.944717410090222e-07,6.260002650789789,-0.1369475533419764,0.05694259683816964
2021-06-03,2021-11-30,Health Care,BIIB,PODD,1.2484261785208023e-06,6.351858575182884,-0.1374826199299068,0.0564000119841317
2021-06-03,2021-11-30,Health Care,BIIB,TMO,1.2938336792109318e-06,6.508128513938372,-0.14949640056591507,0.057341292831374555
2021-07-02,2021-12-30,Utilities,D,WEC,2.0215679388575064e-09,0.8755383413748818,0.7424579230778112,0.017055294849486365
2021-07-02,2021-12-30,Utilities,D,XEL,2.8384435983985073e-08,1.1953768559144187,0.7190487350771192,0.01917053629610841
2021-07-02,2021-12-30,Consumer Cyclical,MHK,AN,9.463283360686339e-08,-0.36466760124566777,1.2406872437228669,0.09342864202308498
2021-07-02,2021-12-30,Communication Services,NFLX,NYT,7.09004295442918e-07,2.539686038948722,0.36997230676131165,0.036953206250321134
2021-07-02,2021-12-30,Consumer Cyclical,MHK,BBWI,9.03658034145342e-07,2.2515164864113584,0.7850885333923896,0.09644575161059685
2021-07-02,2021-12-30,Industrials,CARR,PAYX,2.4615942868339637e-06,-2.6058788092687837,1.415153665956209,0.047921652624456405
2021-07-02,2021-12-30,Financial Services,LNC,KG,3.11477639836623e-06,1.2363533383439074,0.6368225347069867,0.05923246603789322
2021-07-02,2021-12-30,Utilities,CMS,D,4.366651730255953e-06,0.014351375152282797,0.9571322802400373,0.020596247528229947
2021-07-02,2021-12-30,Real Estate,DOC,VICI,6.2213486609841404e-06,1.2203207830931635,0.6355360316213983,0.025500344505581887
2021-07-02,2021-12-30,Materials,APD,NEM,8.365454925681787e-06,3.4325694241040683,0.5237502631969622,0.0345148963299682
2021-08-03,2022-01-31,Utilities,DTE,EVRG,2.6768853746047007e-14,1.369756739404519,0.8196827267019893,0.023795389307360713
2021-08-03,2022-01-31,Utilities,DUK,EVRG,7.00851132866395e-08,0.9950038378982915,0.8700059974189498,0.03373092828717133
2021-08-03,2022-01-31,Utilities,CNP,EVRG,1.283551068203303e-07,-0.883188811032338,1.004889662511868,0.041307672167165826
2021-08-03,2022-01-31,Industrials,IR,PH,7.590690019448682e-07,-0.5251924552084555,0.7779899134524273,0.017390105731893937
2021-08-03,2022-01-31,Industrials,MMM,HII,8.411434006605131e-07,1.8638253523740613,0.5848657231802786,0.03416934193287835
2021-08-03,2022-01-31,Consumer Cyclical,MHK,BC,9.472448143952111e-07,-1.1714794018661943,1.4294623496244014,0.06995395812981782
2021-08-03,2022-01-31,Financials,CPAY,FISV,2.049265924377647e-06,1.7985188315567888,0.8018764109041918,0.029777602844171074
2021-08-03,2022-01-31,Industrials,FDX,HII,2.0592416943807705e-06,3.0150642312973552,0.4877747478308885,0.09753942928128342
2021-08-03,2022-01-31,Utilities,EVRG,PPL,3.098963960706226e-06,-2.0629906305775005,1.8773580603269422,0.05105130518751045
2021-08-03,2022-01-31,Financial Services,LNC,KG,3.858343289295239e-06,1.2609032597207706,0.6292019571700914,0.059602972073553744
2021-09-01,2022-03-02,Information Technology,AVGO,CIEN,2.148958382083954e-15,0.33031167678179546,0.8503365125124196,0.041556813335234886
2021-09-01,2022-03-02,Information Technology,ADI,CIEN,1.9106508715997143e-11,1.323646991266098,0.912172145807493,0.051474631608197416
2021-09-01,2022-03-02,Information Technology,CIEN,ON,5.7175795937605895e-11,2.1359902657673016,0.5082354893734012,0.06116460968052318
2021-09-01,2022-03-02,Information Technology,CIEN,NTAP,3.4018038516295217e-10,1.855497055272414,0.5110145330455704,0.04917130320869002
2021-09-01,2022-03-02,Information Technology,CIEN,TEL,7.790889408844445e-10,-0.14558944532434281,0.8589288779499372,0.05926994483302805
2021-09-01,2022-03-02,Information Technology,CIEN,PTC,2.759581986679555e-09,0.9396382568744441,0.6243351149922257,0.04776422169475109
2021-09-01,2022-03-02,Information Technology,AMAT,CIEN,6.9835627651262534e-09,-4.2530326177929805,2.2484166785705164,0.13474319151120795
2021-09-01,2022-03-02,Information Technology,CIEN,KEYS,1.2886969287689858e-08,0.5456631520962805,0.6909710926154118,0.055868816368529785
2021-09-01,2022-03-02,Information Technology,CIEN,LRCX,1.7206518160297956e-08,2.05505540208362,0.4824856856819613,0.05745177015941195
2021-09-01,2022-03-02,Information Technology,CIEN,NXPI,1.9105503075496258e-08,0.6925074343485454,0.6376391976439864,0.05763787421656959
2021-10-01,2022-03-31,Financials,BRK-B,NTRS,1.0285710045183728e-06,1.7366598516070226,0.8485482194967282,0.018741081626954877
2021-10-01,2022-03-31,Materials,CRH,SW,6.091484054714539e-06,0.4166718123039049,0.8794438160786026,0.04736918972685027
2021-10-01,2022-03-31,Consumer Discretionary,HAS,SBUX,1.0754652917796567e-05,2.078929858583583,0.49722971454958237,0.025714183448310723
2021-10-01,2022-03-31,Utilities,PPL,SO,1.1479352795015766e-05,0.8370876478297139,0.5898602606338211,0.01758705813005211
2021-10-01,2022-03-31,Financials,CBOE,TROW,1.5047853768423023e-05,0.5150720898491234,0.8202859543195313,0.03467958121424823
2021-10-01,2022-03-31,Utilities,EIX,FE,1.8532656921519913e-05,4.101490537708717,-0.07802836273762397,0.03863353400712602
2021-10-01,2022-03-31,Industrials,J,AYI,2.4014582992672e-05,1.9599446857572658,0.525616368271583,0.030664097292575798
2021-10-01,2022-03-31,Consumer Cyclical,PVH,CPRI,2.475688941553541e-05,2.283720555396178,0.5989119786011836,0.04086448654521054
2021-10-01,2022-03-31,Real Estate,CBRE,REG,2.6180086121768276e-05,0.3756302775809462,1.0320863899853696,0.04116897295569198
2021-10-01,2022-03-31,Consumer Discretionary,HAS,TJX,3.3213615552980694e-05,1.9616580456886137,0.578733913592581,0.028835654053946377
2021-11-01,2022-05-02,Industrials,AME,IEX,8.061060114935136e-09,-0.33288520111220277,0.9737415296523657,0.013705310432967762
2021-11-01,2022-05-02,Real Estate,ESS,EXR,2.6912762335048228e-08,2.3745750931382195,0.6503800961253807,0.03479941697968649
2021-11-01,2022-05-02,Health Care,MCK,DGX,2.757186394805907e-08,2.2767830534913887,0.613775097233457,0.03525384761280981
2021-11-01,2022-05-02,Real Estate,EQR,EXR,4.985554984015425e-08,0.6213773916201498,0.7266610195556997,0.04782856519456498
2021-11-01,2022-05-02,Industrials,HON,UBER,5.701309831408711e-08,5.584250784574101,-0.09435934381224328,0.05818014456641059
2021-11-01,2022-05-02,Industrials,HON,OTIS,7.404379152808417e-08,3.706611728922908,0.3560281258852597,0.03617374706210511
2021-11-01,2022-05-02,Consumer Staples,STZ,WMT,7.774695529519187e-08,7.193209059168909,-0.494701029291161,0.05606869047097412
2021-11-01,2022-05-02,Industrials,AME,EXPD,8.963080434292212e-08,2.7766791732844505,0.4394634352008406,0.028959525101263418
2021-11-01,2022-05-02,Industrials,HON,TT,1.1358514808033476e-07,3.0426554262013212,0.4289063127085461,0.030669455196469363
2021-11-01,2022-05-02,Real Estate,AVB,EXR,1.1381801596876092e-07,1.6672549116163442,0.719649015070213,0.03348944116093824
2021-12-01,2022-06-01,Utilities,FE,NI,7.79454270383432e-07,-0.7808830665325404,1.3722898112961528,0.05170202737113069
2021-12-01,2022-06-01,Financial Services,SLM,KG,8.692279500580908e-07,-1.319120236542004,0.9874967313972647,0.04893379168130449
2021-12-01,2022-06-01,Consumer Cyclical,PVH,CCK,1.1365121973843348e-06,-0.479888110114403,1.1197112413339658,0.05144913453342786
2021-12-01,2022-06-01,Utilities,ETR,SO,3.196741364483683e-06,-1.724075975079663,1.3863402001950258,0.024305087365780256
2021-12-01,2022-06-01,Consumer Cyclical,CPRI,MAT,6.824663072805329e-06,-0.2747232409602515,1.4073686689542475,0.0505660441131186
2021-12-01,2022-06-01,Utilities,D,DTE,2.2287058613295826e-05,1.9260955710149839,0.476627660349983,0.018412497383928042
2021-12-01,2022-06-01,Utilities,D,SO,2.4032777048719836e-05,1.363130747364074,0.6925802457458046,0.017459278306118382
2021-12-01,2022-06-01,Industrials,AME,IEX,3.4808831581471384e-05,-0.11955187010751933,0.9334473455901946,0.01213437924567272
2021-12-01,2022-06-01,Industrials,GE,SNA,4.577608309994648e-05,1.0391976292819352,0.5882901267962806,0.033446844922120626
2021-12-01,2022-06-01,Information Technology,CSCO,JBL,5.242160486971015e-05,1.2529753061495361,0.6456054829666982,0.022152673375657354
2021-12-31,2022-07-01,Information Technology,AMAT,VRSN,1.4532114726815723e-06,-2.356847554958408,1.3402414814300119,0.08053970065854421
2021-12-31,2022-07-01,Financial Services,SLM,KG,6.610788495249639e-06,-0.9026609257890728,0.8894385519905915,0.04951379353368347
2021-12-31,2022-07-01,Health Care,COR,UNH,6.929401379654863e-06,1.0554312902662377,0.6146308651100004,0.031590614977715245
2021-12-31,2022-07-01,Real Estate,KIM,REG,1.0801195024453989e-05,-0.4571186054146492,0.8266756624622131,0.017592512345060794
2021-12-31,2022-07-01,Consumer Cyclical,BC,CCK,1.3204790089772701e-05,0.9841032721753751,0.7620608621670144,0.04980011760146428
2021-12-31,2022-07-01,Utilities,PPL,SO,1.4544107088988203e-05,0.5341124542797089,0.6671871796612607,0.014446552773275301
2021-12-31,2022-07-01,Financial Services,BHF,GNW,1.4887621488063256e-05,2.9442396808939963,0.669641493807694,0.05595568448571479
2021-12-31,2022-07-01,Utilities,PPL,PEG,1.6404230702172858e-05,0.719958624497,0.6221350577587133,0.013709647839026805
2021-12-31,2022-07-01,Utilities,D,DTE,2.3013728671746546e-05,1.5204066932505398,0.564874514512658,0.01568045134234122
2021-12-31,2022-07-01,Health Care,DHR,ISRG,2.5828752053863792e-05,-0.20671382415267603,0.993884290162521,0.03475868946788047
2022-02-01,2022-08-02,Real Estate,CPT,ESS,1.0218137416022238e-06,-4.993494119824005,1.750651933527776,0.033057686811185795
2022-02-01,2022-08-02,Communication Services,NWS,TKO,1.7785566165599531e-06,1.5265146071025502,0.40433816972304826,0.04398295118926475
2022-02-01,2022-08-02,Real Estate,MAA,UDR,1.946187763899635e-06,-0.02866753996138205,1.344176311579489,0.02092638061448441
2022-02-01,2022-08-02,Real Estate,ESS,MAA,2.76366390529039e-06,2.5882866570567074,0.5969753257391966,0.019460764540595168
2022-02-01,2022-08-02,Utilities,DTE,WEC,4.085981867440476e-06,0.20731657740977316,1.004627853431863,0.016785275682234785
2022-02-01,2022-08-02,Real Estate,FRT,PLD,8.110739285583203e-06,1.7515848550335278,0.5974308056460634,0.04053900911468797
2022-02-01,2022-08-02,Industrials,URI,XRX,1.0268764207519996e-05,7.358986442401282,-0.5621346957463826,0.06436369792642395
2022-02-01,2022-08-02,Consumer Discretionary,DRI,LVS,1.1778935491807045e-05,5.374286998685933,-0.14694355529395067,0.04034919885706035
2022-02-01,2022-08-02,Consumer Discretionary,HAS,LEN,1.3102776023677424e-05,2.736599990011059,0.36380455101790854,0.026920005190589704
2022-02-01,2022-08-02,Industrials,GD,LUV,1.485336553275768e-05,6.4852995945151,-0.34166526810905345,0.06288480668009261
2022-03-03,2022-08-31,Utilities,EXC,CPWR,1.8665238912334264e-07,2.54873962951621,-0.2080538755375343,0.04042679442627481
2022-03-03,2022-08-31,Utilities,CNP,CPWR,8.464429401542656e-07,2.6243997203199934,-0.12213871376627039,0.04161567020326357
2022-03-03,2022-08-31,Utilities,PEG,CPWR,1.2817021876059618e-06,3.7065917219433957,-0.06744208063758442,0.027542197893639087
2022-03-03,2022-08-31,Utilities,AEE,CPWR,1.4194184365049533e-06,4.090749533407358,-0.05092711034664895,0.032044055980535203
2022-03-03,2022-08-31,Consumer Cyclical,SEE,MI,3.925436177944872e-06,4.592306447365756,-0.10239890812033414,0.0873555196767286
2022-03-03,2022-08-31,Industrials,BLDR,FLS,4.0793937681085444e-06,10.24683343613136,-1.7743521615860223,0.0835310135395221
2022-03-03,2022-08-31,Information Technology,NXPI,ZBRA,7.170365553286917e-06,1.8879489134384557,0.5355215372720595,0.040464046318830625
2022-03-03,2022-08-31,Consumer Discretionary,EXPE,GRMN,8.626898589452237e-06,7.874700188135682,-0.5666810187447886,0.05111823891722434
2022-03-03,2022-08-31,Consumer Discretionary,DRI,LVS,1.1597807371169819e-05,5.271146560744734,-0.11817040631836914,0.033465323732655504
2022-03-03,2022-08-31,Consumer Discretionary,HAS,TJX,1.4385573128788793e-05,2.2587420020540394,0.5097216271482072,0.026715472807839553
2022-04-01,2022-09-30,Industrials,FTV,LMT,2.299854890570862e-05,8.375043356485534,-0.7607911476224307,0.03334156074476411
2022-04-01,2022-09-30,Industrials,BLDR,FLS,2.400432073559182e-05,10.289774447922351,-1.7813571102686105,0.08693911640206042
2022-04-01,2022-09-30,Information Technology,AMD,APH,2.613280581611388e-05,-4.5229506052564314,2.5690829464353153,0.051217990258642716
2022-04-01,2022-09-30,Consumer Discretionary,LVS,ULTA,3.70720062594157e-05,14.797651465007554,-1.8760764236568952,0.1010826694911094
2022-04-01,2022-09-30,Real Estate,KIM,MMI,3.924595526540002e-05,0.6918649932678732,0.6015434886312081,0.026107006274122116
2022-04-01,2022-09-30,Consumer Discretionary,ULTA,WYNN,4.701188541574319e-05,7.419872063594256,-0.3350491146412873,0.04806781897897168
2022-04-01,2022-09-30,Industrials,GE,AAL,4.720375125056395e-05,2.933712730523176,0.4004151508250825,0.02493187530657901
2022-04-01,2022-09-30,Consumer Discretionary,EXPE,GRMN,5.32951628069599e-05,7.831039859863879,-0.5573255174572762,0.05282234334219739
2022-04-01,2022-09-30,Consumer Discretionary,HAS,TJX,6.0515980383124576e-05,1.8699618662757826,0.6023972724016322,0.027904421174353676
2022-04-01,2022-09-30,Industrials,WAB,RHI,9.576502511452766e-05,2.360334159494148,0.4680175501362773,0.024537479974306317
2022-05-03,2022-10-31,Industrials,FTV,LMT,1.1831550586726995e-05,8.617908772443934,-0.8033737343368248,0.03325207949109089
2022-05-03,2022-10-31,Industrials,HWM,ATI,1.2217022011753731e-05,2.7173244752331813,0.2527894560193083,0.028989725724976673
2022-05-03,2022-10-31,Industrials,BLDR,FLS,2.1314546141570017e-05,10.21517850589319,-1.758656791494734,0.08998517508987859
2022-05-03,2022-10-31,Information Technology,GEN,TXN,2.3573492545745874e-05,6.130645622308018,-0.5794279923820229,0.05518446012868045
2022-05-03,2022-10-31,Consumer Cyclical,WHR,KBH,2.9408919911076025e-05,2.136800755091352,0.819098343127534,0.032444851248490246
2022-05-03,2022-10-31,Information Technology,GEN,GDDY,2.9759409518048823e-05,2.044277783514941,0.25999310459359837,0.056788735484955076
2022-05-03,2022-10-31,Consumer Discretionary,LVS,ULTA,3.119925936683264e-05,13.12615943618239,-1.5945668278232337,0.09484148638826977
2022-05-03,2022-10-31,Industrials,WAB,RHI,3.3559012160743056e-05,2.234696705305664,0.4956043500688212,0.024591946376249823
2022-05-03,2022-10-31,Information Technology,GEN,HPE,3.504102212937276e-05,2.2632482563782474,0.34884821895721474,0.055400921364246784
2022-05-03,2022-10-31,Industrials,ALLE,RTX,3.772804975459495e-05,9.249292798162553,-1.0113508948685785,0.04109735119288619
2022-06-02,2022-11-30,Industrials,SNA,RHI,3.996688493390905e-08,5.995683754607741,-0.16285960664936183,0.031068661831192845
2022-06-02,2022-11-30,Industrials,SNA,WAB,1.1300098475647307e-07,6.191953677968517,-0.20767590739901076,0.03361151693948322
2022-06-02,2022-11-30,Industrials,SNA,UNP,1.1952117328857832e-07,6.149721087134038,-0.16549583211506952,0.03300834733945217
2022-06-02,2022-11-30,Industrials,JCI,ROK,1.7098286439037935e-07,-0.19840793988763972,0.7769937503878274,0.02244203227511876
2022-06-02,2022-11-30,Industrials,SNA,UPS,4.267199979644346e-07,5.742317426379399,-0.09371345355770755,0.03482003912087838
2022-06-02,2022-11-30,Industrials,SNA,AYI,7.019127407556756e-07,5.637693346289136,-0.07152362307754154,0.034827795563878015
2022-06-02,2022-11-30,Industrials,SNA,URI,9.296390531490885e-07,5.5598428508539985,-0.05124437741333465,0.035106715585600703
2022-06-02,2022-11-30,Industrials,SNA,FLR,9.796795377910605e-07,5.374943685452683,-0.036316471716579896,0.034517885561435674
2022-06-02,2022-11-30,Industrials,FTV,LMT,1.00767286208952e-06,8.75950208935225,-0.8283884234554143,0.03405022095348291
2022-06-02,2022-11-30,Industrials,SNA,GWW,1.098395526217007e-06,5.719608906469684,-0.07458876022685965,0.03488113312087346
2022-07-05,2022-12-30,Industrials,EME,ROK,1.7805664316071248e-07,2.6800240537720743,0.37069438023365014,0.024018063194271667
2022-07-05,2022-12-30,Industrials,JCI,ROK,1.0311473600851484e-06,-0.40775111216794,0.8140875877457423,0.02456965816662339
2022-07-05,2022-12-30,Materials,CRH,SW,2.453889320078016e-06,1.3585429290091557,0.6324099355138919,0.039565148395721665
2022-07-05,2022-12-30,Industrials,EME,JCI,9.117305837238465e-06,2.8994767076476875,0.4471724038864218,0.024309175145190726
2022-07-05,2022-12-30,Health Care,BSX,DVA,1.2038066695614554e-05,1.7131369591084493,0.4325514187371041,0.027525361534696213
2022-07-05,2022-12-30,Industrials,HWM,ATI,2.0168138740542384e-05,2.7459182880422,0.24162361417162498,0.03123164187395149
2022-07-05,2022-12-30,Energy,RIG,BTU,2.1637695944411945e-05,0.599828448389017,0.2592692063420085,0.10084306820196982
2022-07-05,2022-12-30,Utilities,AEE,ETR,2.907555469163834e-05,1.413264724126131,0.7610273244393813,0.014256944585323129
2022-07-05,2022-12-30,Industrials,EXPD,RTX,6.163589587343897e-05,10.185769285201191,-1.2437000159026728,0.05361326535402806
2022-07-05,2022-12-30,Consumer Cyclical,WHR,KBH,6.335634157907154e-05,2.2375838399459296,0.7914807903994472,0.033039296551084854
