run_id,_path,DATASET,METHOD,TRADE_METHOD,TOP N,STOP LOSS %,MAX SEC %,Final_Equity,RCC_Raw,REC_Raw,Cum_Ret_Raw,Ann_Ret_Raw,Sharpe_Raw,Sortino_Raw,Calmar_Raw,MDD_Raw,Win_Rate,Profit_Factor,Avg_Trade_Days,Entries,Exits,Stop_Losses,Forced_Closes,Gross_Profit,Gross_Loss,Avg_Utilization,Ann_Ret_Employed,Excess_Ret_RF,ENTRY Z,DYN Z NUM
1,tiingo/SSD_Rolling_DRL_THR/TradeLogs_Top1_SL15_ZWin0_MSR0.csv,Tiingo,SSD (Rolling-DRL-THR),DRL,Top 1,15%,0%,18136.94219999995,0.8136942199999949,0.004130427512690329,0.8136942199999952,0.02410046364291296,0.275436468321744,0.43381882090217644,0.10206262308587828,-0.236134080373715,0.42554858934169276,1.3265607921794214,32.02036199095023,821,664,0,157,33054.024699999994,-24917.082499999997,0.5727957160277822,0.05694014257601668,0.021159155416997835,2.0,0.0
1,tiingo/SSD_Rolling_DRL_THR/TradeLogs_Top1_SL5_ZWin0_MSR0.csv,Tiingo,SSD (Rolling-DRL-THR),DRL,Top 1,5%,0%,17989.722800000014,0.7989722800000013,0.004055696852791885,0.7989722800000023,0.023766652111439024,0.27131079533563285,0.4270332119512649,0.10064897059257602,-0.236134080373715,0.4370909090909091,1.2968569806507295,32.09395973154363,872,716,0,156,34904.1069,-26914.384099999996,0.5777000159058374,0.05543530136563886,0.020470974162557706,2.0,0.0
1,tiingo/SSD_Rolling_DRL_THR/TradeLogs_Top1_SL0_ZWin0_MSR0.csv,Tiingo,SSD (Rolling-DRL-THR),DRL,Top 1,0%,0%,18281.07089999997,0.8281070899999972,0.004161342160804006,0.8281070899999967,0.024424756805377923,0.27692782820272543,0.43614671675199274,0.10343596640824718,-0.236134080373715,0.4300202839756592,1.316975850593355,32.02625820568928,927,767,0,160,34406.3132,-26125.242299999998,0.5928105614760617,0.05599221536892923,0.02133656540162228,2.0,0.0
1,tiingo/SSD_Rolling_DRL_THR/TradeLogs_Top3_SL5_ZWin0_MSR0.csv,Tiingo,SSD (Rolling-DRL-THR),DRL,Top 3,5%,0%,13098.505299999993,0.30985052999999946,0.0022132180714285674,0.30869491313085873,0.010819325783586908,0.29575199086967674,0.42035440749715675,0.1047936593764722,-0.10324408793396916,0.3697585768742058,1.1413008717439421,34.45464025026069,3920,3621,0,299,25026.928399999997,-21928.4231,0.4406358800346394,0.028185741583876413,0.003606931446547527,2.0,0.0
1,tiingo/SSD_Rolling_DRL_THR/TradeLogs_Top3_SL15_ZWin0_MSR0.csv,Tiingo,SSD (Rolling-DRL-THR),DRL,Top 3,15%,0%,12400.015300000006,0.2400015300000006,0.0016941284470588277,0.2389075374771812,0.008606019609702864,0.2539604934458263,0.35215845819169,0.0833560524570369,-0.10324408793396916,0.35906040268456374,1.1120090931762425,34.37789473684211,4254,3957,0,297,23826.9837,-21426.968399999998,0.4387448526942721,0.021925982157056306,0.0008450147577894664,2.0,0.0
1,tiingo/SSD_Rolling_DRL_THR/TradeLogs_Top3_SL0_ZWin0_MSR0.csv,Tiingo,SSD (Rolling-DRL-THR),DRL,Top 3,0%,0%,12479.7432,0.24797432,0.0017504069647058822,0.24687329347566278,0.008864622195882355,0.25836134578532577,0.3576502409486692,0.0858608214114092,-0.10324408793396916,0.36122520830888394,1.1034805623494082,32.8186372745491,4657,4353,0,304,26443.115100000003,-23963.3719,0.44768746796741066,0.02220183399167045,0.0009857334846155204,2.0,0.0
1,tiingo/SSD_Rolling_DRL_THR/TradeLogs_Top5_SL5_ZWin0_MSR0.csv,Tiingo,SSD (Rolling-DRL-THR),DRL,Top 5,5%,0%,12311.946099999992,0.2311946099999992,0.0017488245839636853,0.23054263159750055,0.008332735014048742,0.30804514080744105,0.44476592080916344,0.1172064604351712,-0.07109450266743371,0.3668104333538714,1.1007931393009704,35.77770404777704,7933,7482,0,451,25249.480499999998,-22937.534399999997,0.4291819097608823,0.02159202514700788,0.0006832683929801908,2.0,0.0
1,tiingo/SSD_Rolling_DRL_THR/TradeLogs_Top5_SL0_ZWin0_MSR0.csv,Tiingo,SSD (Rolling-DRL-THR),DRL,Top 5,0%,0%,11866.7478,0.18667477999999993,0.0013889492559523806,0.18604637704804716,0.006848359641498769,0.24792185697878552,0.3499823678945465,0.08650780887964098,-0.07916464109068984,0.37176062946654154,1.0834453366936028,36.37109375,7553,7083,0,470,24237.654000000002,-22370.906199999998,0.440167541487726,0.016999052478920737,-0.001320919692487146,2.0,0.0
1,tiingo/SSD_Rolling_DRL_THR/TradeLogs_Top5_SL15_ZWin0_MSR0.csv,Tiingo,SSD (Rolling-DRL-THR),DRL,Top 5,15%,0%,12393.5831,0.23935830999999994,0.0018817477201257856,0.23870200851482637,0.008599326155955156,0.3144467946954133,0.45147416733112644,0.1392239753315267,-0.061766129974941714,0.3641944103415902,1.1103252995028543,34.67654986522911,7503,7063,0,440,24089.269500000002,-21695.6864,0.4154763798313981,0.02309187784541173,0.0012846022140925693,2.0,0.0
1,tiingo/SSD_Rolling_DRL_THR/TradeLogs_Top10_SL0_ZWin0_MSR0.csv,Tiingo,SSD (Rolling-DRL-THR),DRL,Top 10,0%,0%,12280.6302,0.22806301999999992,0.001937663721325403,0.22785520550646865,0.008244557185332457,0.39190031610209053,0.6310688325821115,0.13180734758419108,-0.06255005761394523,0.35772282708986897,1.0935736007019758,38.14057142857143,17294,16484,0,810,26653.211600000002,-24372.5814,0.3824558613010975,0.023901801222707415,0.0014922667472562403,2.0,0.0
1,tiingo/SSD_Rolling_DRL_THR/TradeLogs_Top10_SL5_ZWin0_MSR0.csv,Tiingo,SSD (Rolling-DRL-THR),DRL,Top 10,5%,0%,11538.0097,0.15380097000000006,0.0013503158033362603,0.15360572223151148,0.005732063681531452,0.2893076445647384,0.4480692912210982,0.08884606269891118,-0.06451680026560928,0.36208689817144774,1.0669830441419614,39.13155833985905,15916,15132,0,784,24499.1892,-22961.1795,0.3832962197126345,0.016083539089959683,-0.0015011646614707577,2.0,0.0
1,tiingo/SSD_Rolling_DRL_THR/TradeLogs_Top10_SL15_ZWin0_MSR0.csv,Tiingo,SSD (Rolling-DRL-THR),DRL,Top 10,15%,0%,11450.191100000002,0.1450191100000002,0.0012610357391304365,0.14482534830980054,0.00542474457533193,0.2863532754085008,0.43821391903264284,0.09505742228512487,-0.05706807995550733,0.35544294053499265,1.062265765589379,39.00119189511323,16590,15812,0,778,24740.5351,-23290.344,0.3705742007316685,0.015685816688127758,-0.0015987250326069584,2.0,0.0
1,tiingo/SSD_Rolling_DRL_THR/TradeLogs_Top20_SL0_ZWin0_MSR0.csv,Tiingo,SSD (Rolling-DRL-THR),DRL,Top 20,0%,0%,11284.019199999995,0.12840191999999956,0.0015901166563467438,0.12879593750994744,0.004857822048041749,0.37270856734104063,0.580702727234183,0.11704909120356995,-0.04150243285181173,0.35977446370849253,1.0691534600747579,39.22222222222222,28733,27651,0,1082,19851.6975,-18567.6783,0.28298605588250886,0.01818710449282416,-0.0005130241493028114,2.0,0.0
1,tiingo/SSD_Rolling_DRL_THR/TradeLogs_Top20_SL5_ZWin0_MSR0.csv,Tiingo,SSD (Rolling-DRL-THR),DRL,Top 20,5%,0%,10594.279600000002,0.05942796000000019,0.0007125654676259015,0.05979789305254668,0.0023258294753580877,0.1821263442785327,0.27283352008963185,0.03190835254752048,-0.07289092947980551,0.3535205992509363,1.032273114713481,39.917864476386036,28252,27125,0,1127,19008.356,-18414.076399999998,0.29176872912358837,0.008164115855752744,-0.0034533408748210525,2.0,0.0
1,tiingo/SSD_Rolling_DRL_THR/TradeLogs_Top20_SL15_ZWin0_MSR0.csv,Tiingo,SSD (Rolling-DRL-THR),DRL,Top 20,15%,0%,10603.699499999999,0.060369949999999825,0.0007225607420706143,0.06074021197839308,0.002361462976038675,0.18153225369973236,0.28476323698220873,0.03530984585903187,-0.06687831449240492,0.35451670109878053,1.0321176817092335,39.20809248554913,28916,27770,0,1146,19400.1838,-18796.484299999996,0.29368935899475107,0.008239288029570633,-0.003453995959917297,2.0,0.0
1,tiingo/HDBSCAN_Cluster_SSD_DTW_DRL_THR/TradeLogs_Top1_SL5_ZWin0_MSR0.csv,Tiingo,HDBSCAN (Cluster-SSD-DTW-PCA-DRL-THR),DRL,Top 1,5%,0%,15104.743499999993,0.5104743499999994,0.0023309331050228284,0.5104743499999975,0.01663377566476787,0.26830118627799815,0.37436497506901845,0.07524750631163413,-0.22105417813953654,0.4713375796178344,1.227826521019724,29.735042735042736,751,572,0,179,27511.017699999997,-22406.2742,0.5828163936164572,0.03510744676825104,0.008804867642224674,2.0,0.0
1,tiingo/HDBSCAN_Cluster_SSD_DTW_DRL_THR/TradeLogs_Top1_SL0_ZWin0_MSR0.csv,Tiingo,HDBSCAN (Cluster-SSD-DTW-PCA-DRL-THR),DRL,Top 1,0%,0%,14002.094499999996,0.4002094499999995,0.001827440410958902,0.40020944999999797,0.01355593295270463,0.2237910943257784,0.30853090971893665,0.061324029551469,-0.22105417813953654,0.4523809523809524,1.1769964984577275,29.699570815450645,808,626,0,182,26613.245199999998,-22611.150700000002,0.5810932612268703,0.027605688339416023,0.0044196142410264354,2.0,0.0
1,tiingo/HDBSCAN_Cluster_SSD_DTW_DRL_THR/TradeLogs_Top1_SL15_ZWin0_MSR0.csv,Tiingo,HDBSCAN (Cluster-SSD-DTW-PCA-DRL-THR),DRL,Top 1,15%,0%,14070.04259999999,0.407004259999999,0.0018584669406392649,0.4070042599999988,0.013752215843347182,0.22782329408169963,0.3185087718701871,0.06221196974918221,-0.22105417813953654,0.43333333333333335,1.1792919332593075,29.29598308668076,850,668,0,182,26770.688000000002,-22700.645399999998,0.5870049308096071,0.02779164707221237,0.004573735250516898,2.0,0.0
1,tiingo/HDBSCAN_Cluster_SSD_DTW_DRL_THR/TradeLogs_Top3_SL5_ZWin0_MSR0.csv,Tiingo,HDBSCAN (Cluster-SSD-DTW-PCA-DRL-THR),DRL,Top 3,5%,0%,10993.464899999999,0.09934648999999984,0.0005764786653771751,0.09612904433873215,0.003678144744297729,0.12742607654250043,0.17914927899476563,0.020363486005038057,-0.18062451308129326,0.3809445178335535,1.0438379206407025,31.40778498609824,3493,3088,0,405,23655.6917,-22662.2268,0.46828552745524277,0.008503522637279678,-0.005383633965678746,2.0,0.0
1,tiingo/HDBSCAN_Cluster_SSD_DTW_DRL_THR/TradeLogs_Top3_SL0_ZWin0_MSR0.csv,Tiingo,HDBSCAN (Cluster-SSD-DTW-PCA-DRL-THR),DRL,Top 3,0%,0%,10742.16509999999,0.07421650999999892,0.0004146173743016699,0.07107261198349613,0.002750198374882329,0.09779984489856895,0.1354858587124551,0.01449235863414557,-0.1897688598736829,0.3781485116126922,1.0319615815609848,31.948970456580124,3548,3120,0,428,23962.7025,-23220.5374,0.47569941501864516,0.006253526449575448,-0.006539189426506237,2.0,0.0
1,tiingo/HDBSCAN_Cluster_SSD_DTW_DRL_THR/TradeLogs_Top3_SL15_ZWin0_MSR0.csv,Tiingo,HDBSCAN (Cluster-SSD-DTW-PCA-DRL-THR),DRL,Top 3,15%,0%,11679.844299999995,0.16798442999999957,0.0009881437058823503,0.16456610241091685,0.006112548779786842,0.20194601587558422,0.2905652845485643,0.04347474802007719,-0.14059998178630015,0.3816867469879518,1.0801218294743458,31.216089803554723,3578,3179,0,399,22645.9694,-20966.1251,0.4597140483890921,0.014646651054897701,-0.002461009715992452,2.0,0.0
1,tiingo/HDBSCAN_Cluster_SSD_DTW_DRL_THR/TradeLogs_Top5_SL15_ZWin0_MSR0.csv,Tiingo,HDBSCAN (Cluster-SSD-DTW-PCA-DRL-THR),DRL,Top 5,15%,0%,11674.381599999993,0.1674381599999993,0.0010098803377563289,0.16467148289238676,0.006116190308411262,0.2467080629455129,0.35618864688088947,0.05449242986168586,-0.112239265599562,0.3774828113063407,1.0762322646890168,31.74956420685648,5984,5336,0,648,23638.5933,-21964.2117,0.43846561688139546,0.015306502975852124,-0.002057937068023993,2.0,0.0
1,tiingo/HDBSCAN_Cluster_SSD_DTW_DRL_THR/TradeLogs_Top5_SL0_ZWin0_MSR0.csv,Tiingo,HDBSCAN (Cluster-SSD-DTW-PCA-DRL-THR),DRL,Top 5,0%,0%,11999.846099999997,0.19998460999999976,0.0012164513990267625,0.1971408020247878,0.007223405789066328,0.2991474074145954,0.43704257321936174,0.093376489952768,-0.07735786376977861,0.3824217444580595,1.102921155478718,31.05017301038062,5246,4594,0,652,21430.7016,-19430.855499999998,0.4370765070780977,0.01833986743331269,-0.0007256049435342884,2.0,0.0
1,tiingo/HDBSCAN_Cluster_SSD_DTW_DRL_THR/TradeLogs_Top5_SL5_ZWin0_MSR0.csv,Tiingo,HDBSCAN (Cluster-SSD-DTW-PCA-DRL-THR),DRL,Top 5,5%,0%,11427.70369999999,0.14277036999999898,0.0008498236309523749,0.14006215235707287,0.0052570814342018934,0.21192364700979333,0.2981265733991174,0.03264726344723863,-0.16102671033049626,0.37539038101186756,1.0674526834376805,31.934369602763386,5564,4893,0,671,22593.7067,-21166.003,0.4425056995917502,0.012932315658810612,-0.0031274906038916703,2.0,0.0
1,tiingo/HDBSCAN_Cluster_SSD_DTW_DRL_THR/TradeLogs_Top10_SL0_ZWin0_MSR0.csv,Tiingo,HDBSCAN (Cluster-SSD-DTW-PCA-DRL-THR),DRL,Top 10,0%,0%,11420.493599999994,0.14204935999999938,0.0009041970719287038,0.14096581899067795,0.0052889418668542465,0.2613312377665412,0.3853593647780028,0.04408451421128336,-0.11997278322056572,0.3819230769230769,1.0638452207609808,33.697259400892285,11783,10587,0,1196,23669.5137,-22249.0201,0.4157441280950109,0.013695258617457393,-0.0026211592089497105,2.0,0.0
1,tiingo/HDBSCAN_Cluster_SSD_DTW_DRL_THR/TradeLogs_Top10_SL15_ZWin0_MSR0.csv,Tiingo,HDBSCAN (Cluster-SSD-DTW-PCA-DRL-THR),DRL,Top 10,15%,0%,11419.153100000009,0.14191531000000085,0.0009299823722149466,0.1408318961731636,0.005284221700444958,0.2647101599834867,0.4004986656750765,0.045969845362459925,-0.11494973843788867,0.37674349589474726,1.0663523792088236,33.752161383285305,11472,10296,0,1176,22807.2799,-21388.1268,0.4150416202746408,0.013705493588482599,-0.0026124821398652966,2.0,0.0
1,tiingo/HDBSCAN_Cluster_SSD_DTW_DRL_THR/TradeLogs_Top10_SL5_ZWin0_MSR0.csv,Tiingo,HDBSCAN (Cluster-SSD-DTW-PCA-DRL-THR),DRL,Top 10,5%,0%,11581.38890000001,0.15813889000000114,0.0010027830691185867,0.1570400837436725,0.005851658139046645,0.29553537578676475,0.4577530047400698,0.04633187671622266,-0.12629875053167755,0.3760928833317665,1.070235363223305,34.33460559796438,12049,10829,0,1220,24096.954100000003,-22515.565199999997,0.42345315730873234,0.01496891737440146,-0.0021304278224908105,2.0,0.0
1,tiingo/HDBSCAN_Cluster_SSD_DTW_DRL_THR/TradeLogs_Top20_SL15_ZWin0_MSR0.csv,Tiingo,HDBSCAN (Cluster-SSD-DTW-PCA-DRL-THR),DRL,Top 20,15%,0%,10566.2733,0.056627330000000066,0.0003860077027948198,0.05612512138228132,0.0021866538249559753,0.14053644788885603,0.2139572529476342,0.021879062488667608,-0.0999427569663264,0.3709590911307231,1.0281807476854667,36.496737788749776,23029,20746,0,2283,20660.605300000003,-20094.332000000002,0.3937304490748105,0.005764798917339408,-0.0056048321149461825,2.0,0.0
1,tiingo/HDBSCAN_Cluster_SSD_DTW_DRL_THR/TradeLogs_Top20_SL5_ZWin0_MSR0.csv,Tiingo,HDBSCAN (Cluster-SSD-DTW-PCA-DRL-THR),DRL,Top 20,5%,0%,10526.262699999996,0.052626269999999566,0.0003600839548409139,0.052125963062045644,0.0020345807121646686,0.12747965101508354,0.1940251824479743,0.01733945300975193,-0.11733822924058761,0.3685603892386949,1.0252276974248467,35.95170503721655,23486,21233,0,2253,21386.7753,-20860.512600000002,0.39606860717883463,0.005325853903149115,-0.005811968606118463,2.0,0.0
1,tiingo/HDBSCAN_Cluster_SSD_DTW_DRL_THR/TradeLogs_Top20_SL0_ZWin0_MSR0.csv,Tiingo,HDBSCAN (Cluster-SSD-DTW-PCA-DRL-THR),DRL,Top 20,0%,0%,10435.843399999996,0.04358433999999966,0.0002888292909211376,0.04308833063701534,0.0016888589763655038,0.10665605617802665,0.15834111388275834,0.01586699367392171,-0.10643849812212618,0.3715883088391404,1.020905324832585,36.80271162871545,23779,21471,0,2308,21284.2829,-20848.4395,0.402656274852871,0.004338634675093784,-0.0063061470208366594,2.0,0.0
1,tiingo/HDBSCAN_Cluster_SSD_DTW_PCA5_DRL_THR/TradeLogs_Top1_SL0_ZWin0_MSR0.csv,Tiingo,HDBSCAN (Cluster-SSD-DTW-PCA-PCA5-DRL-THR),DRL,Top 1,0%,0%,13027.932599999996,0.3027932599999997,0.0013889599082568794,0.3027932599999985,0.010636595460458587,0.1835058747712842,0.2525608793826502,0.041603873576673535,-0.25566358480673573,0.46622889305816134,1.1412598546162083,30.247863247863247,732,554,0,178,24463.1281,-21435.1955,0.5818885530989873,0.02085755850205009,0.0004990034759556616,2.0,0.0
1,tiingo/HDBSCAN_Cluster_SSD_DTW_PCA5_DRL_THR/TradeLogs_Top1_SL5_ZWin0_MSR0.csv,Tiingo,HDBSCAN (Cluster-SSD-DTW-PCA-PCA5-DRL-THR),DRL,Top 1,5%,0%,12605.714599999998,0.2605714599999998,0.0011952819266055036,0.2605714599999971,0.00930563700714937,0.16542900203289782,0.2277597362562204,0.036397975934600924,-0.25566358480673573,0.45699481865284974,1.1229802284939736,30.563714902807774,683,507,0,176,23793.792,-21188.077400000002,0.5840093314246328,0.017883978552882415,-0.0012357762706113225,2.0,0.0
1,tiingo/HDBSCAN_Cluster_SSD_DTW_PCA5_DRL_THR/TradeLogs_Top1_SL15_ZWin0_MSR0.csv,Tiingo,HDBSCAN (Cluster-SSD-DTW-PCA-PCA5-DRL-THR),DRL,Top 1,15%,0%,12703.403999999984,0.27034039999999837,0.001240093577981644,0.2703403999999967,0.009617348143494242,0.16976114700518644,0.23233976075114612,0.037617199769628136,-0.25566358480673573,0.4875283446712018,1.1310848495595074,30.28874734607219,642,462,0,180,23326.7179,-20623.3139,0.5883304172631355,0.01841818072365149,-0.0009306323948889885,2.0,0.0
1,tiingo/HDBSCAN_Cluster_SSD_DTW_PCA5_DRL_THR/TradeLogs_Top3_SL5_ZWin0_MSR0.csv,Tiingo,HDBSCAN (Cluster-SSD-DTW-PCA-PCA5-DRL-THR),DRL,Top 3,5%,0%,11169.348300000009,0.11693483000000088,0.0006424990659340707,0.11366590873141913,0.004315573146076446,0.132301690523464,0.19529060612518842,0.01949441590719578,-0.22137483711340544,0.4012227741688957,1.0494387414692308,30.5620377978636,3131,2687,0,444,24821.8173,-23652.469,0.5055228602230352,0.009271717047965389,-0.005423392283194564,2.0,0.0
1,tiingo/HDBSCAN_Cluster_SSD_DTW_PCA5_DRL_THR/TradeLogs_Top3_SL15_ZWin0_MSR0.csv,Tiingo,HDBSCAN (Cluster-SSD-DTW-PCA-PCA5-DRL-THR),DRL,Top 3,15%,0%,11484.053300000001,0.14840533000000014,0.0008124379379562052,0.14504430435431503,0.005432435656526735,0.16192232297265813,0.24159834113905956,0.027346331283157162,-0.19865317948051842,0.38340935005701254,1.0579705505570536,29.896757679180887,4023,3588,0,435,27084.177600000003,-25600.1243,0.4827068200696323,0.012323189998901632,-0.0037056485439089437,2.0,0.0
1,tiingo/HDBSCAN_Cluster_SSD_DTW_PCA5_DRL_THR/TradeLogs_Top3_SL0_ZWin0_MSR0.csv,Tiingo,HDBSCAN (Cluster-SSD-DTW-PCA-PCA5-DRL-THR),DRL,Top 3,0%,0%,13391.966599999996,0.33919665999999954,0.0019345817110266131,0.335277247401246,0.011632697500230327,0.3178108104417085,0.4720062555817941,0.11149928304505687,-0.10432979641249848,0.3826502732240437,1.1296513600083795,28.00168634064081,4174,3752,0,422,29554.1804,-26162.213800000005,0.4692398777017832,0.028974352185605023,0.004211123922026031,2.0,0.0
1,tiingo/HDBSCAN_Cluster_SSD_DTW_PCA5_DRL_THR/TradeLogs_Top5_SL0_ZWin0_MSR0.csv,Tiingo,HDBSCAN (Cluster-SSD-DTW-PCA-PCA5-DRL-THR),DRL,Top 5,0%,0%,12408.502999999993,0.2408502999999993,0.0014474176682692265,0.2339998608325755,0.008445899557061987,0.3006256895041605,0.4270010192094803,0.0773938067615464,-0.10912888137269382,0.37870403427347377,1.1017338823793812,30.068268705625343,6391,5727,0,664,26083.0443,-23674.541299999997,0.45345951964370923,0.021289514048195242,0.0005847424208684313,2.0,0.0
1,tiingo/HDBSCAN_Cluster_SSD_DTW_PCA5_DRL_THR/TradeLogs_Top5_SL15_ZWin0_MSR0.csv,Tiingo,HDBSCAN (Cluster-SSD-DTW-PCA-PCA5-DRL-THR),DRL,Top 5,15%,0%,11585.160999999991,0.15851609999999913,0.0009491982035928092,0.15212020835414242,0.0056802278367713566,0.20647161677603323,0.2957584853964066,0.07469211428618507,-0.0760485613649574,0.38505177847816296,1.0679664278061596,29.83342175066313,6366,5695,0,671,24907.8668,-23322.7058,0.46352261279889717,0.013707540360308761,-0.0029166973331212903,2.0,0.0
1,tiingo/HDBSCAN_Cluster_SSD_DTW_PCA5_DRL_THR/TradeLogs_Top5_SL5_ZWin0_MSR0.csv,Tiingo,HDBSCAN (Cluster-SSD-DTW-PCA-PCA5-DRL-THR),DRL,Top 5,5%,0%,11511.39909999999,0.15113990999999902,0.0009318120221948151,0.14478474054349855,0.0054233180259188885,0.19457166661458122,0.28444734010174677,0.031767130321379684,-0.17072105572812557,0.37832194381169326,1.0641848670339233,29.82024336283186,6049,5409,0,640,25058.9917,-23547.5926,0.4464980647897779,0.013568025739188168,-0.0028718640602301455,2.0,0.0
1,tiingo/HDBSCAN_Cluster_SSD_DTW_PCA5_DRL_THR/TradeLogs_Top10_SL5_ZWin0_MSR0.csv,Tiingo,HDBSCAN (Cluster-SSD-DTW-PCA-PCA5-DRL-THR),DRL,Top 10,5%,0%,12262.1146,0.22621146000000017,0.0013980930778739195,0.22228156807949584,0.008061087003943701,0.35091332898660965,0.5049493189237081,0.10200240295814936,-0.0790284029607723,0.3787878787878788,1.0914653001930932,31.24452874234024,12745,11484,0,1261,26994.0577,-24731.9431,0.43307883993425583,0.02093653070528753,0.0004055916314087346,2.0,0.0
1,tiingo/HDBSCAN_Cluster_SSD_DTW_PCA5_DRL_THR/TradeLogs_Top10_SL0_ZWin0_MSR0.csv,Tiingo,HDBSCAN (Cluster-SSD-DTW-PCA-PCA5-DRL-THR),DRL,Top 10,0%,0%,13069.664300000019,0.3069664300000018,0.0018901873768473018,0.30277772602750264,0.010636113441049755,0.4600719506206656,0.6754425470902531,0.19489660742155196,-0.0545731071554486,0.3739329136845736,1.1188518070276745,31.817194835680752,13092,11815,0,1277,28897.326299999997,-25827.661999999997,0.43698902497216474,0.028156419953773805,0.003564266002863123,2.0,0.0
1,tiingo/HDBSCAN_Cluster_SSD_DTW_PCA5_DRL_THR/TradeLogs_Top10_SL15_ZWin0_MSR0.csv,Tiingo,HDBSCAN (Cluster-SSD-DTW-PCA-PCA5-DRL-THR),DRL,Top 10,15%,0%,11843.5178,0.18435178000000002,0.0011507601747815233,0.180556044400481,0.0066615118856694355,0.28985173998859465,0.41346302556177117,0.0693879660765855,-0.09600384998051295,0.3717270621147878,1.0751523650059887,32.029661016949156,12891,11652,0,1239,26373.9208,-24530.403,0.42733683261757066,0.017291556535980152,-0.0011574176512380045,2.0,0.0
1,tiingo/HDBSCAN_Cluster_SSD_DTW_PCA5_DRL_THR/TradeLogs_Top20_SL15_ZWin0_MSR0.csv,Tiingo,HDBSCAN (Cluster-SSD-DTW-PCA-PCA5-DRL-THR),DRL,Top 20,15%,0%,12409.294199999986,0.24092941999999856,0.0015380109798914688,0.23844579127235188,0.008590980445783325,0.4541239267922464,0.7443044322977541,0.18281322768800706,-0.04699321025306153,0.3745032373297611,1.1000090628112926,33.20788643533123,25166,22756,0,2410,26500.0529,-24090.758700000002,0.4180464980647898,0.023100550303591278,0.001296174196490054,2.0,0.0
1,tiingo/HDBSCAN_Cluster_SSD_DTW_PCA5_DRL_THR/TradeLogs_Top20_SL5_ZWin0_MSR0.csv,Tiingo,HDBSCAN (Cluster-SSD-DTW-PCA-PCA5-DRL-THR),DRL,Top 20,5%,0%,11724.1223,0.17241223000000017,0.0011130550677856692,0.1700657333756579,0.006302172832479469,0.3397028621357081,0.5398612927370459,0.07629812309001552,-0.08259931669674558,0.37520276615726117,1.0703562478708695,33.01208651399491,26141,23780,0,2361,26229.7256,-24505.603300000002,0.41276045808811834,0.016742760458955133,-0.0013444596850644124,2.0,0.0
1,tiingo/HDBSCAN_Cluster_SSD_DTW_PCA5_DRL_THR/TradeLogs_Top20_SL0_ZWin0_MSR0.csv,Tiingo,HDBSCAN (Cluster-SSD-DTW-PCA-PCA5-DRL-THR),DRL,Top 20,0%,0%,12316.800900000002,0.23168009000000025,0.0014832272087067877,0.22921497312429784,0.008289196001124877,0.428554465512331,0.7174268974489089,0.12354912908154095,-0.06709230621653436,0.3739280790709629,1.0968194201795254,33.196069182389934,24120,21722,0,2398,26245.8938,-23929.092900000003,0.41967154445681565,0.02212769978112359,0.0008929350532845652,2.0,0.0
1,tiingo/Agglomerative_Fundamentals_DRL_THR/TradeLogs_Top1_SL5_ZWin0_MSR0.csv,Tiingo,Agglomerative (Fundamentals-DRL-THR),DRL,Top 1,5%,0%,20371.64160000003,1.037164160000003,0.005373907564766855,1.0371641600000001,0.028871271994758363,0.3477658074381805,0.49247920562706066,0.12116490239125349,-0.23828081750547003,0.45408593091828137,1.4659354384160135,29.888641425389753,779,624,0,155,32631.4672,-22259.8256,0.5581888553098987,0.07447721361702149,0.030408573509358057,2.0,0.0
1,tiingo/Agglomerative_Fundamentals_DRL_THR/TradeLogs_Top1_SL0_ZWin0_MSR0.csv,Tiingo,Agglomerative (Fundamentals-DRL-THR),DRL,Top 1,0%,0%,20092.522900000004,1.0092522900000003,0.005339959206349209,1.0092522900000005,0.02830365361864806,0.3421419494222519,0.48048106932536117,0.11878276193172081,-0.23828081750547003,0.45302013422818793,1.459860456350311,30.18287037037037,774,624,0,150,32039.4478,-21946.924899999998,0.5382535390488309,0.07515708542553193,0.029688496433911256,2.0,0.0
1,tiingo/Agglomerative_Fundamentals_DRL_THR/TradeLogs_Top1_SL15_ZWin0_MSR0.csv,Tiingo,Agglomerative (Fundamentals-DRL-THR),DRL,Top 1,15%,0%,20158.82530000001,1.0158825300000012,0.005346750157894743,1.0158825300000007,0.028439169187264524,0.3430707896251902,0.48333877109614054,0.11935148403883442,-0.23828081750547003,0.43650190114068443,1.440979132716083,30.73922902494331,839,686,0,153,33195.8004,-23036.9751,0.5571549758761466,0.07308437861540666,0.029576225686867123,2.0,0.0
1,tiingo/Agglomerative_Fundamentals_DRL_THR/TradeLogs_Top3_SL0_ZWin0_MSR0.csv,Tiingo,Agglomerative (Fundamentals-DRL-THR),DRL,Top 3,0%,0%,12138.939400000003,0.21389394000000025,0.0014717472935779831,0.2138939399999984,0.007783467907300556,0.2165404660900836,0.28062776514515053,0.05650635368964492,-0.1377450038636437,0.3716277659896938,1.1247083591407947,33.19272369714847,3708,3388,0,320,19290.471299999997,-17151.5319,0.4478907092236184,0.019141832297675906,-0.00038436534082673945,2.0,0.0
1,tiingo/Agglomerative_Fundamentals_DRL_THR/TradeLogs_Top3_SL5_ZWin0_MSR0.csv,Tiingo,Agglomerative (Fundamentals-DRL-THR),DRL,Top 3,5%,0%,11128.938399999992,0.11289383999999913,0.0007593756053811601,0.11289383999999902,0.004287713487616918,0.13734029235288317,0.1775372475077108,0.03112790567606651,-0.1377450038636437,0.37232447171097477,1.0605168701454206,33.88690476190476,4074,3752,0,322,19783.8754,-18654.936999999998,0.4503561140271813,0.010047806499362233,-0.004482031190993796,2.0,0.0
1,tiingo/Agglomerative_Fundamentals_DRL_THR/TradeLogs_Top3_SL15_ZWin0_MSR0.csv,Tiingo,Agglomerative (Fundamentals-DRL-THR),DRL,Top 3,15%,0%,12761.130400000015,0.2761130400000015,0.0018698400000000098,0.2761130400000016,0.009800463872883025,0.2676214658731592,0.3445775338601883,0.07114932373579723,-0.1377450038636437,0.3744674599676803,1.1537593359487448,31.565009560229445,3823,3510,0,313,20718.6117,-17957.4813,0.4507891062686673,0.02455107910455966,0.0020515768821024547,2.0,0.0
1,tiingo/Agglomerative_Fundamentals_DRL_THR/TradeLogs_Top5_SL5_ZWin0_MSR0.csv,Tiingo,Agglomerative (Fundamentals-DRL-THR),DRL,Top 5,5%,0%,11482.699399999998,0.1482699399999998,0.0011048430700447078,0.1482699400000005,0.005545576481346792,0.20422915985200207,0.2714526398974234,0.057618055322897495,-0.09624719977563999,0.36740152374777113,1.0854515661514286,34.85286624203822,6796,6305,0,491,18834.042,-17351.3426,0.4296219712634537,0.013833233532845437,-0.0026493783659403084,2.0,0.0
1,tiingo/Agglomerative_Fundamentals_DRL_THR/TradeLogs_Top5_SL0_ZWin0_MSR0.csv,Tiingo,Agglomerative (Fundamentals-DRL-THR),DRL,Top 5,0%,0%,10305.9443,0.030594429999999916,0.0002360681327160487,0.030594429999998507,0.0012061569140162653,0.057377479341507935,0.0731669485160236,0.012531864997921131,-0.09624719977563999,0.35652238473531817,1.0183011937069066,35.699585635359114,7318,6870,0,448,17023.121600000002,-16717.1773,0.40070515879327717,0.003060374066184148,-0.006787795499708398,2.0,0.0
1,tiingo/Agglomerative_Fundamentals_DRL_THR/TradeLogs_Top5_SL15_ZWin0_MSR0.csv,Tiingo,Agglomerative (Fundamentals-DRL-THR),DRL,Top 5,15%,0%,10735.9184,0.07359184000000006,0.0005508371257485034,0.07359183999999885,0.002844433209634012,0.11436667995404777,0.1493259850700283,0.02955341263189595,-0.09624719977563999,0.365078125,1.0428661710477178,35.64028776978417,7008,6525,0,483,17903.7312,-17167.8128,0.4207412120248131,0.0070108663541509205,-0.005465063833306822,2.0,0.0
1,tiingo/Agglomerative_Fundamentals_DRL_THR/TradeLogs_Top10_SL15_ZWin0_MSR0.csv,Tiingo,Agglomerative (Fundamentals-DRL-THR),DRL,Top 10,15%,0%,9389.550999999998,-0.061044900000000166,-0.0006044049504950512,-0.061044900000000735,-0.0025163334216682376,-0.13143261281793805,-0.187686969574871,-0.022964292569535187,-0.10957591722230745,0.3528481654165822,0.9600108700911305,38.61946902654867,13237,12551,0,686,14654.9244,-15265.3734,0.328190445893643,-0.0074555645234248985,-0.009010653963204503,2.0,0.0
1,tiingo/Agglomerative_Fundamentals_DRL_THR/TradeLogs_Top10_SL0_ZWin0_MSR0.csv,Tiingo,Agglomerative (Fundamentals-DRL-THR),DRL,Top 10,0%,0%,9344.703700000002,-0.0655296299999999,-0.0006533362911266191,-0.06552962999999956,-0.0027073428944609512,-0.1457807080809934,-0.20413458428344589,-0.03725359193348847,-0.07267333843390367,0.3531325635837004,0.9574357833031215,37.799549549549546,13499,12824,0,675,14740.177899999999,-15395.4742,0.3194607921107046,-0.008221995449227002,-0.009015821021154759,2.0,0.0
1,tiingo/Agglomerative_Fundamentals_DRL_THR/TradeLogs_Top10_SL5_ZWin0_MSR0.csv,Tiingo,Agglomerative (Fundamentals-DRL-THR),DRL,Top 10,5%,0%,9477.2615,-0.05227384999999999,-0.0005296236068895642,-0.0522738500000004,-0.0021452831743701273,-0.11129907473296509,-0.1556245109827726,-0.022677637006160302,-0.09459906134785422,0.35840926432963777,0.9637094272971718,38.43526170798898,12023,11348,0,675,13881.511999999999,-14404.250499999998,0.31643073007793865,-0.006621599577762139,-0.008423892190233817,2.0,0.0
1,tiingo/Agglomerative_Fundamentals_DRL_THR/TradeLogs_Top20_SL5_ZWin0_MSR0.csv,Tiingo,Agglomerative (Fundamentals-DRL-THR),DRL,Top 20,5%,0%,9944.9961,-0.005500389999999996,-8.682541436464082e-05,-0.005500390000000688,-0.00022059857835665664,-0.016443350835650877,-0.02432941590042826,-0.004434600582111419,-0.04974485847643676,0.3631916845001529,0.994507016190071,38.93689320388349,17498,16633,0,865,9958.4791,-10013.483,0.21228991039711573,-0.001038535174825174,-0.0044662687471502035,2.0,0.0
1,tiingo/Agglomerative_Fundamentals_DRL_THR/TradeLogs_Top20_SL15_ZWin0_MSR0.csv,Tiingo,Agglomerative (Fundamentals-DRL-THR),DRL,Top 20,15%,0%,9875.3406,-0.012465939999999964,-0.00019945503999999943,-0.012465940000001008,-0.0005016458001473323,-0.04342517010421074,-0.06378372336312024,-0.009945136422138604,-0.05044131913873317,0.3624740092480526,0.987381492911606,38.098377632033134,17257,16392,0,865,9754.4332,-9879.0926,0.21043157838926885,-0.002374494674914013,-0.004708300230104446,2.0,0.0
1,tiingo/Agglomerative_Fundamentals_DRL_THR/TradeLogs_Top20_SL0_ZWin0_MSR0.csv,Tiingo,Agglomerative (Fundamentals-DRL-THR),DRL,Top 20,0%,0%,9801.307999999999,-0.019869200000000056,-0.00032545782145782236,-0.019869200000000253,-0.0008024477399110053,-0.07764393532537943,-0.11197547082222109,-0.014978923720721132,-0.05357178892639243,0.36313548710242927,0.9790020324145584,37.10560114163396,17095,16276,0,819,9263.7476,-9462.4396,0.20061900217379777,-0.003969770460176418,-0.004808791432055566,2.0,0.0
2,tiingo/SSD_Rolling_DRL_THR/TradeLogs_Top1_SL5_ZWin0_MSR0.csv,Tiingo,SSD (Rolling-DRL-THR),DRL,Top 1,5%,0%,18418.62539999993,0.8418625399999934,0.004295217040816293,0.841862539999993,0.024731976838427316,0.2807147629139872,0.4415063447502781,0.1047370070397527,-0.236134080373715,0.3942307692307692,1.301929454513792,32.48206278026906,1121,960,0,161,36301.3817,-27882.7563,0.582153650389693,0.057964306032786427,0.022101059341498065,2.0,0.0
2,tiingo/SSD_Rolling_DRL_THR/TradeLogs_Top1_SL0_ZWin0_MSR0.csv,Tiingo,SSD (Rolling-DRL-THR),DRL,Top 1,0%,0%,19583.512399999996,0.9583512399999996,0.004889547142857141,0.9583512400000005,0.02724875479359734,0.3037893721253877,0.47655086553317766,0.1153952650564984,-0.236134080373715,0.41559278350515466,1.3807193014786532,32.28730512249443,962,800,0,162,34755.6336,-25172.1212,0.584433487089762,0.06572743694457042,0.026724645429192496,2.0,0.0
2,tiingo/SSD_Rolling_DRL_THR/TradeLogs_Top1_SL15_ZWin0_MSR0.csv,Tiingo,SSD (Rolling-DRL-THR),DRL,Top 1,15%,0%,18283.703399999973,0.8283703399999973,0.004226379285714272,0.8283703399999978,0.024430657141961243,0.2779756500974067,0.43530568601105013,0.10346095363827336,-0.236134080373715,0.40970988750740084,1.3086336511048622,32.15212527964206,1030,869,0,161,35123.626299999996,-26839.922899999998,0.5814909071629287,0.05710033982584891,0.021573510261385823,2.0,0.0
2,tiingo/SSD_Rolling_DRL_THR/TradeLogs_Top3_SL5_ZWin0_MSR0.csv,Tiingo,SSD (Rolling-DRL-THR),DRL,Top 3,5%,0%,13026.91520000001,0.30269152000000105,0.0020779738215103045,0.3015422191742041,0.010597757961848586,0.3052603302263411,0.4259519903143325,0.10264760117428218,-0.10324408793396916,0.36508608523849845,1.1351504172297777,34.141858141858144,3940,3629,0,311,25423.554900000003,-22396.6397,0.4556934061467225,0.026624691863716667,0.003018828400049526,2.0,0.0
2,tiingo/SSD_Rolling_DRL_THR/TradeLogs_Top3_SL0_ZWin0_MSR0.csv,Tiingo,SSD (Rolling-DRL-THR),DRL,Top 3,0%,0%,13890.038899999989,0.3890038899999988,0.0026951770669745873,0.38777844000412176,0.013194457622756062,0.3767422613954783,0.5253137159248709,0.1277986748373884,-0.10324408793396916,0.36688144329896905,1.1636275584279987,33.90050251256282,4302,3997,0,305,27663.778100000003,-23773.7392,0.45397027375713556,0.0343465886448397,0.006512924774578887,2.0,0.0
2,tiingo/SSD_Rolling_DRL_THR/TradeLogs_Top3_SL15_ZWin0_MSR0.csv,Tiingo,SSD (Rolling-DRL-THR),DRL,Top 3,15%,0%,12380.751700000004,0.23807517000000034,0.0016456808986175138,0.23698287701011456,0.008543297474590261,0.2583124753375087,0.3547961211346225,0.08274853936483235,-0.10324408793396916,0.3619872749424665,1.1062559243800234,33.1051051051051,4093,3788,0,305,24786.5772,-22405.8255,0.45177880282063515,0.02112250070648988,0.0005071220253433147,2.0,0.0
2,tiingo/SSD_Rolling_DRL_THR/TradeLogs_Top5_SL0_ZWin0_MSR0.csv,Tiingo,SSD (Rolling-DRL-THR),DRL,Top 5,0%,0%,12651.844900000004,0.2651844900000004,0.001984913847305392,0.2645145122759629,0.009431731619736539,0.32555422807963535,0.4905841856138241,0.12978149998630656,-0.07267392980302813,0.3656489558551414,1.1167364074700228,35.507109004739334,8170,7716,0,454,25368.3646,-22716.5197,0.4152696039446477,0.0255961741535162,0.002323921024335948,2.0,0.0
2,tiingo/SSD_Rolling_DRL_THR/TradeLogs_Top5_SL5_ZWin0_MSR0.csv,Tiingo,SSD (Rolling-DRL-THR),DRL,Top 5,5%,0%,12264.86330000003,0.2264863300000029,0.0017106218277945838,0.2258368448644883,0.008178210322165258,0.29000694601355226,0.4261474285497113,0.1219762334549496,-0.06704757222386096,0.3686535716713111,1.1016612500243455,34.917159763313606,8001,7542,0,459,24543.394200000002,-22278.530899999998,0.42117066963575633,0.02155464902753153,0.0006547725719740303,2.0,0.0
2,tiingo/SSD_Rolling_DRL_THR/TradeLogs_Top5_SL15_ZWin0_MSR0.csv,Tiingo,SSD (Rolling-DRL-THR),DRL,Top 5,15%,0%,12738.465099999996,0.2738465099999996,0.002093627752293575,0.273171945308218,0.009707268076639464,0.3495453498581445,0.5285661348541528,0.16560991973124803,-0.058615257421731924,0.36510512205446594,1.1205698618596516,34.96203389830509,7678,7232,0,446,25451.148500000003,-22712.6834,0.41250729017549437,0.02660925177178254,0.0027263645384656005,2.0,0.0
2,tiingo/SSD_Rolling_DRL_THR/TradeLogs_Top10_SL5_ZWin0_MSR0.csv,Tiingo,SSD (Rolling-DRL-THR),DRL,Top 10,5%,0%,11642.572100000001,0.16425721000000015,0.001467892850759608,0.1640601928123675,0.006095062158378628,0.31200364278114967,0.49542014252986555,0.07378347201196464,-0.08260741860169253,0.35509466825791053,1.0718866778173874,38.10936871733011,16490,15743,0,747,24492.0367,-22849.4646,0.3661126133290918,0.01798319405669601,-0.0007383780944806694,2.0,0.0
2,tiingo/SSD_Rolling_DRL_THR/TradeLogs_Top10_SL15_ZWin0_MSR0.csv,Tiingo,SSD (Rolling-DRL-THR),DRL,Top 10,15%,0%,11389.437999999995,0.13894379999999948,0.001223096830985911,0.1387510663820155,0.005210813551794979,0.26628305746067,0.4149661796891967,0.07226186843680464,-0.07211014141368356,0.35747272605581953,1.0596988735228623,38.17443203696573,15973,15182,0,791,24663.5455,-23274.1075,0.3781321244896877,0.014728301909015014,-0.0019933983988123846,2.0,0.0
2,tiingo/SSD_Rolling_DRL_THR/TradeLogs_Top10_SL0_ZWin0_MSR0.csv,Tiingo,SSD (Rolling-DRL-THR),DRL,Top 10,0%,0%,11511.8418,0.15118418,0.0013123626736111112,0.15098937504827425,0.00564072526300885,0.28394170763519117,0.443540920909095,0.07899156566703584,-0.0714092095197297,0.3504129069285464,1.0652877081689904,37.83179012345679,16725,15942,0,783,24668.448800000002,-23156.607,0.37948412067228676,0.015968709537614655,-0.0015298107162928804,2.0,0.0
2,tiingo/SSD_Rolling_DRL_THR/TradeLogs_Top20_SL0_ZWin0_MSR0.csv,Tiingo,SSD (Rolling-DRL-THR),DRL,Top 20,0%,0%,11120.701600000006,0.11207016000000064,0.0013742508890251459,0.11245847475519888,0.004271995399389716,0.33105160129376954,0.5208957797530763,0.08660948917155994,-0.0493247961655513,0.3574044157242865,1.0585227913962438,39.039895697522816,29391,28325,0,1066,20270.5332,-19149.8316,0.28510153226234025,0.015756056191769195,-0.0012099548825618743,2.0,0.0
2,tiingo/SSD_Rolling_DRL_THR/TradeLogs_Top20_SL5_ZWin0_MSR0.csv,Tiingo,SSD (Rolling-DRL-THR),DRL,Top 20,5%,0%,11225.3622,0.12253621999999989,0.0014527115589804374,0.12292818931376437,0.004648359391786094,0.3525766048496396,0.568714230438837,0.09489590820519415,-0.048983770530283674,0.3562650403218399,1.0649142169296415,39.67931737137035,28775,27642,0,1133,20102.0006,-18876.6384,0.2945655055405334,0.016673995161812862,-0.0009797262965908545,2.0,0.0
2,tiingo/SSD_Rolling_DRL_THR/TradeLogs_Top20_SL15_ZWin0_MSR0.csv,Tiingo,SSD (Rolling-DRL-THR),DRL,Top 20,15%,0%,11261.435799999992,0.12614357999999912,0.0015670009937888089,0.12653680893852504,0.004777301324019767,0.3572062074098647,0.5757460158918571,0.09857871615901428,-0.04846179287132985,0.3558313234264374,1.0707049900752101,39.24293193717278,27204,26143,0,1061,19102.267099999997,-17840.831299999998,0.28318355336408463,0.017854767765217876,-0.0006074944870367782,2.0,0.0
2,tiingo/HDBSCAN_Cluster_SSD_DTW_DRL_THR/TradeLogs_Top1_SL15_ZWin0_MSR0.csv,Tiingo,HDBSCAN (Cluster-SSD-DTW-PCA-DRL-THR),DRL,Top 1,15%,0%,14014.875299999996,0.40148752999999954,0.001833276392694062,0.4014875299999987,0.013592922800036211,0.2260716968176855,0.3147810513702078,0.06149136340438641,-0.22105417813953654,0.4528985507246377,1.1763632711267797,29.191304347826087,750,571,0,179,26779.6793,-22764.804,0.5639679762472828,0.028534791076431292,0.004813348851068322,2.0,0.0
2,tiingo/HDBSCAN_Cluster_SSD_DTW_DRL_THR/TradeLogs_Top1_SL0_ZWin0_MSR0.csv,Tiingo,HDBSCAN (Cluster-SSD-DTW-PCA-DRL-THR),DRL,Top 1,0%,0%,13991.756399999998,0.3991756399999998,0.0018144347272727264,0.39917563999999883,0.013525988981590187,0.2251169804164375,0.31378148604838924,0.06118856967748488,-0.22105417813953654,0.45248868778280543,1.175175907289392,29.260303687635574,751,571,0,180,26778.8877,-22787.1313,0.565611579449658,0.02828803748031494,0.004687809969778899,2.0,0.0
2,tiingo/HDBSCAN_Cluster_SSD_DTW_DRL_THR/TradeLogs_Top1_SL5_ZWin0_MSR0.csv,Tiingo,HDBSCAN (Cluster-SSD-DTW-PCA-DRL-THR),DRL,Top 1,5%,0%,13857.210100000002,0.38572101000000025,0.0017693624311926617,0.3857210099999999,0.01313433097789396,0.21965488434409755,0.30577278907355615,0.05941679586622944,-0.22105417813953654,0.4564152791380999,1.1711376018852169,29.534065934065936,706,527,0,179,26395.857699999997,-22538.6476,0.5620327660251312,0.027508615967171378,0.004220088201049795,2.0,0.0
2,tiingo/HDBSCAN_Cluster_SSD_DTW_DRL_THR/TradeLogs_Top3_SL15_ZWin0_MSR0.csv,Tiingo,HDBSCAN (Cluster-SSD-DTW-PCA-DRL-THR),DRL,Top 3,15%,0%,12358.6384,0.23586383999999994,0.0014180190781563121,0.23224685046476634,0.008388556838014427,0.2669535278230847,0.3779723040670095,0.055318950056017405,-0.1516398418538305,0.3896829308362083,1.1080432021754065,29.692883895131086,3503,3125,0,378,24189.1502,-21830.5118,0.4433928918579786,0.02132208737549076,0.00058620414470777,2.0,0.0
2,tiingo/HDBSCAN_Cluster_SSD_DTW_DRL_THR/TradeLogs_Top3_SL0_ZWin0_MSR0.csv,Tiingo,HDBSCAN (Cluster-SSD-DTW-PCA-DRL-THR),DRL,Top 3,0%,0%,12151.500599999994,0.2151500599999994,0.001248452959381041,0.2115936932640332,0.007707011087322968,0.24446380240099427,0.3466851394853434,0.060809629502546245,-0.1267399777037,0.3884724304514409,1.0991468959216915,30.570902394106813,3470,3074,0,396,23851.6313,-21700.1307,0.4591838538076808,0.018780707261950528,-0.000559879538377276,2.0,0.0
2,tiingo/HDBSCAN_Cluster_SSD_DTW_DRL_THR/TradeLogs_Top3_SL5_ZWin0_MSR0.csv,Tiingo,HDBSCAN (Cluster-SSD-DTW-PCA-DRL-THR),DRL,Top 3,5%,0%,11360.096999999992,0.13600969999999923,0.0008128069721115493,0.13268495251258727,0.004996074105487525,0.16658500246166344,0.2388671090531476,0.029126561098813775,-0.17152983108915654,0.39624046156709475,1.064013338901281,30.732954545454547,3168,2781,0,387,22607.1843,-21247.0873,0.44774048742555184,0.012175886621010807,-0.003503172337981404,2.0,0.0
2,tiingo/HDBSCAN_Cluster_SSD_DTW_DRL_THR/TradeLogs_Top5_SL0_ZWin0_MSR0.csv,Tiingo,HDBSCAN (Cluster-SSD-DTW-PCA-DRL-THR),DRL,Top 5,0%,0%,12980.129700000005,0.29801297000000043,0.0018305464987715015,0.29493684751872173,0.010392103803917863,0.4067044680440076,0.5913923726835376,0.12828725877791156,-0.08100651540078874,0.3845297718419588,1.1528183327702974,31.214784633294528,5235,4597,0,638,22481.2566,-19501.126900000003,0.43711892264461055,0.027327042915883358,0.0032027891055617583,2.0,0.0
2,tiingo/HDBSCAN_Cluster_SSD_DTW_DRL_THR/TradeLogs_Top5_SL15_ZWin0_MSR0.csv,Tiingo,HDBSCAN (Cluster-SSD-DTW-PCA-DRL-THR),DRL,Top 5,15%,0%,11933.0227,0.19330226999999997,0.0011672842391304346,0.1904742983043768,0.0069984473807458425,0.284149570125027,0.4141659832947961,0.06797538974634476,-0.10295560506325997,0.3777131782945736,1.091053758614742,31.98932384341637,5902,5250,0,652,23162.489,-21229.4663,0.4369015428662319,0.01773415321100917,-0.0009899519580085902,2.0,0.0
2,tiingo/HDBSCAN_Cluster_SSD_DTW_DRL_THR/TradeLogs_Top5_SL5_ZWin0_MSR0.csv,Tiingo,HDBSCAN (Cluster-SSD-DTW-PCA-DRL-THR),DRL,Top 5,5%,0%,11933.457100000007,0.19334571000000061,0.0011633315884476572,0.190517635357208,0.006999913673044311,0.2727929962022348,0.39311253152661135,0.05790338912591613,-0.12088953304308957,0.3798564189189189,1.092190133717425,32.67685076380729,5482,4822,0,660,22905.9519,-20972.4948,0.44317374476432847,0.017487092102839018,-0.0011136548030326885,2.0,0.0
2,tiingo/HDBSCAN_Cluster_SSD_DTW_DRL_THR/TradeLogs_Top10_SL15_ZWin0_MSR0.csv,Tiingo,HDBSCAN (Cluster-SSD-DTW-PCA-DRL-THR),DRL,Top 10,15%,0%,11485.976699999997,0.1485976699999998,0.0009668033181522433,0.14750791615726322,0.005518875655500244,0.2653600870609571,0.4002431031357238,0.04318775782496956,-0.12778796430847436,0.37532872309340604,1.0710037982992813,34.828496902510594,11615,10420,0,1195,22414.106399999997,-20928.129699999998,0.4142304225650814,0.014378947178988305,-0.0023284110853083176,2.0,0.0
2,tiingo/HDBSCAN_Cluster_SSD_DTW_DRL_THR/TradeLogs_Top10_SL0_ZWin0_MSR0.csv,Tiingo,HDBSCAN (Cluster-SSD-DTW-PCA-DRL-THR),DRL,Top 10,0%,0%,11527.550599999999,0.15275505999999994,0.0009810858060372506,0.15166136175458078,0.005664203773081411,0.268277441696358,0.4019506722704856,0.041684860292226344,-0.13588155827735154,0.3796164772727273,1.071129135172404,34.68379321281319,11259,10033,0,1226,23003.2876,-21475.737,0.4248740787869148,0.01441094463252865,-0.0023746447505434524,2.0,0.0
2,tiingo/HDBSCAN_Cluster_SSD_DTW_DRL_THR/TradeLogs_Top10_SL5_ZWin0_MSR0.csv,Tiingo,HDBSCAN (Cluster-SSD-DTW-PCA-DRL-THR),DRL,Top 10,5%,0%,11662.1228,0.16621227999999985,0.0010716459058671816,0.1651058139616548,0.006131195718071414,0.3015323322973365,0.46112045027310694,0.04751298467766974,-0.1290425293141596,0.37117202268431004,1.0776603569640812,34.852101379531604,11953,10754,0,1199,23064.584300000002,-21402.461499999998,0.4216823074068183,0.015799189483676673,-0.0017714074715020466,2.0,0.0
2,tiingo/HDBSCAN_Cluster_SSD_DTW_DRL_THR/TradeLogs_Top20_SL0_ZWin0_MSR0.csv,Tiingo,HDBSCAN (Cluster-SSD-DTW-PCA-DRL-THR),DRL,Top 20,0%,0%,11117.878999999995,0.11178789999999958,0.0007651464750171087,0.11125947389497148,0.00422867705915686,0.24706092673790128,0.3849325089419177,0.05085185443523394,-0.08315679154911838,0.37306762400175836,1.0546919612500638,35.64972241498959,22982,20733,0,2249,21557.4276,-20439.548600000002,0.3941413498754043,0.011368413941538046,-0.003402064980647915,2.0,0.0
2,tiingo/HDBSCAN_Cluster_SSD_DTW_DRL_THR/TradeLogs_Top20_SL5_ZWin0_MSR0.csv,Tiingo,HDBSCAN (Cluster-SSD-DTW-PCA-DRL-THR),DRL,Top 20,5%,0%,11109.611499999995,0.1109611499999996,0.0007618341915550952,0.11043311684427826,0.004198795728386218,0.24396242167675913,0.37378142811108084,0.043843334635809486,-0.09576816552080436,0.3767170161802806,1.0536532024554326,35.59638865004299,23059,20806,0,2253,21790.7908,-20681.179299999996,0.3981178092359896,0.011171626922718336,-0.0035147325486453683,2.0,0.0
2,tiingo/HDBSCAN_Cluster_SSD_DTW_DRL_THR/TradeLogs_Top20_SL15_ZWin0_MSR0.csv,Tiingo,HDBSCAN (Cluster-SSD-DTW-PCA-DRL-THR),DRL,Top 20,15%,0%,10969.381700000009,0.09693817000000092,0.0006583237351443186,0.09641680188237034,0.0036886829038862423,0.21709120148325936,0.3335088726980297,0.038002991953934924,-0.09706296042052308,0.3719012159487228,1.0457904743557094,36.16994259871282,23751,21485,0,2266,22139.324,-21169.942300000002,0.3961600657441281,0.009808016825538187,-0.00403765672445784,2.0,0.0
2,tiingo/HDBSCAN_Cluster_SSD_DTW_PCA5_DRL_THR/TradeLogs_Top1_SL5_ZWin0_MSR0.csv,Tiingo,HDBSCAN (Cluster-SSD-DTW-PCA-PCA5-DRL-THR),DRL,Top 1,5%,0%,12996.8096,0.29968096,0.0013378614285714286,0.299680959999999,0.010539910381546669,0.18274988413231458,0.25169561861793166,0.04122570052169973,-0.25566358480673573,0.4216691068814056,1.1411738185719962,30.394904458598727,888,707,0,181,24224.6097,-21227.8001,0.5845395260060442,0.020549551542857144,0.0003212345983776045,2.0,0.0
2,tiingo/HDBSCAN_Cluster_SSD_DTW_PCA5_DRL_THR/TradeLogs_Top1_SL0_ZWin0_MSR0.csv,Tiingo,HDBSCAN (Cluster-SSD-DTW-PCA-PCA5-DRL-THR),DRL,Top 1,0%,0%,13024.007199999996,0.30240071999999973,0.0013440031999999988,0.30240071999999873,0.01062441324587593,0.18378086588605524,0.2532149539973651,0.04155622418385185,-0.25566358480673573,0.42191977077363896,1.142297452974827,29.959915611814345,904,723,0,181,24275.316600000002,-21251.309400000002,0.589655903716664,0.02055612501191384,0.0003279223964794964,2.0,0.0
2,tiingo/HDBSCAN_Cluster_SSD_DTW_PCA5_DRL_THR/TradeLogs_Top1_SL15_ZWin0_MSR0.csv,Tiingo,HDBSCAN (Cluster-SSD-DTW-PCA-PCA5-DRL-THR),DRL,Top 1,15%,0%,12935.687099999996,0.2935687099999995,0.0013164516143497737,0.2935687099999962,0.010349381817231329,0.17999725730881286,0.24784620331954965,0.04048046899230783,-0.25566358480673573,0.42616679418515685,1.1400615217104972,30.197002141327623,856,676,0,180,23895.67,-20959.9829,0.5847516038386088,0.02012312492157037,7.19974953607757e-05,2.0,0.0
2,tiingo/HDBSCAN_Cluster_SSD_DTW_PCA5_DRL_THR/TradeLogs_Top3_SL5_ZWin0_MSR0.csv,Tiingo,HDBSCAN (Cluster-SSD-DTW-PCA-PCA5-DRL-THR),DRL,Top 3,5%,0%,13026.444699999985,0.3026444699999986,0.0017195708522727193,0.2988320343063404,0.010513499519139824,0.2858946798574804,0.4300449494472476,0.0951959012037772,-0.11044067429578226,0.3936502110478987,1.1282915969312548,30.216503992901508,3214,2796,0,418,26616.8027,-23590.358,0.4729247300425923,0.025650615966665923,0.0026723160306098455,2.0,0.0
2,tiingo/HDBSCAN_Cluster_SSD_DTW_PCA5_DRL_THR/TradeLogs_Top3_SL0_ZWin0_MSR0.csv,Tiingo,HDBSCAN (Cluster-SSD-DTW-PCA-PCA5-DRL-THR),DRL,Top 3,0%,0%,12374.865100000006,0.23748651000000062,0.001295380963636367,0.23386477141376427,0.008441483429190377,0.23327676482680165,0.34990313760538644,0.05493735197910142,-0.1536565401332336,0.38190045248868776,1.0940706224037782,30.049915397631132,3831,3397,0,434,27620.4204,-25245.5553,0.48959051305162327,0.019442989068856657,-0.0002727072675538355,2.0,0.0
2,tiingo/HDBSCAN_Cluster_SSD_DTW_PCA5_DRL_THR/TradeLogs_Top3_SL15_ZWin0_MSR0.csv,Tiingo,HDBSCAN (Cluster-SSD-DTW-PCA-PCA5-DRL-THR),DRL,Top 3,15%,0%,13021.7039,0.3021703900000001,0.0016912521828358216,0.29835934179122714,0.010498786434846696,0.29299494618616895,0.4275329619786969,0.08461050184477972,-0.12408372726717787,0.39192481726418377,1.1286994473593148,29.320404721753793,3387,2959,0,428,26500.4675,-23478.763600000002,0.4813901701924606,0.02516006551462086,0.0024840048162875824,2.0,0.0
2,tiingo/HDBSCAN_Cluster_SSD_DTW_PCA5_DRL_THR/TradeLogs_Top5_SL0_ZWin0_MSR0.csv,Tiingo,HDBSCAN (Cluster-SSD-DTW-PCA-PCA5-DRL-THR),DRL,Top 5,0%,0%,10978.652300000002,0.09786523000000007,0.0005783997044917262,0.09180417737169666,0.0035194401963987154,0.13867577431753086,0.19671690883530665,0.029571928064369066,-0.1190128756142639,0.37586266390614215,1.0403000892467913,30.24179894179894,6607,5928,0,679,25262.7747,-24284.1224,0.47020836647049463,0.008342479521006703,-0.0054814636615237765,2.0,0.0
2,tiingo/HDBSCAN_Cluster_SSD_DTW_PCA5_DRL_THR/TradeLogs_Top5_SL5_ZWin0_MSR0.csv,Tiingo,HDBSCAN (Cluster-SSD-DTW-PCA-PCA5-DRL-THR),DRL,Top 5,5%,0%,11773.058100000004,0.1773058100000004,0.001068107289156629,0.17080618483743093,0.006327637783779094,0.23618082884985003,0.342190799893912,0.07313563431977546,-0.08651921655744957,0.3918244325138928,1.0780956664967472,28.935165975103736,6139,5475,0,664,24476.726300000002,-22703.6682,0.4643019988335719,0.015306626816790792,-0.002179142550235922,2.0,0.0
2,tiingo/HDBSCAN_Cluster_SSD_DTW_PCA5_DRL_THR/TradeLogs_Top5_SL15_ZWin0_MSR0.csv,Tiingo,HDBSCAN (Cluster-SSD-DTW-PCA-PCA5-DRL-THR),DRL,Top 5,15%,0%,11935.561700000002,0.1935561700000002,0.0011660010240963868,0.1869668304676726,0.006879603342573093,0.25211551498616863,0.36114626715314113,0.07375658530362765,-0.09327442850360274,0.382366676006351,1.0810163890449158,29.72127659574468,6168,5500,0,668,25826.5512,-23890.989500000003,0.45804040082710357,0.016937929242629456,-0.0014025521170669564,2.0,0.0
2,tiingo/HDBSCAN_Cluster_SSD_DTW_PCA5_DRL_THR/TradeLogs_Top10_SL5_ZWin0_MSR0.csv,Tiingo,HDBSCAN (Cluster-SSD-DTW-PCA-PCA5-DRL-THR),DRL,Top 10,5%,0%,12215.24239999999,0.22152423999999907,0.0013442004854368876,0.21760937017691484,0.00790667007205359,0.3350596113728713,0.4914800937061593,0.0983562758639769,-0.08038805864293015,0.3793655602198468,1.0875566220370558,32.24302325581395,13045,11752,0,1293,27515.9261,-25300.6837,0.4442394358729654,0.019987626562276137,-5.496768994259563e-06,2.0,0.0
2,tiingo/HDBSCAN_Cluster_SSD_DTW_PCA5_DRL_THR/TradeLogs_Top10_SL0_ZWin0_MSR0.csv,Tiingo,HDBSCAN (Cluster-SSD-DTW-PCA-PCA5-DRL-THR),DRL,Top 10,0%,0%,12791.443699999998,0.2791443699999998,0.0017305912585244873,0.2750448331021613,0.00976663898641017,0.4132783542881258,0.6024574285142865,0.11346756122869234,-0.08607428308717803,0.37666681144942016,1.1076004413715348,31.983274647887324,12992,11731,0,1261,28734.122600000002,-25942.6789,0.4399528126822544,0.025431961354310386,0.0023898066762101603,2.0,0.0
2,tiingo/HDBSCAN_Cluster_SSD_DTW_PCA5_DRL_THR/TradeLogs_Top10_SL15_ZWin0_MSR0.csv,Tiingo,HDBSCAN (Cluster-SSD-DTW-PCA-PCA5-DRL-THR),DRL,Top 10,15%,0%,13297.841299999998,0.32978412999999984,0.0020663166040100238,0.3255222974540035,0.011336034085169366,0.4772412786945693,0.6995303501026651,0.24178374531749686,-0.04688501317689294,0.37579323387266234,1.1265438342459688,32.146952323476164,13342,12084,0,1258,29358.7025,-26060.8612,0.4297624728275277,0.030758017738025455,0.004623392305816227,2.0,0.0
2,tiingo/HDBSCAN_Cluster_SSD_DTW_PCA5_DRL_THR/TradeLogs_Top20_SL5_ZWin0_MSR0.csv,Tiingo,HDBSCAN (Cluster-SSD-DTW-PCA-PCA5-DRL-THR),DRL,Top 20,5%,0%,10889.796700000006,0.08897967000000054,0.000559444640050302,0.08680015749215841,0.003335058713645811,0.19218830395923286,0.2933186252377225,0.03474723280785226,-0.09598055569167932,0.37229789103690686,1.0371561358188661,33.473989345032905,25514,23087,0,2427,24837.3004,-23947.5037,0.422602195005567,0.008439488441416742,-0.004885497560044515,2.0,0.0
2,tiingo/HDBSCAN_Cluster_SSD_DTW_PCA5_DRL_THR/TradeLogs_Top20_SL0_ZWin0_MSR0.csv,Tiingo,HDBSCAN (Cluster-SSD-DTW-PCA-PCA5-DRL-THR),DRL,Top 20,0%,0%,11250.197100000007,0.12501971000000067,0.00079428024142313,0.12276806600970036,0.004642628709168095,0.2488281145870381,0.40490229428752705,0.05424452480719835,-0.08558704727655775,0.3736105062913983,1.0530468045109171,33.39252190237797,24568,22141,0,2427,24818.008800000003,-23567.8117,0.42138142198186734,0.01189214465362518,-0.0034164996150787075,2.0,0.0
2,tiingo/HDBSCAN_Cluster_SSD_DTW_PCA5_DRL_THR/TradeLogs_Top20_SL15_ZWin0_MSR0.csv,Tiingo,HDBSCAN (Cluster-SSD-DTW-PCA-PCA5-DRL-THR),DRL,Top 20,15%,0%,11306.4255,0.13064254999999997,0.0008281619651347065,0.12837965231007198,0.00484299628579099,0.26822700082336276,0.4338811316897561,0.06287218438928903,-0.0770292353102344,0.3703728646149011,1.0555876224388265,33.69327123815641,24972,22568,0,2404,24808.519,-23502.093500000003,0.4120181856741424,0.012709408646808836,-0.0030038562218334145,2.0,0.0
2,tiingo/Agglomerative_Fundamentals_DRL_THR/TradeLogs_Top1_SL0_ZWin0_MSR0.csv,Tiingo,Agglomerative (Fundamentals-DRL-THR),DRL,Top 1,0%,0%,19805.69829999999,0.9805698299999989,0.004952372878787873,0.9805698300000008,0.027712423118597895,0.33492140170516654,0.47603660179667245,0.11630152778857963,-0.23828081750547003,0.46026200873362444,1.4255282180149071,30.88888888888889,762,602,0,160,32849.2895,-23043.591200000003,0.5800328720640475,0.06776149830712971,0.027703239037166594,2.0,0.0
2,tiingo/Agglomerative_Fundamentals_DRL_THR/TradeLogs_Top1_SL5_ZWin0_MSR0.csv,Tiingo,Agglomerative (Fundamentals-DRL-THR),DRL,Top 1,5%,0%,19990.423800000004,0.9990423800000005,0.005203345729166669,0.9990423800000006,0.02809413128187299,0.3396781839547554,0.4766372736311312,0.11790345347975002,-0.23828081750547003,0.4437400950871632,1.4387779854913743,30.407744874715263,812,660,0,152,32759.168200000004,-22768.744399999996,0.5483007263665766,0.0730335095759803,0.029078311822278793,2.0,0.0
2,tiingo/Agglomerative_Fundamentals_DRL_THR/TradeLogs_Top1_SL15_ZWin0_MSR0.csv,Tiingo,Agglomerative (Fundamentals-DRL-THR),DRL,Top 1,15%,0%,20752.01459999997,1.075201459999997,0.0056589550526315625,1.075201459999998,0.029632898536733787,0.3557787726995757,0.4998062498962248,0.12436124253289305,-0.23828081750547003,0.44128933231005374,1.4727435549217984,30.329545454545453,832,682,0,150,33495.8775,-22743.8629,0.546179948040931,0.07890620819880577,0.032173389733312005,2.0,0.0
2,tiingo/Agglomerative_Fundamentals_DRL_THR/TradeLogs_Top3_SL0_ZWin0_MSR0.csv,Tiingo,Agglomerative (Fundamentals-DRL-THR),DRL,Top 3,0%,0%,11710.968000000006,0.17109680000000066,0.0011692264236902094,0.17109680000000216,0.006337628138635809,0.1926176557541339,0.25014764560192093,0.046009858512977675,-0.1377450038636437,0.3657298985167838,1.0915554065289388,34.082912032355914,4249,3933,0,316,20398.7557,-18687.7877,0.4456815651344043,0.015387720770878004,-0.0020556078256719953,2.0,0.0
2,tiingo/Agglomerative_Fundamentals_DRL_THR/TradeLogs_Top3_SL5_ZWin0_MSR0.csv,Tiingo,Agglomerative (Fundamentals-DRL-THR),DRL,Top 3,5%,0%,12022.18429999999,0.20221842999999892,0.001363270314606734,0.20221842999999984,0.007393942864445391,0.2227800198050807,0.2924991354807327,0.05367848311772375,-0.1377450038636437,0.36746907833488496,1.1067563634733015,33.17153996101364,4180,3857,0,323,20964.2336,-18942.049300000002,0.45057702843610276,0.017989072337320944,-0.0009060778106498874,2.0,0.0
2,tiingo/Agglomerative_Fundamentals_DRL_THR/TradeLogs_Top3_SL15_ZWin0_MSR0.csv,Tiingo,Agglomerative (Fundamentals-DRL-THR),DRL,Top 3,15%,0%,11988.445900000004,0.1988445900000004,0.0013776761431870696,0.19884459,0.00728070644659895,0.21846243443539284,0.28393088590808263,0.052856410340706476,-0.1377450038636437,0.36875245966155057,1.1089941432183752,32.9030969030969,4216,3905,0,311,20232.049100000004,-18243.603199999998,0.44155488397575243,0.018050372435710175,-0.0008608675729459229,2.0,0.0
2,tiingo/Agglomerative_Fundamentals_DRL_THR/TradeLogs_Top5_SL0_ZWin0_MSR0.csv,Tiingo,Agglomerative (Fundamentals-DRL-THR),DRL,Top 5,0%,0%,10797.193299999999,0.07971932999999992,0.0006228072656249994,0.07971932999999942,0.003072756376568453,0.1200019444458179,0.16040291130763923,0.031925670395931485,-0.09624719977563999,0.3690828994793752,1.0474790675378198,34.17554644808743,6832,6380,0,452,17587.6094,-16790.416100000002,0.3956152908117279,0.008076954779741874,-0.004716939002173802,2.0,0.0
2,tiingo/Agglomerative_Fundamentals_DRL_THR/TradeLogs_Top5_SL5_ZWin0_MSR0.csv,Tiingo,Agglomerative (Fundamentals-DRL-THR),DRL,Top 5,5%,0%,11131.948100000003,0.11319481000000035,0.0008640825190839722,0.11319480999999687,0.0042985760239175885,0.1609093737960396,0.21407014667241459,0.04466182947595272,-0.09624719977563999,0.3685478855721393,1.0672394091471127,34.99801849405548,7048,6570,0,478,17966.5413,-16834.5932,0.41075764805683684,0.011045819364165613,-0.003677998178251405,2.0,0.0
2,tiingo/Agglomerative_Fundamentals_DRL_THR/TradeLogs_Top5_SL15_ZWin0_MSR0.csv,Tiingo,Agglomerative (Fundamentals-DRL-THR),DRL,Top 5,15%,0%,10988.3507,0.09883507000000002,0.0007487505303030304,0.09883507000000025,0.003777139132848273,0.1443169364395576,0.19369058486779067,0.03924414571699841,-0.09624719977563999,0.36034296307739844,1.0567948066775912,34.557291666666664,7092,6606,0,486,18390.4823,-17402.1316,0.41245427071735324,0.009604888990011957,-0.004287507930650547,2.0,0.0
2,tiingo/Agglomerative_Fundamentals_DRL_THR/TradeLogs_Top10_SL15_ZWin0_MSR0.csv,Tiingo,Agglomerative (Fundamentals-DRL-THR),DRL,Top 10,15%,0%,9662.586000000001,-0.03374139999999993,-0.0003357353233830839,-0.03374140000000103,-0.0013720090830378062,-0.06557591035479508,-0.09244380502616206,-0.016913841669560305,-0.08111753141848307,0.36161997511690763,0.9777294753470209,37.45371972318339,12574,11879,0,695,14813.284300000001,-15150.6983,0.3274508244525741,-0.004130228608900503,-0.00790146325221356,2.0,0.0
2,tiingo/Agglomerative_Fundamentals_DRL_THR/TradeLogs_Top10_SL5_ZWin0_MSR0.csv,Tiingo,Agglomerative (Fundamentals-DRL-THR),DRL,Top 10,5%,0%,9699.652800000002,-0.03003471999999987,-0.00029620039447731625,-0.030034720000000403,-0.001219056423875986,-0.058009014614693266,-0.08190729701853475,-0.014704155003113117,-0.08290557489484375,0.35912690436949796,0.9801993415835681,37.3311432325887,13355,12677,0,678,14868.1989,-15168.5461,0.32427230793701284,-0.003712537126600268,-0.007689319141084772,2.0,0.0
2,tiingo/Agglomerative_Fundamentals_DRL_THR/TradeLogs_Top10_SL0_ZWin0_MSR0.csv,Tiingo,Agglomerative (Fundamentals-DRL-THR),DRL,Top 10,0%,0%,9800.530400000003,-0.019946959999999674,-0.0001969097729516256,-0.019946959999999514,-0.0008056187681311222,-0.033407342983809554,-0.04806386735057735,-0.009659004314842947,-0.08340598491017667,0.3627906976744186,0.9866453320950097,38.87740805604203,12099,11391,0,708,14736.850900000001,-14936.3205,0.3308997402046551,-0.002416224985979996,-0.007417523024229879,2.0,0.0
2,tiingo/Agglomerative_Fundamentals_DRL_THR/TradeLogs_Top20_SL0_ZWin0_MSR0.csv,Tiingo,Agglomerative (Fundamentals-DRL-THR),DRL,Top 20,0%,0%,10006.179699999999,0.0006179699999999534,1.0056468673717713e-05,0.0006179700000001898,2.4711470730132135e-05,0.007483238045610994,0.011000328686655582,0.00045343334493153087,-0.05449857406023724,0.3585274229902329,1.000619841363059,37.38290356764394,17772,16943,0,829,9975.988699999998,-9969.809000000001,0.20253698107205345,0.00012229822122746163,-0.004025969708923177,2.0,0.0
2,tiingo/Agglomerative_Fundamentals_DRL_THR/TradeLogs_Top20_SL15_ZWin0_MSR0.csv,Tiingo,Agglomerative (Fundamentals-DRL-THR),DRL,Top 20,15%,0%,10159.709299999999,0.015970929999999883,0.0002535068253968235,0.015970929999998162,0.0006339903486676235,0.06858803506988048,0.10193548597602455,0.014895874718645027,-0.04256147159146443,0.36000975223234694,1.0159084083642875,37.43910034602076,17563,16707,0,856,10199.0103,-10039.301,0.20730475584539526,0.003088005186733908,-0.003505936955622718,2.0,0.0
2,tiingo/Agglomerative_Fundamentals_DRL_THR/TradeLogs_Top20_SL5_ZWin0_MSR0.csv,Tiingo,Agglomerative (Fundamentals-DRL-THR),DRL,Top 20,5%,0%,10035.5299,0.00355298999999992,5.657627388534905e-05,0.003552989999999756,0.00014187778538010676,0.019279753914534185,0.028119810110346158,0.0028391771717360915,-0.04997144482299136,0.36157044168672436,1.0036066353099993,37.16753201799931,17147,16289,0,858,9886.7893,-9851.259399999999,0.2055630666454589,0.000692796966824629,-0.003968847863846036,2.0,0.0
3,tiingo/SSD_Rolling_DRL_THR/TradeLogs_Top1_SL0_ZWin0_MSR0.csv,Tiingo,SSD (Rolling-DRL-THR),DRL,Top 1,0%,0%,18738.091000000015,0.8738091000000014,0.004481072307692315,0.8738091000000023,0.025437071003820755,0.28745445020343957,0.4541248126148756,0.10772299772893033,-0.236134080373715,0.43820224719101125,1.342507714711903,32.622727272727275,849,693,0,156,34250.1908,-25512.099799999996,0.5794231482954244,0.060447424587088905,0.023436174094692813,2.0,0.0
3,tiingo/SSD_Rolling_DRL_THR/TradeLogs_Top1_SL15_ZWin0_MSR0.csv,Tiingo,SSD (Rolling-DRL-THR),DRL,Top 1,15%,0%,17907.76309999997,0.7907763099999972,0.0041401901047120266,0.7907763099999976,0.023579675026369262,0.270289121031641,0.4253874393977501,0.0998571446741239,-0.236134080373715,0.42888086642599277,1.3123224622389036,32.54022988505747,872,717,0,155,33226.989400000006,-25319.226300000002,0.5744393192301575,0.05517807839401889,0.02020767140448533,2.0,0.0
3,tiingo/SSD_Rolling_DRL_THR/TradeLogs_Top1_SL5_ZWin0_MSR0.csv,Tiingo,SSD (Rolling-DRL-THR),DRL,Top 1,5%,0%,18703.83479999996,0.8703834799999962,0.0044865127835051356,0.8703834799999961,0.025362018664129016,0.28687736077054554,0.45231291092954556,0.10740515991588379,-0.236134080373715,0.4664804469273743,1.3610205529658168,32.78801843317972,716,561,0,155,32812.8079,-24108.9731,0.5725306187370766,0.060935306837060436,0.02343671655161429,2.0,0.0
3,tiingo/SSD_Rolling_DRL_THR/TradeLogs_Top3_SL0_ZWin0_MSR0.csv,Tiingo,SSD (Rolling-DRL-THR),DRL,Top 3,0%,0%,11815.508699999993,0.18155086999999923,0.0012636951508120597,0.18050844562725743,0.006659888353077736,0.20498128906750168,0.2811466318734953,0.04834350892274281,-0.13776179059986782,0.36473979669245943,1.0876938087888046,33.798597194388776,3682,3378,0,304,22518.3237,-20702.815000000002,0.45673612215683157,0.015932724791920535,-0.0018576715062828368,2.0,0.0
3,tiingo/SSD_Rolling_DRL_THR/TradeLogs_Top3_SL15_ZWin0_MSR0.csv,Tiingo,SSD (Rolling-DRL-THR),DRL,Top 3,15%,0%,11773.680899999996,0.17736808999999953,0.0012579297163120534,0.176329355888869,0.006517099467234555,0.2008676108502155,0.27775335417472163,0.06107189156036201,-0.1067119308199781,0.37007756563245825,1.085171490539656,34.492047713717696,3740,3430,0,310,22598.5002,-20824.819300000003,0.46470671403071595,0.015298668091045613,-0.002184740502977945,2.0,0.0
3,tiingo/SSD_Rolling_DRL_THR/TradeLogs_Top3_SL5_ZWin0_MSR0.csv,Tiingo,SSD (Rolling-DRL-THR),DRL,Top 3,5%,0%,11737.83930000001,0.17378393000000106,0.0011903008904109661,0.1727483580174216,0.006394357896339464,0.19919655865064279,0.27579813988339286,0.055499955695364186,-0.11521374776292972,0.37906942173331354,1.0833697202094292,34.13260219341974,3755,3446,0,309,22582.8091,-20844.9698,0.46254175282328613,0.01505968031636873,-0.0022851041259741908,2.0,0.0
3,tiingo/SSD_Rolling_DRL_THR/TradeLogs_Top5_SL15_ZWin0_MSR0.csv,Tiingo,SSD (Rolling-DRL-THR),DRL,Top 5,15%,0%,12760.539900000002,0.27605399000000014,0.0021040700457317083,0.27537825633844526,0.009777199788642,0.36210994060591994,0.5378078353321307,0.10756223941312885,-0.09089806833687596,0.3687609309834522,1.1209595732132958,35.851604278074866,8054,7589,0,465,25582.5442,-22822.0043,0.42200307512857216,0.026220169414780024,0.002624930620857861,2.0,0.0
3,tiingo/SSD_Rolling_DRL_THR/TradeLogs_Top5_SL5_ZWin0_MSR0.csv,Tiingo,SSD (Rolling-DRL-THR),DRL,Top 5,5%,0%,13440.75520000001,0.34407552000000113,0.0026838964118564832,0.34336376557608594,0.011877048242071586,0.4114927971240839,0.6020792568930536,0.20871103081293374,-0.05690666274710177,0.3759301442672741,1.1607969463622996,36.251188051595385,7191,6736,0,455,24838.8929,-21398.1377,0.4172843433540109,0.03305055564139064,0.005445792541222674,2.0,0.0
3,tiingo/SSD_Rolling_DRL_THR/TradeLogs_Top5_SL0_ZWin0_MSR0.csv,Tiingo,SSD (Rolling-DRL-THR),DRL,Top 5,0%,0%,13588.519700000008,0.35885197000000074,0.002768919521604944,0.35813239071542635,0.012319690370028225,0.42520061821434285,0.6362648194983576,0.19810576630097326,-0.06218743956857605,0.36221600600395715,1.1595747220264514,34.94824153948242,7946,7497,0,449,26076.5407,-22488.021,0.41809554106357033,0.034403044665660694,0.0060218487524521785,2.0,0.0
3,tiingo/SSD_Rolling_DRL_THR/TradeLogs_Top10_SL0_ZWin0_MSR0.csv,Tiingo,SSD (Rolling-DRL-THR),DRL,Top 10,0%,0%,11625.890000000005,0.16258900000000054,0.0014052636127917073,0.16239226510912985,0.006037358989410269,0.297255183434663,0.4776095116565844,0.09022811984589453,-0.06691216662523612,0.3599288011741561,1.0666352904964072,38.18824893699266,17037,16250,0,787,26025.723599999998,-24399.8336,0.3791288903027411,0.017189425444883465,-0.0010655700121944538,2.0,0.0
3,tiingo/SSD_Rolling_DRL_THR/TradeLogs_Top10_SL5_ZWin0_MSR0.csv,Tiingo,SSD (Rolling-DRL-THR),DRL,Top 10,5%,0%,11083.585399999996,0.10835853999999963,0.0009438897212543522,0.1081709820612835,0.004116886886065707,0.2037365694675807,0.33168327305507195,0.05120281261579425,-0.0804035301138085,0.35962869310620177,1.0470191772311572,38.820242282141464,16048,15264,0,784,24129.1907,-23045.605300000003,0.3767350617676687,0.011528802105381632,-0.003191397262075196,2.0,0.0
3,tiingo/SSD_Rolling_DRL_THR/TradeLogs_Top10_SL15_ZWin0_MSR0.csv,Tiingo,SSD (Rolling-DRL-THR),DRL,Top 10,15%,0%,11849.260999999997,0.18492609999999962,0.0015765225916453505,0.18472558519470317,0.0068034862370449645,0.332969626644532,0.5299694007099034,0.11264267912548581,-0.06039883186252848,0.35793854816991066,1.0756533289349046,37.75599700149925,17402,16593,0,809,26293.142399999997,-24443.8814,0.3854673665235141,0.019229485935931077,-0.0002970080271459778,2.0,0.0
3,tiingo/SSD_Rolling_DRL_THR/TradeLogs_Top20_SL0_ZWin0_MSR0.csv,Tiingo,SSD (Rolling-DRL-THR),DRL,Top 20,0%,0%,10755.895399999994,0.07558953999999944,0.0009212619134673912,0.07596511638352488,0.002933014555001723,0.22542646399562052,0.35191111863271435,0.04243597650363064,-0.06911622629329119,0.35756050485363405,1.041802224019045,40.0179360540681,27919,26815,0,1104,18838.5553,-18082.6599,0.2882177509145857,0.01051230754542562,-0.0027345213806267126,2.0,0.0
3,tiingo/SSD_Rolling_DRL_THR/TradeLogs_Top20_SL15_ZWin0_MSR0.csv,Tiingo,SSD (Rolling-DRL-THR),DRL,Top 20,15%,0%,10992.215099999996,0.09922150999999957,0.001207074330900238,0.09960533823936735,0.0038052750246180267,0.2952614361230317,0.45771602337856104,0.0753710750328375,-0.0504872064377502,0.35377601294212807,1.05462692451203,40.006572029442694,28707,27617,0,1090,19155.696000000004,-18163.480900000002,0.2857496951381157,0.01391800976152809,-0.0017379268564763446,2.0,0.0
3,tiingo/SSD_Rolling_DRL_THR/TradeLogs_Top20_SL5_ZWin0_MSR0.csv,Tiingo,SSD (Rolling-DRL-THR),DRL,Top 20,5%,0%,11082.37100000001,0.10823710000000096,0.001315153098420425,0.1086240763200832,0.0041333056640069366,0.3185558015112961,0.49991964198970534,0.08704585436985758,-0.047484233383987856,0.35152983400628085,1.058604886509333,39.57799586776859,29396,28285,0,1111,19551.3258,-18468.9548,0.2904843327501193,0.014935181831871015,-0.00147125032606963,2.0,0.0
3,tiingo/HDBSCAN_Cluster_SSD_DTW_DRL_THR/TradeLogs_Top1_SL5_ZWin0_MSR0.csv,Tiingo,HDBSCAN (Cluster-SSD-DTW-PCA-DRL-THR),DRL,Top 1,5%,0%,14098.378199999983,0.4098378199999983,0.001862899181818174,0.4098378199999988,0.013833800659315498,0.227410509976288,0.31624089213879575,0.0625810413345056,-0.22105417813953654,0.4708691499522445,1.1836504702496933,30.857768052516413,722,540,0,182,26414.564999999995,-22316.1868,0.5847781135676794,0.02809169880048948,0.0047318483601080895,2.0,0.0
3,tiingo/HDBSCAN_Cluster_SSD_DTW_DRL_THR/TradeLogs_Top1_SL15_ZWin0_MSR0.csv,Tiingo,HDBSCAN (Cluster-SSD-DTW-PCA-DRL-THR),DRL,Top 1,15%,0%,14459.848199999993,0.4459848199999993,0.002055229585253453,0.44598481999999695,0.014860967247632528,0.2422515921907365,0.3355668891961098,0.06722771481953987,-0.22105417813953654,0.48125633232016213,1.2051582099184197,30.60310421286031,689,510,0,179,26198.4284,-21738.5802,0.5745453581464398,0.031113784332579657,0.006385373199724268,2.0,0.0
3,tiingo/HDBSCAN_Cluster_SSD_DTW_DRL_THR/TradeLogs_Top1_SL0_ZWin0_MSR0.csv,Tiingo,HDBSCAN (Cluster-SSD-DTW-PCA-DRL-THR),DRL,Top 1,0%,0%,14478.300299999988,0.4478300299999987,0.00207328717592592,0.44783002999999777,0.014912737791902941,0.2430684846604532,0.33678521859964283,0.06746191326222994,-0.22105417813953654,0.4806910569105691,1.206806947493824,30.457589285714285,686,508,0,178,26132.7967,-21654.4964,0.5688987858544086,0.0315526097558247,0.0065722656635384645,2.0,0.0
3,tiingo/HDBSCAN_Cluster_SSD_DTW_DRL_THR/TradeLogs_Top3_SL0_ZWin0_MSR0.csv,Tiingo,HDBSCAN (Cluster-SSD-DTW-PCA-DRL-THR),DRL,Top 3,0%,0%,11665.282000000003,0.16652820000000032,0.0009552286806883384,0.1631141343437421,0.0060623423292673895,0.19608646094974236,0.27689352129777217,0.04266822234242755,-0.14208096790662972,0.3670679149947986,1.074409136345003,32.690316395014385,3820,3412,0,408,24045.3563,-22380.0743,0.4623120018380079,0.0144380885202034,-0.0025713384302705642,2.0,0.0
3,tiingo/HDBSCAN_Cluster_SSD_DTW_DRL_THR/TradeLogs_Top3_SL15_ZWin0_MSR0.csv,Tiingo,HDBSCAN (Cluster-SSD-DTW-PCA-DRL-THR),DRL,Top 3,15%,0%,12044.3514,0.20443513999999988,0.0011726681070745688,0.20091013250625656,0.007350068644115915,0.23350467515263065,0.3295534366328131,0.050934023915999105,-0.1443056738701368,0.37778796211426824,1.0899992458355836,31.429499072356215,3742,3333,0,409,24759.5573,-22715.2059,0.46431790467101425,0.017648069179560365,-0.001092043590477711,2.0,0.0
3,tiingo/HDBSCAN_Cluster_SSD_DTW_DRL_THR/TradeLogs_Top3_SL5_ZWin0_MSR0.csv,Tiingo,HDBSCAN (Cluster-SSD-DTW-PCA-DRL-THR),DRL,Top 3,5%,0%,11794.9341,0.17949341000000008,0.0010600004527559059,0.17604139920175088,0.006507242792689105,0.21216649803039472,0.30620847819628433,0.05059560212029563,-0.12861281455288437,0.377781235413101,1.0812135597327754,31.983511154219205,3662,3272,0,390,23896.343100000002,-22101.409,0.4507184136578124,0.01596247711563346,-0.0018197859095488008,2.0,0.0
3,tiingo/HDBSCAN_Cluster_SSD_DTW_DRL_THR/TradeLogs_Top5_SL0_ZWin0_MSR0.csv,Tiingo,HDBSCAN (Cluster-SSD-DTW-PCA-DRL-THR),DRL,Top 5,0%,0%,10705.7059,0.07057059000000007,0.00042821959951456356,0.06803347647663016,0.002636232167537944,0.11409075295705366,0.1618378587854766,0.016901676091057458,-0.1559745999944203,0.3804008908685969,1.0350893666787226,32.604745370370374,5232,4570,0,662,20817.3798,-20111.6739,0.4493293038545146,0.006295294996932088,-0.006157925558559988,2.0,0.0
3,tiingo/HDBSCAN_Cluster_SSD_DTW_DRL_THR/TradeLogs_Top5_SL5_ZWin0_MSR0.csv,Tiingo,HDBSCAN (Cluster-SSD-DTW-PCA-DRL-THR),DRL,Top 5,5%,0%,10854.145999999999,0.0854145999999998,0.000515788647342994,0.08284230809711457,0.003188646988108612,0.13740399263369776,0.20215586093268503,0.024805221791106353,-0.12854740888677993,0.37722742373905166,1.0407611540140658,31.8,5721,5056,0,665,21809.048300000002,-20954.9023,0.445713376809289,0.007681278709585308,-0.005490618864323215,2.0,0.0
3,tiingo/HDBSCAN_Cluster_SSD_DTW_DRL_THR/TradeLogs_Top5_SL15_ZWin0_MSR0.csv,Tiingo,HDBSCAN (Cluster-SSD-DTW-PCA-DRL-THR),DRL,Top 5,15%,0%,11708.091499999999,0.1708091499999999,0.001024035671462829,0.16803448408306054,0.006232236392777812,0.2477992651128091,0.3603078912237747,0.05774718480092975,-0.10792277431812522,0.3805153157138118,1.0842083578046655,31.80254041570439,5273,4610,0,663,21992.2004,-20284.1089,0.44431366311436293,0.0154091450562039,-0.0020397795769047282,2.0,0.0
3,tiingo/HDBSCAN_Cluster_SSD_DTW_DRL_THR/TradeLogs_Top10_SL0_ZWin0_MSR0.csv,Tiingo,HDBSCAN (Cluster-SSD-DTW-PCA-DRL-THR),DRL,Top 10,0%,0%,11205.837900000011,0.1205837900000012,0.0007695200382897332,0.11952061485768839,0.004526235448073512,0.2271510529469784,0.33767712260680843,0.03470173001903913,-0.13043255899893721,0.3696344892221181,1.0542617032049493,35.19256865912762,12031,10803,0,1228,23428.4706,-22222.632700000002,0.4216557976777477,0.011462726599898264,-0.0035997908255129144,2.0,0.0
3,tiingo/HDBSCAN_Cluster_SSD_DTW_DRL_THR/TradeLogs_Top10_SL15_ZWin0_MSR0.csv,Tiingo,HDBSCAN (Cluster-SSD-DTW-PCA-DRL-THR),DRL,Top 10,15%,0%,11996.998100000006,0.19969981000000064,0.0012825935131663495,0.19856157203188807,0.007271193592297109,0.3478730905782513,0.5374192356206419,0.06727969466695721,-0.10807411698715957,0.375766494971793,1.091149265947151,34.78648033799155,11552,10345,0,1207,23906.095,-21909.0969,0.4164413339695668,0.019221217946400214,-0.00032431703727265303,2.0,0.0
3,tiingo/HDBSCAN_Cluster_SSD_DTW_DRL_THR/TradeLogs_Top10_SL5_ZWin0_MSR0.csv,Tiingo,HDBSCAN (Cluster-SSD-DTW-PCA-DRL-THR),DRL,Top 10,5%,0%,11848.730699999998,0.1848730699999998,0.0011881302699228778,0.18374889918291215,0.006770272800321386,0.3358534905574825,0.5062567154448367,0.0633052661840685,-0.10694643918937037,0.37300806610269527,1.084201413614733,34.66600397614314,11508,10311,0,1197,23804.7837,-21956.053,0.41030963363554424,0.01806005296911038,-0.0007959789555166824,2.0,0.0
3,tiingo/HDBSCAN_Cluster_SSD_DTW_DRL_THR/TradeLogs_Top20_SL5_ZWin0_MSR0.csv,Tiingo,HDBSCAN (Cluster-SSD-DTW-PCA-DRL-THR),DRL,Top 20,5%,0%,10769.7329,0.07697329000000008,0.0005227388115449921,0.07646141106980586,0.002951514788819054,0.1762745369013889,0.2744664632932595,0.03154748943567774,-0.09355783428779349,0.3670458543450217,1.0369516193065758,36.74497354497355,23809,21544,0,2265,21600.5629,-20830.83,0.39786464132336563,0.007754642578581789,-0.00487199473834897,2.0,0.0
3,tiingo/HDBSCAN_Cluster_SSD_DTW_DRL_THR/TradeLogs_Top20_SL0_ZWin0_MSR0.csv,Tiingo,HDBSCAN (Cluster-SSD-DTW-PCA-DRL-THR),DRL,Top 20,0%,0%,11350.1688,0.13501687999999987,0.0009125845217979037,0.13447741330042828,0.005059641617998212,0.30161773203617964,0.46520516821430963,0.07907595834490162,-0.0639845753867418,0.3700486691661039,1.0641271905537808,35.78725222146275,24101,21829,0,2272,22404.713499999998,-21054.544700000002,0.402819309686655,0.013434913282198582,-0.0026445436996977954,2.0,0.0
3,tiingo/HDBSCAN_Cluster_SSD_DTW_DRL_THR/TradeLogs_Top20_SL15_ZWin0_MSR0.csv,Tiingo,HDBSCAN (Cluster-SSD-DTW-PCA-DRL-THR),DRL,Top 20,15%,0%,10673.5482,0.06735481999999987,0.0004541795010114624,0.06684751267077571,0.0025916745931111596,0.15916238232893934,0.23767123824339054,0.02265172791643458,-0.1144139909622883,0.3684062059238364,1.0325651529015496,36.70342668290137,23785,21508,0,2277,21356.644700000004,-20683.0965,0.40150707809766184,0.0067240750869061285,-0.0053303778209002756,2.0,0.0
3,tiingo/HDBSCAN_Cluster_SSD_DTW_PCA5_DRL_THR/TradeLogs_Top1_SL0_ZWin0_MSR0.csv,Tiingo,HDBSCAN (Cluster-SSD-DTW-PCA-PCA5-DRL-THR),DRL,Top 1,0%,0%,13447.329299999992,0.3447329299999992,0.0015598775113122136,0.3447329299999975,0.011918280520794466,0.2020634014591051,0.2764841297136987,0.046617043760079774,-0.25566358480673573,0.4420529801324503,1.1603305917731241,29.51172707889126,806,627,0,179,24948.7113,-21501.382,0.5748899846243571,0.02403560777275656,0.0023200304904299543,2.0,0.0
3,tiingo/HDBSCAN_Cluster_SSD_DTW_PCA5_DRL_THR/TradeLogs_Top1_SL5_ZWin0_MSR0.csv,Tiingo,HDBSCAN (Cluster-SSD-DTW-PCA-PCA5-DRL-THR),DRL,Top 1,5%,0%,13601.268399999997,0.3601268399999998,0.0016295332126696823,0.36012683999999884,0.012379113102899408,0.20855713594608574,0.2862635943234275,0.04841953973326774,-0.25566358480673573,0.44214876033057854,1.168218663629558,29.063694267515924,808,630,0,178,25009.5255,-21408.257100000003,0.5748104554371455,0.02511238214638194,0.0029386507099305355,2.0,0.0
3,tiingo/HDBSCAN_Cluster_SSD_DTW_PCA5_DRL_THR/TradeLogs_Top1_SL15_ZWin0_MSR0.csv,Tiingo,HDBSCAN (Cluster-SSD-DTW-PCA-PCA5-DRL-THR),DRL,Top 1,15%,0%,13207.526299999998,0.3207526299999997,0.00147134233944954,0.3207526299999992,0.011190217216856091,0.1921108427064241,0.2625716712397662,0.04376930420229824,-0.25566358480673573,0.4400998336106489,1.1502151916250567,29.49460043196544,800,623,0,177,24560.401899999997,-21352.8756,0.5689252955834792,0.022598107104049185,0.0014781288521287187,2.0,0.0
3,tiingo/HDBSCAN_Cluster_SSD_DTW_PCA5_DRL_THR/TradeLogs_Top3_SL0_ZWin0_MSR0.csv,Tiingo,HDBSCAN (Cluster-SSD-DTW-PCA-PCA5-DRL-THR),DRL,Top 3,0%,0%,12175.31710000001,0.21753171000000088,0.0012948316071428624,0.21396837291435022,0.007785939624157523,0.21695773637624965,0.3386708539296794,0.044505419290699136,-0.17494363042175967,0.38156028368794326,1.094597238993873,30.45269016697588,3288,2886,0,402,25170.8836,-22995.5665,0.44593782584875313,0.019552637205191795,-0.00019949599208239285,2.0,0.0
3,tiingo/HDBSCAN_Cluster_SSD_DTW_PCA5_DRL_THR/TradeLogs_Top3_SL15_ZWin0_MSR0.csv,Tiingo,HDBSCAN (Cluster-SSD-DTW-PCA-PCA5-DRL-THR),DRL,Top 3,15%,0%,11479.59450000001,0.147959450000001,0.0008536122115384672,0.14459972930656262,0.005416817972711652,0.1620528324714525,0.2476373735916631,0.0269543887998232,-0.20096237436284148,0.39337202771016666,1.0646945514278865,29.8005249343832,3162,2740,0,422,24350.0599,-22870.4654,0.4731456444515137,0.012534440183774177,-0.003532297110439491,2.0,0.0
3,tiingo/HDBSCAN_Cluster_SSD_DTW_PCA5_DRL_THR/TradeLogs_Top3_SL5_ZWin0_MSR0.csv,Tiingo,HDBSCAN (Cluster-SSD-DTW-PCA-PCA5-DRL-THR),DRL,Top 3,5%,0%,11998.555900000008,0.1998555900000008,0.0011552346242774613,0.19634398542645792,0.007196580912651296,0.20028812510582264,0.3125355622409141,0.037173587602882294,-0.19359392990342694,0.3835168616655196,1.0847462745036245,29.334817453250224,3395,2983,0,412,25581.3731,-23582.8172,0.4631249668628386,0.01729717527647403,-0.0012517456105190262,2.0,0.0
3,tiingo/HDBSCAN_Cluster_SSD_DTW_PCA5_DRL_THR/TradeLogs_Top5_SL0_ZWin0_MSR0.csv,Tiingo,HDBSCAN (Cluster-SSD-DTW-PCA-PCA5-DRL-THR),DRL,Top 5,0%,0%,10936.267900000004,0.09362679000000049,0.0005715921245421275,0.08758913679013136,0.003364184026823258,0.13526996388720774,0.19515814593827902,0.022494871782594725,-0.14955337640227298,0.37377828651932726,1.0397719177542066,31.059217877094973,6459,5803,0,656,24477.1971,-23540.929200000002,0.449530777795451,0.008348294911895876,-0.005237800050898661,2.0,0.0
3,tiingo/HDBSCAN_Cluster_SSD_DTW_PCA5_DRL_THR/TradeLogs_Top5_SL15_ZWin0_MSR0.csv,Tiingo,HDBSCAN (Cluster-SSD-DTW-PCA-PCA5-DRL-THR),DRL,Top 5,15%,0%,11080.010299999994,0.10800102999999944,0.0006601529951100211,0.10188402003235142,0.003888398690588213,0.1562455331181524,0.22156781627974165,0.031398288147304734,-0.1238411047234751,0.3742325829700151,1.045113237260069,30.47094972067039,6406,5756,0,650,25019.997,-23939.9867,0.4464662531148932,0.009696083350750473,-0.004600351058798601,2.0,0.0
3,tiingo/HDBSCAN_Cluster_SSD_DTW_PCA5_DRL_THR/TradeLogs_Top5_SL5_ZWin0_MSR0.csv,Tiingo,HDBSCAN (Cluster-SSD-DTW-PCA-PCA5-DRL-THR),DRL,Top 5,5%,0%,11315.499699999997,0.13154996999999966,0.0008070550306748446,0.12530295193957208,0.004733258244947969,0.18422512069240304,0.26625155126403066,0.0395258197544467,-0.11975104562924269,0.3774713087086508,1.0567229490393406,30.767045454545453,5953,5312,0,641,24507.1659,-23191.6662,0.44273898520757116,0.01190967933896171,-0.00358190035947194,2.0,0.0
3,tiingo/HDBSCAN_Cluster_SSD_DTW_PCA5_DRL_THR/TradeLogs_Top10_SL5_ZWin0_MSR0.csv,Tiingo,HDBSCAN (Cluster-SSD-DTW-PCA-PCA5-DRL-THR),DRL,Top 10,5%,0%,12393.460499999994,0.23934604999999948,0.0014801858379715489,0.23537406295903196,0.008490796426758429,0.36749356523805543,0.5330542828477826,0.1725842430578633,-0.049197981671546175,0.37258310719131615,1.0951552216396094,31.316257032869412,13270,12012,0,1258,27546.6834,-25153.2229,0.4299825035788134,0.022311694817445292,0.000993988325115297,2.0,0.0
3,tiingo/HDBSCAN_Cluster_SSD_DTW_PCA5_DRL_THR/TradeLogs_Top10_SL0_ZWin0_MSR0.csv,Tiingo,HDBSCAN (Cluster-SSD-DTW-PCA-PCA5-DRL-THR),DRL,Top 10,0%,0%,12463.171699999999,0.2463171699999998,0.001494643021844659,0.24232284117781644,0.008717089915545317,0.37452596536565486,0.5534568789634202,0.11921421240331172,-0.07312123059668983,0.3787348944269842,1.0966378079782417,31.68053148469093,12810,11531,0,1279,27951.8676,-25488.695900000002,0.4433328031387519,0.02227008628867334,0.0010064037177243985,2.0,0.0
3,tiingo/HDBSCAN_Cluster_SSD_DTW_PCA5_DRL_THR/TradeLogs_Top10_SL15_ZWin0_MSR0.csv,Tiingo,HDBSCAN (Cluster-SSD-DTW-PCA-PCA5-DRL-THR),DRL,Top 10,15%,0%,13329.510699999997,0.3329510699999997,0.002061616532507738,0.328679087710404,0.011432265792405527,0.4771107359249863,0.7022408217317632,0.20600284459094123,-0.05549566956275054,0.38406198118428336,1.130175248045313,30.553215708594195,12354,11091,0,1263,28906.6519,-25577.141200000002,0.43939080642595835,0.030372918836539996,0.0045577651725783215,2.0,0.0
3,tiingo/HDBSCAN_Cluster_SSD_DTW_PCA5_DRL_THR/TradeLogs_Top20_SL15_ZWin0_MSR0.csv,Tiingo,HDBSCAN (Cluster-SSD-DTW-PCA-PCA5-DRL-THR),DRL,Top 20,15%,0%,11502.453499999994,0.15024534999999942,0.0009615702399999962,0.14794321875138827,0.005534130462499176,0.2961263169204686,0.45620820850537236,0.05807851385738157,-0.09528705359246736,0.3768146433831264,1.062391466114771,33.327312706141036,24118,21711,0,2407,25583.5273,-24081.0738,0.42059143205556443,0.014318505768788292,-0.0023895877949207606,2.0,0.0
3,tiingo/HDBSCAN_Cluster_SSD_DTW_PCA5_DRL_THR/TradeLogs_Top20_SL5_ZWin0_MSR0.csv,Tiingo,HDBSCAN (Cluster-SSD-DTW-PCA-PCA5-DRL-THR),DRL,Top 20,5%,0%,11417.652399999995,0.14176523999999946,0.0009329729516288217,0.13948008106622556,0.005236546598223812,0.29032836990519073,0.45361466730332534,0.06176431645667176,-0.08478271757281242,0.37733705684668906,1.0600487088174948,33.60545543107647,23800,21463,0,2337,25026.0268,-23608.3744,0.40816102009437466,0.013921797461135973,-0.0024808853486029594,2.0,0.0
3,tiingo/HDBSCAN_Cluster_SSD_DTW_PCA5_DRL_THR/TradeLogs_Top20_SL0_ZWin0_MSR0.csv,Tiingo,HDBSCAN (Cluster-SSD-DTW-PCA-PCA5-DRL-THR),DRL,Top 20,0%,0%,11222.486300000002,0.12224863000000025,0.0007838963129208096,0.12000253212198397,0.0045435285119233,0.24863443744863542,0.3928355074173991,0.05217253851140467,-0.0870865907920142,0.37501640778823014,1.051362624093228,33.80842479018722,25561,23184,0,2377,25023.5736,-23801.0873,0.41216001272466996,0.01188872349638208,-0.0033431438269444797,2.0,0.0
3,tiingo/Agglomerative_Fundamentals_DRL_THR/TradeLogs_Top1_SL0_ZWin0_MSR0.csv,Tiingo,Agglomerative (Fundamentals-DRL-THR),DRL,Top 1,0%,0%,20036.4824,1.0036482400000002,0.00520024994818653,1.0036482400000013,0.028188777171543666,0.3401436855603484,0.481704948341114,0.11830065662292163,-0.23828081750547003,0.43125469571750563,1.4196219927748548,30.91743119266055,846,690,0,156,33954.3956,-23917.9132,0.5516939716876094,0.07291894377396571,0.029195062268172426,2.0,0.0
3,tiingo/Agglomerative_Fundamentals_DRL_THR/TradeLogs_Top1_SL5_ZWin0_MSR0.csv,Tiingo,Agglomerative (Fundamentals-DRL-THR),DRL,Top 1,5%,0%,19888.046600000016,0.9888046600000016,0.00509693123711341,0.9888046600000013,0.027883004183008486,0.3368703967986761,0.4768585919713741,0.11701741027629468,-0.23828081750547003,0.4289793004996431,1.4048837711843238,30.816143497757846,886,728,0,158,34309.9852,-24421.938599999998,0.5608663379460262,0.07066562584109289,0.028416644025237324,2.0,0.0
3,tiingo/Agglomerative_Fundamentals_DRL_THR/TradeLogs_Top1_SL15_ZWin0_MSR0.csv,Tiingo,Agglomerative (Fundamentals-DRL-THR),DRL,Top 1,15%,0%,20660.700799999995,1.0660700799999996,0.005670585531914891,1.0660700800000003,0.0294512894786072,0.35420254891118697,0.49412688475733424,0.12359907854492362,-0.23828081750547003,0.4309963099630996,1.460257765743438,30.253488372093024,855,705,0,150,33823.158,-23162.457199999997,0.5366099358464557,0.07963135860883308,0.03199877951752291,2.0,0.0
3,tiingo/Agglomerative_Fundamentals_DRL_THR/TradeLogs_Top3_SL0_ZWin0_MSR0.csv,Tiingo,Agglomerative (Fundamentals-DRL-THR),DRL,Top 3,0%,0%,11079.222500000003,0.10792225000000027,0.0007226936383928589,0.10792224999999833,0.004107870841462802,0.13074908426123402,0.17051263777049908,0.029822285572907302,-0.1377450038636437,0.3663950547906715,1.0579922765914274,33.40939597315436,3982,3653,0,329,19688.9851,-18609.762600000002,0.45985543361080183,0.00940690480399695,-0.004871292384638485,2.0,0.0
3,tiingo/Agglomerative_Fundamentals_DRL_THR/TradeLogs_Top3_SL5_ZWin0_MSR0.csv,Tiingo,Agglomerative (Fundamentals-DRL-THR),DRL,Top 3,5%,0%,11442.088899999999,0.14420888999999987,0.0009743843918918909,0.14420889000000003,0.005403083185857138,0.16589442320177034,0.21674288224917176,0.03922525706417453,-0.1377450038636437,0.3762008057018903,1.0789279221175454,33.88510223953262,3649,3315,0,334,19713.048799999997,-18270.9599,0.4579113868122935,0.01262314791663449,-0.0033779445678030562,2.0,0.0
3,tiingo/Agglomerative_Fundamentals_DRL_THR/TradeLogs_Top3_SL15_ZWin0_MSR0.csv,Tiingo,Agglomerative (Fundamentals-DRL-THR),DRL,Top 3,15%,0%,10992.874599999997,0.09928745999999979,0.0006738967873303152,0.09928745999999888,0.003793666054472622,0.12243609390182898,0.15922171816310712,0.027541224349799588,-0.1377450038636437,0.373411096156722,1.0541699712885808,33.891518737672584,3756,3431,0,325,19321.749000000003,-18328.8744,0.4533605499885125,0.0087782461467693,-0.0050875004987363795,2.0,0.0
3,tiingo/Agglomerative_Fundamentals_DRL_THR/TradeLogs_Top5_SL0_ZWin0_MSR0.csv,Tiingo,Agglomerative (Fundamentals-DRL-THR),DRL,Top 5,0%,0%,11587.2247,0.15872247,0.001204267602427921,0.15872247000000006,0.0059101194170319005,0.21149208561521188,0.28638372145822794,0.061405624587612596,-0.09624719977563999,0.3706736711990111,1.0880549431215916,34.161879895561356,7089,6607,0,482,19612.614800000003,-18025.390100000004,0.4132071470229574,0.015396700753191765,-0.0019021161486665605,2.0,0.0
3,tiingo/Agglomerative_Fundamentals_DRL_THR/TradeLogs_Top5_SL5_ZWin0_MSR0.csv,Tiingo,Agglomerative (Fundamentals-DRL-THR),DRL,Top 5,5%,0%,11348.243000000002,0.13482430000000017,0.000989899412628489,0.13482430000000156,0.005071932410513957,0.18523873266919938,0.24880560376294855,0.05269693479225414,-0.09624719977563999,0.3625987022124932,1.077784952742533,33.977229601518026,7023,6522,0,501,18681.196900000003,-17332.9539,0.42551296325751553,0.012700255532296667,-0.0031061358994751006,2.0,0.0
3,tiingo/Agglomerative_Fundamentals_DRL_THR/TradeLogs_Top5_SL15_ZWin0_MSR0.csv,Tiingo,Agglomerative (Fundamentals-DRL-THR),DRL,Top 5,15%,0%,11067.276599999997,0.1067276599999998,0.0008000574212893537,0.10672765999999867,0.004064542224973433,0.15220667594375703,0.20433921485761095,0.04223023874406954,-0.09624719977563999,0.36443485630634104,1.061292457414419,34.01222651222651,7112,6631,0,481,18480.130400000002,-17412.8538,0.4179948040931022,0.010234418803115227,-0.004081962199247132,2.0,0.0
3,tiingo/Agglomerative_Fundamentals_DRL_THR/TradeLogs_Top10_SL5_ZWin0_MSR0.csv,Tiingo,Agglomerative (Fundamentals-DRL-THR),DRL,Top 10,5%,0%,9654.193500000001,-0.034580649999999935,-0.00034069605911329985,-0.034580649999999546,-0.0014067181412111829,-0.06505892653312405,-0.09308808629751407,-0.015755922622857427,-0.08928186402555882,0.3639003819223425,0.9778372507627627,38.27505422993492,13488,12789,0,699,15257.244200000001,-15603.0507,0.33269179788982556,-0.004166276976525515,-0.008039922135623772,2.0,0.0
3,tiingo/Agglomerative_Fundamentals_DRL_THR/TradeLogs_Top20_SL15_ZWin0_MSR0.csv,Tiingo,Agglomerative (Fundamentals-DRL-THR),DRL,Top 20,15%,0%,9753.353799999999,-0.024664620000000043,-0.000401703908794789,-0.024664620000001247,-0.0009984567158318747,-0.09805396494948974,-0.1434949261630906,-0.022339182506266892,-0.04469531127881578,0.36034036256011837,0.9746536951874758,39.42214912280702,17311,16477,0,834,9484.4054,-9731.0516,0.20317984200201475,-0.0048657623203533324,-0.005052221659509042,2.0,0.0
3,tiingo/Agglomerative_Fundamentals_DRL_THR/TradeLogs_Top10_SL0_ZWin0_MSR0.csv,Tiingo,Agglomerative (Fundamentals-DRL-THR),DRL,Top 10,0%,0%,9645.4452,-0.03545547999999996,-0.0003545547999999996,-0.035455479999999095,-0.0014429295374834838,-0.06772381454880406,-0.09679043288227672,-0.019773921157803142,-0.07297134068495455,0.35931687521136285,0.9760496564589102,38.184375,12722,12026,0,696,14449.1911,-14803.7459,0.3232755421239595,-0.004396100385416491,-0.007886662577806052,2.0,0.0
3,tiingo/Agglomerative_Fundamentals_DRL_THR/TradeLogs_Top20_SL0_ZWin0_MSR0.csv,Tiingo,Agglomerative (Fundamentals-DRL-THR),DRL,Top 20,0%,0%,9948.7654,-0.005123460000000044,-8.399114754098433e-05,-0.005123459999999858,-0.0002054440904385446,-0.015366841356633971,-0.022933711459578454,-0.0054921622811552676,-0.037406777134657024,0.36027012919222234,0.9946187447802546,37.141910739191076,16466,15646,0,820,9469.7039,-9520.9385,0.20604289274163617,-0.0009966961755453715,-0.004326220018026617,2.0,0.0
3,tiingo/Agglomerative_Fundamentals_DRL_THR/TradeLogs_Top10_SL15_ZWin0_MSR0.csv,Tiingo,Agglomerative (Fundamentals-DRL-THR),DRL,Top 10,15%,0%,9105.558700000001,-0.08944412999999983,-0.0008935477522477505,-0.0894441300000004,-0.0037409858041460575,-0.19813621589967173,-0.2808784552576142,-0.040956938558551405,-0.09133948815041441,0.3633517343659883,0.9412522887577568,39.04392191659272,13032,12329,0,703,14330.6846,-15225.1259,0.3298048883940406,-0.010870557962848327,-0.010181260923598954,2.0,0.0
3,tiingo/Agglomerative_Fundamentals_DRL_THR/TradeLogs_Top20_SL5_ZWin0_MSR0.csv,Tiingo,Agglomerative (Fundamentals-DRL-THR),DRL,Top 20,5%,0%,9707.9397,-0.02920602999999989,-0.00047683314285714107,-0.029206030000000993,-0.0011849380666557607,-0.11098847775045759,-0.1652257226401802,-0.02466211051797422,-0.048046904412019205,0.3582059533386967,0.9685875467163769,39.443430656934304,16002,15165,0,837,9005.5357,-9297.596000000001,0.2029916229256137,-0.005767020452512302,-0.005230489299612954,2.0,0.0
