Date,Equity,Daily_Return,Drawdown
2019-01-02,10000.0,,0.0
2019-01-03,10000.0,0.0,0.0
2019-01-04,10000.0,0.0,0.0
2019-01-07,10000.0,0.0,0.0
2019-01-08,10000.0,0.0,0.0
2019-01-09,10000.0,0.0,0.0
2019-01-10,10000.0,0.0,0.0
2019-01-11,10000.0,0.0,0.0
2019-01-14,10000.0,0.0,0.0
2019-01-15,10000.0,0.0,0.0
2019-01-16,10000.0,0.0,0.0
2019-01-17,10000.0,0.0,0.0
2019-01-18,10000.0,0.0,0.0
2019-01-22,10000.0,0.0,0.0
2019-01-23,10000.0,0.0,0.0
2019-01-24,10000.0,0.0,0.0
2019-01-25,10000.0,0.0,0.0
2019-01-28,10000.0,0.0,0.0
2019-01-29,10000.0,0.0,0.0
2019-01-30,10000.0,0.0,0.0
2019-01-31,9999.6667,-3.3330000000053595e-05,-3.3330000000053595e-05
2019-02-01,9999.3114,-3.5531184254256054e-05,-6.885999999994841e-05
2019-02-04,10001.455,0.00021437476184593685,0.0
2019-02-05,10000.0465,-0.00014082950930638383,-0.00014082950930638383
2019-02-06,9999.7106,-3.358984380719132e-05,-0.00017441462267231422
2019-02-07,9999.2172,-4.9341427940996496e-05,-0.00022374744474684682
2019-02-08,10000.1653,9.481742230788015e-05,-0.00012895123759482097
2019-02-11,9999.6853,-4.7999206573279274e-05,-0.00017694425461101115
2019-02-12,10000.7356,0.00010503330539823885,-7.192953425272375e-05
2019-02-13,10000.7652,2.959782278377787e-06,-6.896996487015805e-05
2019-02-14,10000.4045,-3.6067240134718404e-05,-0.00010503471744849335
2019-02-15,10000.4371,3.259868138094646e-06,-0.00010177519170972982
2019-02-19,10000.8316,3.944827571600307e-05,-6.233093084961894e-05
2019-02-20,10001.6451,8.134323549646716e-05,0.0
2019-02-21,10001.0176,-6.273967869552255e-05,-6.273967869552255e-05
2019-02-22,10000.1681,-8.494135636738509e-05,-0.00014767570586948775
2019-02-25,10000.6591,4.909917464290814e-05,-9.858378198190909e-05
2019-02-26,10000.6208,-3.8297475813964255e-06,-0.00010241315201231505
2019-02-27,10001.3156,6.947568694926076e-05,-3.2944580287130876e-05
2019-02-28,10000.9938,-3.217576695602187e-05,-6.51192872259676e-05
2019-03-01,10001.3464,3.525649620939042e-05,-2.9865086894509396e-05
2019-03-04,10000.9003,-4.460399451833297e-05,-7.446774931063604e-05
2019-03-05,10000.6143,-2.8597425373755314e-05,-0.00010306304509855035
2019-03-06,10000.5267,-8.75946190614929e-06,-0.00011182160422784637
2019-03-07,9999.6197,-9.069522308269296e-05,-0.00020250668562515894
2019-03-08,10000.2332,6.135233322934752e-05,-0.00014116677665343413
2019-03-11,9999.4652,-7.679820906580925e-05,-0.00021795414436365235
2019-03-12,9997.4898,-0.0001975505650043674,-0.00041546165240358146
2019-03-13,9996.8582,-6.317585840387441e-05,-0.0004786112636608886
2019-03-14,9996.6289,-2.2937206411555167e-05,-0.0005015374920671611
2019-03-15,9995.3895,-0.00012398179550310306,-0.0006254571060515524
2019-03-18,9996.156,7.66853557834235e-05,-0.0005488197136688244
2019-03-19,9996.2803,1.2434779929293427e-05,-0.0005363917581917566
2019-03-20,9996.0966,-1.837683563155057e-05,-0.0005547587366401263
2019-03-21,9991.904,-0.00041942371785408383,-0.0009739497755223425
2019-03-22,9991.1468,-7.578135258301533e-05,-0.0010496573208740312
2019-03-25,9989.5891,-0.00015590802849585472,-0.0012054016993664485
2019-03-26,9989.8487,2.598705486311914e-05,-0.0011794459693434955
2019-03-27,9990.0195,1.7097356038942024e-05,-0.0011623687787121195
2019-03-28,9993.5178,0.0003501794966465077,-0.0008125963197794794
2019-03-29,9995.5033,0.0001986787875636331,-0.0006140789778672495
2019-04-01,9995.2194,-2.8402771874436183e-05,-0.0006424643081965886
2019-04-02,9995.7285,5.093434967506916e-05,-0.0005915626820232056
2019-04-03,9996.0164,2.8802302903807586e-05,-0.0005627774174870037
2019-04-04,9995.4953,-5.213076681220841e-05,-0.0006148788462809751
2019-04-05,10000.4735,0.0004980443540401058,-0.00011714072917856644
2019-04-08,10000.6734,1.9989053518187916e-05,-9.715401719267991e-05
2019-04-09,10001.1024,4.289711130844864e-05,-5.4261073510808444e-05
2019-04-10,9999.8902,-0.0001212066381801602,-0.00017546113488864368
2019-04-11,9998.5667,-0.0001323514532189929,-0.00030778936557152026
2019-04-12,10000.1051,0.00015386205304812606,-0.00015397466962696615
2019-04-15,9999.6082,-4.968947776362587e-05,-0.0002036564964696952
2019-04-16,9999.4732,-1.3500528950771695e-05,-0.00021715427595003778
2019-04-17,9997.5668,-0.00019065004344431813,-0.00040776291892208327
2019-04-18,9997.6482,8.141981106657425e-06,-0.0003996242578133691
2019-04-22,9998.5536,9.056129820605996e-05,-0.00030909915009891265
2019-04-23,10001.6237,0.00030705441235023834,-2.1396480064383994e-06
2019-04-24,10000.2913,-0.0001332183693333322,-0.0001353577322993349
2019-04-25,9999.3568,-9.344727788096474e-05,-0.0002287923613686349
2019-04-26,10000.9787,0.00016220043273174056,-6.662903885679139e-05
2019-04-29,10000.5529,-4.2575833103075666e-05,-0.0001092020351730616
2019-04-30,9999.2118,-0.00013410258546819875,-0.00024328997636602345
2019-05-01,9997.0869,-0.00021250674978190442,-0.00045574502538581196
2019-05-02,9997.1579,7.102068903641623e-06,-0.000448646193214719
2019-05-03,10001.4285,0.0004271814092282611,-2.1656437299455433e-05
2019-05-06,10000.8346,-5.938151735018771e-05,-8.103666865755255e-05
2019-05-07,9999.0027,-0.0001831747122386096,-0.00026419653702780543
2019-05-08,9994.4932,-0.0004509949777289357,-0.0007150723634453682
2019-05-09,9989.8194,-0.0004676375186287718,-0.0011823754874085157
2019-05-10,9987.7227,-0.00020988367417329457,-0.00139201100027031
2019-05-13,9988.5909,8.692672254495548e-05,-0.0013052052806793446
2019-05-14,9988.866,2.754142228411638e-05,-0.0012776998056049926
2019-05-15,9986.829,-0.0002039270523801484,-0.0014813663004299427
2019-05-16,9985.6593,-0.00011712426436860657,-0.0015983170608603325
2019-05-17,9985.3918,-2.678841646441832e-05,-0.0016250626609416452
2019-05-20,9981.3843,-0.00040133628006466804,-0.002025746744403034
2019-05-21,9985.5904,0.00042139445527600294,-0.0016052059275729613
2019-05-22,9984.7418,-8.498245632015955e-05,-0.0016900519695505212
2019-05-23,9989.015,0.0004279730097778156,-0.0012628022564008523
2019-05-24,9986.0094,-0.0003008905282451124,-0.0015633128194080248
2019-05-28,9980.4997,-0.0005517419200506968,-0.002114192194242026
2019-05-29,9979.7327,-7.68498595316025e-05,-0.002190879578400473
2019-05-30,9981.3258,0.00015963353407255632,-0.0020315957821778197
2019-05-31,9981.0437,-2.8262778477783357e-05,-0.002059801142114015
2019-06-03,9975.4819,-0.0005572363138736103,-0.0026158896599919323
2019-06-04,9978.359,0.0002884171440378225,-0.002328226983378867
2019-06-05,9974.28,-0.0004087846508629145,-0.00273605989078729
2019-06-06,9973.166,-0.00011168725963195403,-0.0028474415673878095
2019-06-07,9973.1495,-1.6544395229356468e-06,-0.0028490912959908687
2019-06-10,9974.3299,0.00011835779660196444,-0.002731070711557204
2019-06-11,9974.1065,-2.2397494592651945e-05,-0.0027534070370083263
2019-06-12,9975.4272,0.00013241286324738866,-0.0026213587602703647
2019-06-13,9975.6301,2.033998102857204e-05,-0.0026010720976291646
2019-06-14,9975.1568,-4.744562451242107e-05,-0.002648394312651514
2019-06-17,9978.1898,0.0003040553708388849,-0.002345144200327609
2019-06-18,9977.1525,-0.00010395673171104125,-0.0024488571385120617
2019-06-19,9973.8877,-0.00032722763333536964,-0.002775283438121612
2019-06-20,9974.8093,9.240128099707867e-05,-0.0026831385968693056
2019-06-21,9974.5618,-2.481250443564509e-05,-0.0027078845259166373
2019-06-24,9976.0749,0.0001516958870313445,-0.0025565994138304626
2019-06-25,9978.7363,0.0002667782696781362,-0.0022905031893202255
2019-06-26,9982.5521,0.00038239310923571246,-0.0019089859527208208
2019-06-27,9980.3947,-0.00021611707891810994,-0.0021246904671711198
2019-06-28,9978.2654,-0.00021334827569496895,-0.0023375854438185684
2019-07-01,9984.8033,0.0006552140815976326,-0.001683902981120644
2019-07-02,9983.3242,-0.00014813511649247602,-0.001831788652448818
2019-07-03,10010.0842,0.0026804698979925323,0.0
2019-07-05,10007.7195,-0.0002362317791493318,-0.0002362317791493318
2019-07-08,10006.0992,-0.00016190501742163743,-0.0003980985494606015
2019-07-09,10009.6774,0.00035760189145439547,-4.0639018800581184e-05
2019-07-10,10007.9704,-0.00017053496649155342,-0.00021116705491841525
2019-07-11,10008.32,3.4932157672917796e-05,-0.00017624227376622503
2019-07-12,10009.5219,0.00012009008504931806,-5.617335366669973e-05
2019-07-15,10005.7309,-0.0003787393681609075,-0.0004348914467671161
2019-07-16,10003.5037,-0.00022259243450184485,-0.000657387077723115
2019-07-17,9999.0442,-0.0004457938072236489,-0.001102887825858545
2019-07-18,9996.8595,-0.0002184908833585686,-0.0013211377382817968
2019-07-19,9994.4934,-0.0002366843307142208,-0.0015575093763946501
2019-07-22,9993.6232,-8.706794483448466e-05,-0.0016444417120886623
2019-07-23,9991.8134,-0.00018109548096634231,-0.001825239392092226
2019-07-24,9990.7558,-0.000105846652420305,-0.001930892849033028
2019-07-25,9982.2232,-0.0008540495004392135,-0.0027832932713991454
2019-07-26,9981.1338,-0.00010913400533874018,-0.002892123524795065
2019-07-29,9976.2027,-0.0004940420696494252,-0.003384736763752616
2019-07-30,9969.5905,-0.0006627972785676617,-0.004045290648004629
2019-07-31,9979.3094,0.0009748544837422379,-0.003074379733988608
2019-08-01,9969.5347,-0.0009794966373123382,-0.004050865026689721
2019-08-02,10000.1821,0.0030741053541847307,-0.0009892124583726902
2019-08-05,9990.3157,-0.0009866220336128828,-0.001974858513178135
2019-08-06,9996.1153,0.0005805221951094008,-0.0013954827672678638
2019-08-07,10000.2799,0.000416621845088061,-0.0009794423107849504
2019-08-08,9993.7772,-0.0006502517994519952,-0.0016290572261119518
2019-08-09,9989.92,-0.00038596017529790583,-0.0020143886501973185
2019-08-12,9991.9728,0.00020548713102797045,-0.0018093154501137576
2019-08-13,9984.0449,-0.0007934268996407923,-0.0026013067902064257
2019-08-14,9976.9507,-0.000710553695526861,-0.0033100121175804187
2019-08-15,9966.4607,-0.00105142345746978,-0.004357955350665299
2019-08-16,9973.9192,0.0007483599468767199,-0.00361285672302325
2019-08-19,9969.642,-0.0004288384449716576,-0.004040145836135878
2019-08-20,9961.9676,-0.0007697768886786305,-0.004806812713922914
2019-08-21,9959.3135,-0.0002664232716436121,-0.005071955338797118
2019-08-22,9952.3,-0.0007042152051947026,-0.005772598795922179
2019-08-23,9939.3307,-0.0013031460064506506,-0.007068222263305168
2019-08-26,9934.4747,-0.0004885640840986971,-0.00755333306786754
2019-08-27,9911.9135,-0.0022710008008778315,-0.009807180243298963
2019-08-28,9903.3952,-0.000859400155176826,-0.010658152106252872
2019-08-29,9909.0099,0.0005669469799607363,-0.010097247733440673
2019-08-30,9916.8809,0.0007943275947277506,-0.009310940661218292
2019-09-03,9912.6625,-0.00042537568440492723,-0.009732355697867012
2019-09-04,9912.6873,2.50185053696228e-06,-0.00972987819622928
2019-09-05,9917.7482,0.0005105477300793027,-0.009224298033377099
2019-09-06,9929.1918,0.0011538506291175477,-0.00808109086634845
2019-09-09,9946.2485,0.0017178336710144126,-0.006377139165322898
2019-09-10,9947.492,0.00012502201206832098,-0.006252914436024382
2019-09-11,9952.3141,0.00048475535340952725,-0.0057711902163619655
2019-09-12,9951.1664,-0.00011531991338575853,-0.005885844596591805
2019-09-13,9950.0524,-0.00011194667591929441,-0.0059971323717735725
2019-09-16,9946.6413,-0.00034282231518711903,-0.006337898736156533
2019-09-17,9945.627,-0.00010197412065104938,-0.006439226555157163
2019-09-18,9948.9489,0.00033400609132017145,-0.006107371204729706
2019-09-19,9950.3936,0.00014521131976064083,-0.005963046744401956
2019-09-20,9950.6519,2.5958772123413354e-05,-0.005937242765650108
2019-09-23,9954.9271,0.0004296401927195159,-0.005510153451056765
2019-09-24,9954.2289,-7.01361238497622e-05,-0.005579903114101614
2019-09-25,9958.0209,0.0003809436208563888,-0.0052010851217415555
2019-09-26,9958.0209,0.0,-0.0052010851217415555
2019-09-27,9958.0209,0.0,-0.0052010851217415555
2019-09-30,9957.6876,-3.347050617263925e-05,-0.005234381544962474
2019-10-01,9958.9059,0.00012234768240770855,-0.005112674277005569
2019-10-02,9970.909,0.0012052629194940767,-0.003913573474237042
2019-10-03,9968.0995,-0.0002817696962231775,-0.004194240444051367
2019-10-04,9967.0972,-0.00010055076195814028,-0.004294369471937065
2019-10-07,9971.7065,0.00046245159523472523,-0.003833903814715045
2019-10-08,9966.9008,-0.000481933558714398,-0.004313989686520303
2019-10-09,9963.8403,-0.0003070663651031369,-0.00461973137049132
2019-10-10,9961.3026,-0.0002546909548518661,-0.004873245721549346
2019-10-11,9958.3582,-0.00029558383258032617,-0.005167389101482178
2019-10-14,9964.8422,0.0006511113448397499,-0.004519642302309501
2019-10-15,9970.2224,0.0005399182337280095,-0.003982164305870506
2019-10-16,9975.6348,0.0005428564963605442,-0.003441469553273069
2019-10-17,9973.8576,-0.00017815407596921684,-0.0036190105174139786
2019-10-18,9963.0246,-0.001086139429141153,-0.004701219196537654
2019-10-21,9965.8254,0.00028111945041264796,-0.0044214213502818955
2019-10-22,9968.1089,0.0002291330530435065,-0.0041933013910112615
2019-10-23,9967.1274,-9.846401256707882e-05,-0.004291352514297575
2019-10-24,9964.2714,-0.000286541937850604,-0.0045766647996826615
2019-10-25,9968.5552,0.0004299160297862592,-0.004148716351456749
2019-10-28,9962.1207,-0.0006454796980008837,-0.00479151813727996
2019-10-29,9969.4485,0.0007355662735546442,-0.004059476342866186
2019-10-30,9958.9807,-0.0010499878704424148,-0.005105201812388271
2019-10-31,9969.5816,0.001064456325334584,-0.00404617975141508
2019-11-01,9977.8022,0.000824568204547349,-0.00322494789804062
2019-11-04,9964.3151,-0.001351710499933545,-0.00457229920203861
2019-11-05,9965.3107,9.991655121388554e-05,-0.004472839499192194
2019-11-06,9967.9423,0.0002640760613716875,-0.004209944607658667
2019-11-07,9966.0614,-0.00018869491248962866,-0.004397845125018951
2019-11-08,9957.1367,-0.0008955092329655523,-0.005289416047069784
2019-11-11,9964.5968,0.0007492214102071681,-0.004544157580612551
2019-11-12,9959.4742,-0.0005140800077328977,-0.005055901527781237
2019-11-13,9956.0543,-0.0003433815813289609,-0.00539754700564854
2019-11-14,9959.1675,0.000312694156358706,-0.005086540630697134
2019-11-15,9956.4901,-0.00026883773166774816,-0.005354010908319662
2019-11-18,9956.8018,3.1306213019721696e-05,-0.005322872309106108
2019-11-19,9958.1636,0.00013677082534679919,-0.005186829497398127
2019-11-20,9949.8218,-0.0008376845706772329,-0.006020169141034759
2019-11-21,9951.9087,0.0002097424498597178,-0.005811689376199136
2019-11-22,9950.051,-0.00018666770928077447,-0.005997272230737094
2019-11-25,9955.1758,0.0005150526364137153,-0.005485308505197017
2019-11-26,9954.7315,-4.463005063159997e-05,-0.005529693746232356
2019-11-27,9952.0086,-0.0002735282212282808,-0.005801709440166336
2019-11-29,9950.6204,-0.00013948942929964403,-0.005940389592327233
2019-12-02,9973.1119,0.0022603113269199504,-0.0036935053952892316
2019-12-03,9969.9908,-0.00031295146703413934,-0.004005300974391335
2019-12-04,9970.0416,5.095290559475885e-06,-0.004000226092004233
2019-12-05,9971.7614,0.00017249677273145636,-0.0038284193453637094
2019-12-06,9969.0312,-0.0002737931535344851,-0.004101164303892624
2019-12-09,9970.7674,0.00017415935060993704,-0.00392771920939472
2019-12-10,9972.6032,0.0001841182254436191,-0.0037443241486420087
2019-12-11,9973.3772,7.761263378069927e-05,-0.0036670021217202198
2019-12-12,9972.3464,-0.00010335516037640602,-0.003769978278504338
2019-12-13,9972.5972,2.514954755272747e-05,-0.00374492354419953
2019-12-16,9970.7757,-0.0001826505135492651,-0.003926890045540143
2019-12-17,9962.8457,-0.0007953242795342153,-0.004719091174078205
2019-12-18,9959.8867,-0.00029700349569805606,-0.005014693083201016
2019-12-19,9955.5573,-0.00043468365960419586,-0.005447196937664045
2019-12-20,9955.5074,-5.012275907434471e-06,-0.005452181910717502
2019-12-23,9958.4673,0.0002973128220467025,-0.005156490092261046
2019-12-24,9963.8816,0.000543688083406213,-0.00461560553107021
2019-12-26,9961.6491,-0.0002240592662201557,-0.004838630628101859
2019-12-27,9962.7159,0.00010709070248204888,-0.0047320580979728355
2019-12-30,9961.4195,-0.00013012515994748064,-0.004861567498103514
2019-12-31,9961.9954,5.781304562058054e-05,-0.004804035514506366
2020-01-02,9968.5402,0.0006569768141029275,-0.004150214840350719
2020-01-03,9968.1988,-3.424774271354458e-05,-0.004184320447574219
2020-01-06,9964.7103,-0.0003499629240941715,-0.004532819014649081
2020-01-07,9968.8416,0.000414593086564663,-0.004120105203510582
2020-01-08,9968.9411,9.98109950911541e-06,-0.00411016522718155
2020-01-09,9973.0041,0.0004075658547124661,-0.00370427453547284
2020-01-10,9966.3517,-0.0006670407365019226,-0.004368844369960434
2020-01-13,9965.6636,-6.904231565496577e-05,-0.004437585050483306
2020-01-14,9968.18,0.0002525070181980116,-0.00418619855365443
2020-01-15,9966.6898,-0.00014949569530242623,-0.0043350684302934095
2020-01-16,9962.149,-0.00045559760473334876,-0.004788690988233646
2020-01-17,9963.6151,0.0001471670419708193,-0.004642228683750527
2020-01-21,9959.1106,-0.0004520949429289711,-0.005092224898567754
2020-01-22,9957.7685,-0.00013476102976506255,-0.005226299694861658
2020-01-23,9959.5115,0.00017503921686867763,-0.005052175285398586
2020-01-24,9941.6927,-0.0017891238942794319,-0.006832260212156882
2020-01-27,9943.7342,0.00020534732480737006,-0.006628315873706492
2020-01-28,9946.5676,0.00028494325602546056,-0.00634526131158808
2020-01-29,9937.4215,-0.0009195232333212289,-0.0072589499297117666
2020-01-30,9948.7506,0.0011400442257580856,-0.00612718122790612
2020-01-31,9943.4878,-0.0005289910473782466,-0.006652931051269184
2020-02-03,9950.5107,0.0007062813512981325,-0.005951348541104018
2020-02-04,9950.0098,-5.0339124805010016e-05,-0.006001388080232095
2020-02-05,9944.8387,-0.0005197080308403379,-0.006517977141490938
2020-02-06,9947.491,0.0002667011582599965,-0.006253014335283913
2020-02-07,9943.0609,-0.00044534848033539465,-0.006695578045187611
2020-02-10,9941.414,-0.00016563309996420195,-0.006860102135804125
2020-02-11,9944.0879,0.00026896576281809637,-0.006592981505590068
2020-02-12,9947.6876,0.0003619939843853004,-0.006233374140848902
2020-02-13,9942.5324,-0.0005182309906875959,-0.006748374803880242
2020-02-14,9937.1443,-0.0005419243089416215,-0.007286642004469823
2020-02-18,9937.4096,2.6697810959763757e-05,-0.007260138730900811
2020-02-19,9930.517,-0.000693601278144107,-0.007948704367541581
2020-02-20,9928.4171,-0.00021145928253274437,-0.008158482822751778
2020-02-21,9927.5072,-9.164602885192163e-05,-0.008249381159051494
2020-02-24,9920.9571,-0.0006597930243757988,-0.008903731299283124
2020-02-25,9910.5542,-0.0010485782667076782,-0.009942973306857783
2020-02-26,9887.3624,-0.0023401113128467266,-0.012259816955385805
2020-02-27,9868.7372,-0.0018837379724243597,-0.014120460645076216
2020-02-28,9871.898,0.00032028413929197086,-0.01380469906536852
2020-03-02,9854.6438,-0.0017478097930103687,-0.015528380870162839
2020-03-03,9819.4236,-0.003573969867891047,-0.019046852772726885
2020-03-04,9872.0523,0.0053596526785950616,-0.013789284609613928
2020-03-05,9863.18,-0.000898729031246992,-0.014675620810462253
2020-03-06,9853.8553,-0.0009454050316430873,-0.01560715143634861
2020-03-09,9807.6066,-0.004693462466411558,-0.020227362323285925
2020-03-10,9867.1078,0.0060668420366698506,-0.014283236498650043
2020-03-11,9847.7719,-0.00195963198050797,-0.01621487859213011
2020-03-12,9835.5709,-0.001238960459675087,-0.01743374945837106
2020-03-13,9808.738,-0.002728148703600053,-0.020114336300987357
2020-03-16,9764.6179,-0.004498040420694238,-0.024521901623964393
2020-03-17,9743.4301,-0.002169854490670864,-0.02663854715627667
2020-03-18,9730.2766,-0.001349986592504071,-0.02795257206727597
2020-03-19,9791.9442,0.006337702671268319,-0.02179202448666706
2020-03-20,9828.2471,0.003707425130139219,-0.018165391655746377
2020-03-23,9823.6495,-0.00046779450630629604,-0.018624688491631236
2020-03-24,9859.3861,0.0036378130143996934,-0.0150546286114156
2020-03-25,9870.6838,0.001145882703589507,-0.013925996746360858
2020-03-26,9876.485,0.000587720173955919,-0.013346461161635292
2020-03-27,9882.0805,0.0005665477140905928,-0.012787474854607073
2020-03-30,9892.1842,0.0010224264009992545,-0.01177812270550127
2020-03-31,9901.5562,0.0009474146265897598,-0.010841866844636394
2020-04-01,9879.5187,-0.0022256602452047636,-0.013043396777821181
2020-04-02,9974.7989,0.009644214753093072,-0.003524975344363246
2020-04-03,9964.4499,-0.0010375146510472888,-0.0045588327818461005
2020-04-06,9989.7725,0.0025412943267444366,-0.002029123790986742
2020-04-07,10007.3474,0.0017592893131450626,-0.00027340429364208774
2020-04-08,10014.1034,0.0006751039741059728,0.0
2020-04-09,10014.1034,0.0,0.0
2020-04-13,10014.1034,0.0,0.0
2020-04-14,10013.4368,-6.656611913957722e-05,-6.656611913957722e-05
2020-04-15,10013.4776,4.074525142172547e-06,-6.249186522278016e-05
2020-04-16,10016.6139,0.0003132078709597863,0.0
2020-04-17,10018.5643,0.00019471649995406182,0.0
2020-04-20,10012.3175,-0.0006235224741732992,-0.0006235224741732992
2020-04-21,10007.678,-0.0004633792326301789,-0.00108661277943789
2020-04-22,10018.8153,0.0011128755341649477,0.0
2020-04-23,10013.9645,-0.0004841690214610894,-0.0004841690214610894
2020-04-24,10014.5886,6.232296908970092e-05,-0.00042187622722233975
2020-04-27,10006.496,-0.0008080811227731965,-0.0012296164397801457
2020-04-28,10019.749,0.0013244396440073025,0.0
2020-04-29,10014.8612,-0.0004878166109750781,-0.0004878166109750781
2020-04-30,10033.1762,0.0018287822101819007,0.0
2020-05-01,10033.6946,5.166858327476653e-05,0.0
2020-05-04,10033.6733,-2.1228471515089e-06,-2.1228471515089e-06
2020-05-05,10034.2949,6.195138922859833e-05,0.0
2020-05-06,10031.7569,-0.0002529325702795848,-0.0002529325702795848
2020-05-07,10031.5767,-1.796295522282776e-05,-0.0002708909820859917
2020-05-08,10037.799,0.0006202713876475308,0.0
2020-05-11,10050.8093,0.0012961307553578383,0.0
2020-05-12,10061.7918,0.0010926980775567419,0.0
2020-05-13,10081.7106,0.0019796474023641153,0.0
2020-05-14,10089.0299,0.0007259978281859425,0.0
2020-05-15,10086.1763,-0.0002828418617334405,-0.0002828418617334405
2020-05-18,10083.7387,-0.0002416773143256723,-0.0005244508195976216
2020-05-19,10082.3141,-0.0001412769650606105,-0.0006656536918381306
2020-05-20,10086.8404,0.0004489346349563217,-0.00021701789187877907
2020-05-21,10084.7846,-0.00020381010489645135,-0.0004207837663360303
2020-05-22,10084.4515,-3.3029956832408836e-05,-0.0004537998246987307
2020-05-26,10081.1228,-0.00033008240458098914,-0.000783732437942386
2020-05-27,10075.5217,-0.0005556027945616826,-0.0013388997885713794
2020-05-28,10072.8835,-0.0002618425207698838,-0.001600391728445505
2020-05-29,10086.3598,0.0013378790690867781,-0.0002646537899545498
2020-06-01,10090.7476,0.0004350231487875167,0.0
2020-06-02,10094.4836,0.00037024015941078403,0.0
2020-06-03,10030.487,-0.006339759668340106,-0.006339759668340106
2020-06-04,10027.5749,-0.0002903248865184782,-0.006628243964852287
2020-06-05,10040.6027,0.0012991974759519742,-0.005337657886729352
2020-06-08,10040.8007,1.9719931752648634e-05,-0.00531804321322582
2020-06-09,10040.4432,-3.560473020847166e-05,-0.005353458595940497
2020-06-10,10044.0134,0.00035558191295770314,-0.004999780276031096
2020-06-11,10039.1925,-0.0004799774560237946,-0.005477357950237294
2020-06-12,10052.4591,0.0013214807864279088,-0.004163115387101124
2020-06-15,10049.8559,-0.000258961511218625,-0.004420998811667687
2020-06-16,10051.4649,0.00016010179807657288,-0.004261604823450171
2020-06-17,10049.2604,-0.00021932126530155305,-0.004479991428189556
2020-06-18,10052.4027,0.00031268967813802284,-0.004168702597129315
2020-06-19,10038.9401,-0.0013392420102709135,-0.0055023617057538
2020-06-22,10039.6219,6.791553622287338e-05,-0.00543481986537675
2020-06-23,10052.2998,0.001262786599563137,-0.004178896283510647
2020-06-24,10052.6067,3.053032700028879e-05,-0.004148493539580356
2020-06-25,10049.215,-0.0003373950758464028,-0.004484488934134223
2020-06-26,10063.3305,0.0014046370786175988,-0.0030861509349522365
2020-06-29,10069.4859,0.0006116662868222988,-0.002476372342612887
2020-06-30,10067.3335,-0.000213754706186009,-0.002689597712556502
2020-07-01,10066.579,-7.494536661578621e-05,-0.0027643415062856835
2020-07-02,10027.7389,-0.003858321680086152,-0.006611997467606878
2020-07-06,10021.5553,-0.0006166494821678858,-0.007224569664960323
2020-07-07,10022.8544,0.00012963057740145167,-0.007095875612695979
2020-07-08,10023.0948,2.398518330282151e-05,-0.007072060625270549
2020-07-09,10016.9065,-0.0006174041175387446,-0.007685098423459769
2020-07-10,10011.0576,-0.0005839028246893418,-0.008264513897471626
2020-07-13,10020.3683,0.000930041597203557,-0.007342158641973517
2020-07-14,10020.622,2.5318430660892233e-05,-0.007317026103247137
2020-07-15,10032.4214,0.0011775117352994524,-0.006148130252051742
2020-07-16,10029.5972,-0.0002815073138773272,-0.006427906822296436
2020-07-17,10025.6536,-0.000393196249197425,-0.0068185756426411
2020-07-20,10025.1061,-5.4609905931646274e-05,-0.006872813186798221
2020-07-21,10028.9355,0.000381980994694775,-0.006493457476120956
2020-07-22,10025.4322,-0.0003493192273497092,-0.006840508413922253
2020-07-23,10023.1613,-0.0002265139252549675,-0.007065472868765688
2020-07-24,10021.5956,-0.00015620820149819803,-0.00722057738545423
2020-07-27,10021.4894,-1.0597114894594917e-05,-0.0072310979830606525
2020-07-28,10028.5908,0.0007086172241024258,-0.006527604839538292
2020-07-29,10010.9423,-0.0017598185380142128,-0.008275935977547055
2020-07-30,10013.3667,0.0002421750048444693,-0.008035765197538125
2020-07-31,10031.2576,0.001786701769346033,-0.006263420944088605
2020-08-03,10053.654,0.0022326612368124277,-0.004044743804427875
2020-08-04,10007.8936,-0.004551618744786823,-0.008577952417496593
2020-08-05,10004.6568,-0.0003234247014775038,-0.00889860279727428
2020-08-06,9995.2347,-0.000941771435877703,-0.009831993783218307
2020-08-07,9978.4948,-0.0016747880867670206,-0.011490315363927972
2020-08-10,9959.2512,-0.0019285072935047998,-0.013396663500448769
2020-08-11,9962.6005,0.0003363003837075773,-0.0130648684198168
2020-08-12,9958.2063,-0.0004410695781689178,-0.013500175481983012
2020-08-13,9944.8575,-0.001340482371810281,-0.014822561106543342
2020-08-14,9953.8052,0.0008997313435612497,-0.013936166085801394
2020-08-17,9951.9014,-0.00019126353808895935,-0.014124764143457424
2020-08-18,9955.724,0.00038410750331574484,-0.013746082068031629
2020-08-19,9943.5283,-0.0012249937824713175,-0.014954236985436298
2020-08-20,9934.5825,-0.0008996605359889998,-0.015840443784563618
2020-08-21,9919.8786,-0.0014800722627247298,-0.017297071045813572
2020-08-24,9911.8164,-0.000812731720325699,-0.01809574488783161
2020-08-25,9912.8692,0.00010621665671695091,-0.017991450300637535
2020-08-26,9905.3099,-0.0007625743715047317,-0.018740304853236855
2020-08-27,9905.4651,1.5668363894327797e-05,-0.018724930119258465
2020-08-28,9911.7408,0.0006335593469508627,-0.0181032341268057
2020-08-31,9914.8697,0.00031567613228955516,-0.01779327275344722
2020-09-01,9914.4214,-4.52149159357873e-05,-0.017837683148051342
2020-09-02,9927.9375,0.0013632767314086802,-0.016498724115020513
2020-09-03,9924.2911,-0.0003672867602158014,-0.016859951112308424
2020-09-04,9924.6057,3.1699997191658724e-05,-0.01682878557551959
2020-09-08,9924.1307,-4.7860843479186066e-05,-0.016875840979126422
2020-09-09,9922.8648,-0.000127557771886333,-0.017001246106338685
2020-09-10,9928.6843,0.0005864737772101059,-0.016424743114149876
2020-09-11,9925.0927,-0.0003617397725096394,-0.01678054140382179
2020-09-14,9920.6753,-0.0004450739286292471,-0.017218146750963892
2020-09-15,9895.9412,-0.0024931871321302035,-0.01966840582117546
2020-09-16,9904.3221,0.00084690276858157,-0.018838160279937455
2020-09-17,9903.8677,-4.5878960256984236e-05,-0.018883174964987703
2020-09-18,9890.4406,-0.001355743069952453,-0.02021331730134268
2020-09-21,9911.4297,0.002122160260484396,-0.018134052939567824
2020-09-22,9914.8563,0.00034572207075211914,-0.01779460021114898
2020-09-23,9905.9888,-0.00089436495413453,-0.018673050298481875
2020-09-24,9908.3779,0.00024117733708717282,-0.01843637647794094
2020-09-25,9898.6941,-0.000977334544335351,-0.01939569251467199
2020-09-28,9903.67,0.0005026824700038457,-0.018902759919288914
2020-09-29,9897.7368,-0.0005990910440271113,-0.019490526489140958
2020-09-30,9908.5786,0.0010953817240322294,-0.01841649433161685
2020-10-01,9900.0238,-0.000863373077547136,-0.019263967103775204
2020-10-02,9892.3985,-0.0007702304715673236,-0.020019359880875998
2020-10-05,9883.1141,-0.0009385388184673937,-0.020939109752974305
2020-10-06,9881.0404,-0.00020982252952039815,-0.02114453878552036
2020-10-07,9876.5324,-0.000456227261250719,-0.02159111933175062
2020-10-08,9874.2882,-0.00022722549869824693,-0.021813438777591232
2020-10-09,9882.5841,0.0008401516982257107,-0.020991613676998755
2020-10-12,9884.8389,0.00022815894883199128,-0.02076824415267753
2020-10-13,9876.9065,-0.0008024814648219802,-0.021554059486510124
2020-10-14,9864.8358,-0.0012221134218490803,-0.02274983140296538
2020-10-15,9859.3796,-0.0005530958761624793,-0.023290344441195487
2020-10-16,9855.6221,-0.0003811091724269522,-0.023662577449726996
2020-10-19,9854.6688,-9.672651714198732e-05,-0.02375701516816575
2020-10-20,9857.4263,0.0002798166083470832,-0.02348384616722743
2020-10-21,9876.6982,0.001955064071846202,-0.021574694519291615
2020-10-22,9868.7904,-0.0008006521855654647,-0.022358072878537305
2020-10-23,9877.1135,0.0008433759014681019,-0.021533553236938285
2020-10-26,9885.7233,0.0008716919168743065,-0.020680631944362204
2020-10-27,9879.6396,-0.0006154026180359429,-0.021283307647356975
2020-10-28,9871.2201,-0.0008522071999468306,-0.022117377059288068
2020-10-29,9850.7756,-0.0020711218869489123,-0.02414269116252754
2020-10-30,9894.27,0.004415327459088569,-0.019833961590665083
2020-11-02,9895.8981,0.00016454978487545624,-0.01967267547990259
2020-11-03,9910.3132,0.0014566742557706736,-0.018244657904045614
2020-11-04,9915.9516,0.00056894266469798,-0.017686095403632085
2020-11-05,9917.7513,0.00018149544013512653,-0.01750780990916656
2020-11-06,9913.1841,-0.0004605076152695009,-0.017960255044646267
2020-11-09,9919.4121,0.0006282542457776152,-0.01734328440535582
2020-11-10,9910.8214,-0.0008660493095149491,-0.0181943135753867
2020-11-11,9963.7551,0.005341000292871767,-0.012950489116649755
2020-11-12,9971.1582,0.0007430030069686122,-0.012217108362036488
2020-11-13,9950.1444,-0.0021074582890481253,-0.01429881960479884
2020-11-16,9946.4038,-0.00037593424272308607,-0.014669378431601987
2020-11-17,9939.3235,-0.0007118452198773273,-0.015370781324564153
2020-11-18,9957.7515,0.0018540497248127341,-0.013545229792636393
2020-11-19,9950.6091,-0.0007172703596791674,-0.014252784560470189
2020-11-20,9952.3541,0.0001753661491938896,-0.01407991786721996
2020-11-23,9940.3955,-0.0012015850601617695,-0.015264584708424178
2020-11-24,9932.3237,-0.0008120200046366488,-0.016064209564915166
2020-11-25,9935.8248,0.00035249555952354683,-0.015717376567930597
2020-11-27,9938.209,0.00023995994776404572,-0.015481188161026727
2020-11-30,9957.977,0.001989090790906145,-0.013522890858924108
2020-12-01,9962.7251,0.00047681371427144015,-0.013052525044470853
2020-12-02,9964.1225,0.00014026282828982772,-0.01291409300026003
2020-12-03,9964.0674,-5.529839682272275e-06,-0.012919551427078457
2020-12-04,9960.8863,-0.00031925717403313847,-0.013234683941633185
2020-12-07,9967.5256,0.000666537073111817,-0.012576968276019507
2020-12-08,9966.0875,-0.00014427853588871997,-0.012719432225339333
2020-12-09,9970.35,0.0004277004391142203,-0.012297171892973191
2020-12-10,9972.2045,0.00018600149443104286,-0.012113457690891671
2020-12-11,9979.6688,0.0007485105224225297,-0.011374014219013628
2020-12-14,9976.3946,-0.0003280870403233882,-0.01169836959267534
2020-12-15,9967.3374,-0.0009078630470369387,-0.012595612122248578
2020-12-16,9971.6586,0.00043353604143070434,-0.012167536732636708
2020-12-17,9976.9341,0.0005290494000667056,-0.011644924560578751
2020-12-18,9992.8815,0.0015984269155391306,-0.010065111205886712
2020-12-21,9993.5745,6.934936634661604e-05,-0.009996459848624517
2020-12-22,9990.1505,-0.0003426201505778437,-0.010335655010623834
2020-12-23,9990.32,1.696671136230954e-05,-0.010318863661336719
2020-12-24,9985.849,-0.0004475332121492981,-0.010761778839285974
2020-12-28,9984.4625,-0.0001388464816562962,-0.010899131085814084
2020-12-29,9986.2295,0.0001769749748672389,-0.010724084984396809
2020-12-30,9985.478,-7.525362800853141e-05,-0.010798531586103222
2020-12-31,10023.5649,0.003814229023387794,-0.007025490635301113
2021-01-04,10025.591,0.00020213367401855642,-0.00682477704951634
2021-01-05,10030.8518,0.0005247371451717608,-0.0063036211183699065
2021-01-06,10032.1051,0.00012494452365463538,-0.0061794641976533615
2021-01-07,10034.0908,0.00019793452921446075,-0.005982752797775603
2021-01-08,10025.4036,-0.0008657685258339765,-0.006843341644539369
2021-01-11,10024.365,-0.00010359682676519544,-0.006946229522825642
2021-01-12,10031.0442,0.0006662965684112176,-0.006284561203309003
2021-01-13,10024.8937,-0.0006131465356318255,-0.0068938543820110665
2021-01-14,10034.4194,0.0009502045892018085,-0.005950200364880365
2021-01-15,10029.42,-0.000498225138965247,-0.006445460964441985
2021-01-19,10036.0028,0.0006563490211797252,-0.005793342415257308
2021-01-20,10034.3893,-0.0001607711787405819,-0.005953182191508866
2021-01-21,10030.0919,-0.00042826721901267906,-0.006378899857740095
2021-01-22,10036.5998,0.0006488375246094247,-0.005734201202724165
2021-01-25,10030.6367,-0.0005941354760404804,-0.0063249297864034215
2021-01-26,10037.6881,0.0007029862820173705,-0.005626389843260582
2021-01-27,10041.081,0.0003380160816115474,-0.005290275571897429
2021-01-28,10050.1205,0.0009002516760894252,-0.004394786475258483
2021-01-29,10051.1752,0.00010494401534777431,-0.004290303666450002
2021-02-01,10051.9971,8.177153254673719e-05,-0.004208882958609106
2021-02-02,10035.6377,-0.0016274775885083415,-0.005829510684429717
2021-02-03,10034.1272,-0.00015051360413287362,-0.005979146867899132
2021-02-04,10037.2623,0.00031244371707783714,-0.005668571297693603
2021-02-05,10037.389,1.2622963933006659e-05,-0.00565601988793174
2021-02-08,10033.0126,-0.0004360098029476678,-0.006089563610762516
2021-02-09,10037.2263,0.0004199835251876838,-0.005672137601967053
2021-02-10,10043.4893,0.000623977163890288,-0.0050516997224108184
2021-02-11,10040.5209,-0.0002955546535007292,-0.005345761322550491
2021-02-12,10046.0758,0.0005532481885477392,-0.004795470666770774
2021-02-16,10042.9929,-0.0003068760440769758,-0.005100875095780055
2021-02-17,10055.4148,0.0012368723271727333,-0.003870311899857759
2021-02-18,10061.8497,0.0006399437644282191,-0.0032328449173961715
2021-02-19,10058.4726,-0.00033563411307979685,-0.003567393977439326
2021-02-22,10069.6507,0.001111311870551912,-0.002460046594161547
2021-02-23,10069.6289,-2.1649211725538464e-06,-0.002462206189527083
2021-02-24,10067.9964,-0.00016212116813951738,-0.00262392818192303
2021-02-25,10077.0105,0.0008953221318195315,-0.0017309553110769205
2021-02-26,10094.1003,0.0016959196380712527,-3.7971234110423246e-05
2021-03-01,10093.1242,-9.670004963191481e-05,-0.00013466761192215682
2021-03-02,10091.3085,-0.00017989474458279808,-0.0003145381305093009
2021-03-03,10086.4579,-0.00048067106460969455,-0.0007950580057408674
2021-03-04,10046.2664,-0.0039846991281249355,-0.0047765890669235755
2021-03-05,10053.2557,0.0006957111947578642,-0.004084200998652365
2021-03-08,10049.915,-0.00033230031143038907,-0.0044151441288189375
2021-03-09,10058.9273,0.0008967538531419184,-0.003522349573186756
2021-03-10,10044.0744,-0.0014765888605239308,-0.004993737371567941
2021-03-11,10049.7822,0.0005682753604454582,-0.004428299829027371
2021-03-12,10043.8944,-0.0005858634428913545,-0.005011568892934748
2021-03-15,10034.2882,-0.0009564218437022598,-0.005963197562676603
2021-03-16,10021.0565,-0.0013186485913371238,-0.007273982791947797
2021-03-17,10021.9005,8.422265656315986e-05,-0.007190372769539155
2021-03-18,10015.1557,-0.0006730060830278939,-0.007858539687953914
2021-03-19,10016.2299,0.0001072574438358842,-0.007752125130997212
2021-03-22,10018.0766,0.0001843707680870832,-0.007569183628174825
2021-03-23,10033.2859,0.0015181856365522606,-0.006062489417487216
2021-03-24,10036.1706,0.00028751298714602136,-0.0057767194747831985
2021-03-25,10038.5304,0.00023512952240967167,-0.005542948229664724
2021-03-26,10029.0643,-0.0009429766731592348,-0.006480698031942844
2021-03-29,10025.5017,-0.00035522755597439115,-0.006833623465394401
2021-03-30,10022.0269,-0.00034659612097021064,-0.00717785107897928
2021-03-31,10022.992,9.629788561027475e-05,-0.007082244405251181
2021-04-01,10017.9841,-0.0004996412248957638,-0.007578347048877276
2021-04-05,10010.6982,-0.0007272820486906584,-0.008300117501800597
2021-04-06,10009.3061,-0.0001390612295155691,-0.008438024506771225
2021-04-07,10011.3195,0.0002011528051879541,-0.008238569033882981
2021-04-08,10014.9458,0.0003622199850878971,-0.007879333223147711
2021-04-09,10014.8678,-7.788359673299716e-06,-0.007887060215739927
2021-04-12,10013.4939,-0.00013718603454759837,-0.00802316425577232
2021-04-13,10015.1191,0.00016230099266345555,-0.007862165430631785
2021-04-14,10011.3648,-0.000374863240518053,-0.008234081434339013
2021-04-15,10028.2968,0.0016912778964963682,-0.006556729657770655
2021-04-16,10026.0737,-0.0002216827088722395,-0.006776958853051074
2021-04-19,10024.6465,-0.00014234884389485725,-0.006918343004688077
2021-04-20,10025.2524,6.044103400548728e-05,-0.006858320122487549
2021-04-21,10025.3269,7.431234349875027e-06,-0.0068509398539217115
2021-04-22,10021.5978,-0.00037196792056726213,-0.007220359444637614
2021-04-23,10021.8338,2.3549139040568434e-05,-0.007196980338845638
2021-04-26,10022.2996,4.647851972960915e-05,-0.007150836324108623
2021-04-27,10016.9593,-0.0005328417841350408,-0.0076798678438587675
2021-04-28,10012.2622,-0.000468914753402383,-0.00814518139392495
2021-04-29,10012.2522,-9.9877528159098e-07,-0.008146172034000698
2021-04-30,10008.1935,-0.00040537332849055474,-0.008548243121619392
2021-05-03,9998.1886,-0.0009996709196320452,-0.009539368611188759
2021-05-04,9982.3949,-0.001579656138912977,-0.011103955827913792
2021-05-05,9979.323,-0.00030773176484921727,-0.011408270552839328
2021-05-06,9990.107,0.0010806344278062596,-0.010339964294954096
2021-05-07,9990.4615,3.5485105414734264e-05,-0.0103048461042623
2021-05-10,9990.4342,-2.732606496635981e-06,-0.010307550551669653
2021-05-11,10000.3418,0.000991708648659273,-0.00932606399003899
2021-05-12,10006.9032,0.0006561175739012715,-0.008676065410616829
2021-05-13,10003.3495,-0.00035512485021338414,-0.009028109174400889
2021-05-14,10009.2748,0.000592331598531004,-0.0084411252102089
2021-05-17,10005.2081,-0.00040629317120954855,-0.008843988809888126
2021-05-18,10009.3094,0.0004099165113817804,-0.008437697595546134
2021-05-19,10010.6411,0.0001330461420245843,-0.00830577405663413
2021-05-20,10011.5949,9.527861307501162e-05,-0.008211286806191764
2021-05-21,10009.3038,-0.00022884465690875544,-0.008438252353988651
2021-05-24,10008.7579,-5.4539257765329197e-05,-0.008492331395733688
2021-05-25,10015.2021,0.0006438561172510404,-0.007853943118001472
2021-05-26,10011.2102,-0.00039858406851334127,-0.008249396729912983
2021-05-27,10016.7427,0.0005526304901679602,-0.007701325107903334
2021-05-28,10017.2077,4.642227657503106e-05,-0.007655260344372472
2021-06-01,10011.1854,-0.0006011954808524678,-0.008251853517301178
2021-06-02,10011.6577,4.7177230380723856e-05,-0.008205065586515015
2021-06-03,9999.4463,-0.0012197180892431492,-0.00941477580883876
2021-06-04,10000.7092,0.0001262969930644342,-0.009289667873649377
2021-06-07,10002.0173,0.00013080072361271178,-0.009160082245316614
2021-06-08,9992.0712,-0.000994409397792051,-0.010145382771239442
2021-06-09,9984.9385,-0.000713835986276834,-0.010851976618199588
2021-06-10,9983.9516,-9.883886615824622e-05,-0.010949742887293334
2021-06-11,9985.5168,0.00015677159332372348,-0.010794687902608513
2021-06-14,9983.7812,-0.00017381173501207492,-0.010966623394187303
2021-06-15,9979.8427,-0.0003944898151414522,-0.01135678698809317
2021-06-16,9966.3914,-0.0013478468954224443,-0.0126893266734317
2021-06-17,9971.7514,0.0005378074956998713,-0.012158343592732157
2021-06-18,9965.4051,-0.0006364278194901374,-0.012787033504120915
2021-06-21,9963.4756,-0.00019361982585131,-0.012978177506772104
2021-06-22,9966.6258,0.00031617480952128574,-0.012666106070051919
2021-06-23,9964.9142,-0.0001717331456350113,-0.012835664025448557
2021-06-24,9961.8652,-0.00030597353261696547,-0.013137710184600193
2021-06-25,9954.8061,-0.0007086122787528515,-0.013837012920601466
2021-06-28,9956.1503,0.00013503025438121874,-0.013703851081594776
2021-06-29,9958.9575,0.0002819563702247674,-0.01342575859947892
2021-06-30,9964.8702,0.0005937067208088287,-0.01284002284178265
2021-07-01,9967.47,0.0002608965242718586,-0.012582476234841766
2021-07-02,9950.2218,-0.0017304491510884423,-0.014291152050611156
2021-07-06,9950.7965,5.775750647085687e-05,-0.014234219965447159
2021-07-07,9950.2697,-5.294048571891086e-05,-0.014286406884647218
2021-07-08,9943.6715,-0.0006631177042367709,-0.014940051019548872
2021-07-09,9948.7219,0.0005079009297521697,-0.014439738155600068
2021-07-12,9949.5533,8.356852351054656e-05,-0.014357376339687145
2021-07-13,9940.6214,-0.0008977186945668958,-0.015242206149108983
2021-07-14,9935.7174,-0.0004933293204386624,-0.015728016042346193
2021-07-15,9937.9925,0.0002289819555456596,-0.015502635518670704
2021-07-16,9936.8504,-0.0001149226063513753,-0.015615776521743063
2021-07-19,9936.6174,-2.3448073647180934e-05,-0.01563885843551227
2021-07-20,9942.67,0.0006091207657850095,-0.015039263623153443
2021-07-21,9944.6843,0.00020259145682199886,-0.014839718992658457
2021-07-22,9941.6379,-0.0003063345107899851,-0.015141507585390457
2021-07-23,9941.3633,-2.76212031419254e-05,-0.01516871056187552
2021-07-26,9944.0448,0.0002697316171915709,-0.01490307042551442
2021-07-27,9920.5593,-0.0023617653049993192,-0.017229638175844775
2021-07-28,9905.3438,-0.0015337340909801211,-0.01873694658337932
2021-07-29,9909.5527,0.0004249120560559927,-0.018319996081820333
2021-07-30,9922.8906,0.001345963879883394,-0.016998690254942717
2021-08-02,9902.5936,-0.0020454725158413067,-0.019009392417062232
2021-08-03,9925.4941,0.0023125759699964554,-0.016740777111173832
2021-08-04,9929.0619,0.00035945817548777015,-0.01638733654488267
2021-08-05,9941.3003,0.001232583714681157,-0.015174951594353892
2021-08-06,9940.0471,-0.00012605996823178423,-0.015299098608669737
2021-08-09,9939.5789,-4.710239250271808e-05,-0.015345480377024878
2021-08-10,9928.5514,-0.0011094534397226852,-0.01643790872075901
2021-08-11,9925.9142,-0.000265617802008955,-0.016699160321584028
2021-08-12,9921.4069,-0.0004540941931574505,-0.017145671523008832
2021-08-13,9910.6729,-0.001081903011154628,-0.018209024580514432
2021-08-16,9902.929,-0.000781369749373928,-0.018976166348915524
2021-08-17,9889.1958,-0.001386781627940592,-0.02033663217799475
2021-08-18,9890.6372,0.00014575502691527298,-0.020193841317449945
2021-08-19,9888.9598,-0.00016959473551392268,-0.020360011283786617
2021-08-20,9890.4064,0.00014628434428454185,-0.020216705290402315
2021-08-23,9883.5842,-0.0006897795423250752,-0.02089253976300487
2021-08-24,9876.4493,-0.0007218939865963891,-0.02159935155078163
2021-08-25,9873.3522,-0.0003135843566777208,-0.021906162688698605
2021-08-26,9865.1931,-0.0008263758685727041,-0.022714435833052327
2021-08-27,9870.2369,0.0005112723034279565,-0.022214776791553703
2021-08-30,9859.6441,-0.0010732062570859568,-0.023264142011187205
2021-08-31,9871.9325,0.0012463330192620248,-0.022046803860278574
2021-09-01,9897.4475,0.0025846003302798515,-0.019519185706537767
2021-09-02,9899.5845,0.00021591425466027658,-0.019307485922310907
2021-09-03,9902.1948,0.0002636777331410656,-0.019048899143290554
2021-09-07,9895.1112,-0.0007153565591336841,-0.01975062894747781
2021-09-08,9895.8433,7.398603059671771e-05,-0.019678104187518697
2021-09-09,9891.7475,-0.00041389095156763034,-0.020083850549819093
2021-09-10,9892.0114,2.6678804730950745e-05,-0.020057707558215232
2021-09-13,9891.03,-9.92113696915986e-05,-0.02015492897526716
2021-09-14,9892.4393,0.00014248263325455923,-0.020015318069366073
2021-09-15,9890.4991,-0.00019612958352943632,-0.020207522056898353
2021-09-16,9894.101,0.0003641777794609613,-0.019850703407948367
2021-09-17,9894.3019,2.0305028218370325e-05,-0.019830801448822877
2021-09-20,9893.8372,-4.696642620138913e-05,-0.01987683649315153
2021-09-21,9892.4995,-0.0001352053781519258,-0.02000935441610896
2021-09-22,9892.1692,-3.338893269588805e-05,-0.020042075257816983
2021-09-23,9895.3471,0.0003212541087551646,-0.019727259748086423
2021-09-24,9900.0129,0.0004715145363620721,-0.019265046901458138
2021-09-27,9893.6757,-0.0006401203780249665,-0.01989283533037789
2021-09-28,9892.8014,-8.836958340963097e-05,-0.019979446992216543
2021-09-29,9895.1856,0.00024100352403721992,-0.019743258585312784
2021-09-30,9900.0755,0.000494169609107642,-0.019258845494582677
2021-10-01,9936.0538,0.0036341440022349403,-0.015694690910191822
2021-10-04,9936.6344,5.843366105784398e-05,-0.015637174347382987
2021-10-05,9934.866,-0.00017796770302835885,-0.015812359138410947
2021-10-06,9934.3823,-4.868711867889175e-05,-0.015860276398883877
2021-10-07,9938.8497,0.00044969076738676783,-0.015417717851361812
2021-10-08,9940.6891,0.0001850717191145268,-0.015235499515794948
2021-10-11,9934.7915,-0.0005932787898980107,-0.015819739406976674
2021-10-12,9937.8497,0.00030782729562073285,-0.015516781858954998
2021-10-13,9933.8473,-0.00040274306020160466,-0.0159132756429462
2021-10-14,9935.2372,0.00013991557933445975,-0.01577558657879241
2021-10-15,9937.7214,0.0002500393246775978,-0.015529491771129278
2021-10-18,9939.2198,0.0001507790306940482,-0.015381054262151528
2021-10-19,9953.3266,0.0014193065737413413,-0.013983578119835638
2021-10-20,9956.071,0.0002757269112418914,-0.013711706857396866
2021-10-21,9958.1355,0.00020736091576689653,-0.013507189213720627
2021-10-22,9960.7261,0.0002601491012046431,-0.013250553995649672
2021-10-25,9954.5712,-0.0006179168002621305,-0.013860283055985079
2021-10-26,9957.0045,0.00024444046369365147,-0.013619230606308652
2021-10-27,9962.5686,0.0005588126428988094,-0.013068028561659117
2021-10-28,9977.0323,0.0014518043067728303,-0.011635196475033083
2021-10-29,9982.5729,0.0005553354778653485,-0.011086322434562201
2021-11-01,9961.0491,-0.0021561375224216084,-0.01321855632119695
2021-11-02,9956.5119,-0.0004554941908679888,-0.013668029536448967
2021-11-03,9958.6096,0.0002106862344031235,-0.013460222967720648
2021-11-04,9961.4038,0.00028058133737873803,-0.013183418317703643
2021-11-05,9960.0885,-0.00013203962276886472,-0.013313717206891118
2021-11-08,9958.7404,-0.0001353502029625142,-0.01344726539552743
2021-11-09,9957.3712,-0.00013748726696405367,-0.013582903834724158
2021-11-10,9962.1729,0.00048222567016487083,-0.013107228189463749
2021-11-11,9953.7505,-0.000845438046954583,-0.0139415848870168
2021-11-12,9958.2375,0.000450784857426223,-0.013497084684946148
2021-11-15,9954.0156,-0.00042396056531068815,-0.013915323018603876
2021-11-16,9958.4948,0.0004499892485601009,-0.013471595515792356
2021-11-17,9957.0332,-0.00014676916836875442,-0.013616387469290614
2021-11-18,9957.4999,4.687139136994034e-05,-0.013570154296946746
2021-11-19,9948.0189,-0.0009521466327105932,-0.014509380152938234
2021-11-22,9941.9771,-0.0006073370045566184,-0.015107905074014827
2021-11-23,9956.2824,0.0014388787920260881,-0.013690764726191573
2021-11-24,9958.1154,0.00018410486227282696,-0.013509180400273157
2021-11-26,9951.2227,-0.0006921691226836613,-0.014191998885411006
2021-11-29,9949.4581,-0.00017732494319522285,-0.014366807233210044
2021-11-30,9928.5632,-0.002100104326284824,-0.016436739765469444
2021-12-01,9965.0877,0.0036787296675513392,-0.012818476420131009
2021-12-02,9977.6799,0.0012636316286507299,-0.011571042623715777
2021-12-03,9985.6408,0.0007978708557287995,-0.010782403965666987
2021-12-06,10000.4476,0.0014828091953797973,-0.0093155830180357
2021-12-07,9997.8434,-0.0002604083441224425,-0.009573565506609927
2021-12-08,9999.2389,0.0001395801018448939,-0.009435321684013509
2021-12-09,10000.8145,0.00015757199280441725,-0.009279236433649696
2021-12-10,9995.9012,-0.0004912899844308205,-0.009765967622157423
2021-12-13,9998.5033,0.00026031669860837603,-0.009508193167999113
2021-12-14,10001.9964,0.0003493622890538006,-0.009162152683075298
2021-12-15,10006.2795,0.0004282245092590564,-0.008737851632152682
2021-12-16,9999.5622,-0.0006713084518576995,-0.009403294290358688
2021-12-17,9992.7447,-0.0006817798483218507,-0.010078663162125578
2021-12-20,9991.2446,-0.00015011891577687564,-0.010227269079916002
2021-12-21,10004.9225,0.0013689886042826949,-0.008872281490456713
2021-12-22,10001.353,-0.0003567743778126742,-0.009225890465560882
2021-12-23,10000.7497,-6.0321838455168475e-05,-0.009285655781341773
2021-12-27,10000.2092,-5.4045948175374114e-05,-0.009339199877445914
2021-12-28,10000.8524,6.43186544537766e-05,-0.009275481907761951
2021-12-29,9999.1314,-0.00017208533144630334,-0.009445971064829806
2021-12-30,10000.1074,9.760847827244845e-05,-0.009349284593418772
2021-12-31,10020.4674,0.0020359781335947957,-0.007332341398820996
2022-01-03,10025.0909,0.00046140562265595264,-0.006874318959713799
2022-01-04,10020.4641,-0.0004615219997655684,-0.0073326683100460865
2022-01-05,10023.465,0.00029947714697176053,-0.007035387129659565
2022-01-06,10022.2749,-0.00011873139677742728,-0.007153283205096228
2022-01-07,10024.7666,0.0002486162098787048,-0.0069064454173761725
2022-01-10,10023.9174,-8.471020163203224e-05,-0.006990570572624422
2022-01-11,10024.1337,2.1578390101195666e-05,-0.006969143027781954
2022-01-12,10027.1157,0.000297482065707122,-0.006673734157139011
2022-01-13,10031.53,0.0004402362685413941,-0.006236435908420157
2022-01-14,10024.518,-0.0006989960654057992,-0.0069310727296638674
2022-01-18,10024.5233,5.287037243562054e-07,-0.006930547690423561
2022-01-19,10029.2301,0.00046952856102389084,-0.00646427321948384
2022-01-20,10031.804,0.00025663983918366995,-0.006209292370339736
2022-01-21,10018.5357,-0.0013226235281310617,-0.007523703342288801
2022-01-24,10020.6372,0.0002097611929454679,-0.007315520330331782
2022-01-25,10014.9337,-0.0005691753813819034,-0.007880531897639598
2022-01-26,10012.9438,-0.000198693277420392,-0.00807765936634941
2022-01-27,10014.1788,0.00012334035071681626,-0.00795531531697169
2022-01-28,10034.27,0.002006275342317787,-0.005965000527614839
2022-01-31,10031.2224,-0.0003037191544577045,-0.006266907997155902
2022-02-01,10013.0207,-0.0018145046809052712,-0.008070041344165446
2022-02-02,10009.4616,-0.00035544718288649246,-0.008422620053590402
2022-02-03,10011.3647,0.00019013010649837625,-0.008234091340739713
2022-02-04,10011.2547,-1.0987513021087914e-05,-0.008244988381575058
2022-02-07,10008.5698,-0.0002681881622690341,-0.00851096533556217
2022-02-08,10007.1075,-0.0001461047911159863,-0.008655826633865549
2022-02-09,10005.9347,-0.00011719670244381142,-0.00877200890197094
2022-02-10,10009.7151,0.0003778157776703761,-0.008397507327665643
2022-02-11,10000.8693,-0.000883721455768427,-0.00927380772603359
2022-02-14,10000.8757,6.399443697180374e-07,-0.00927317371638492
2022-02-15,9999.4316,-0.00014439735512372653,-0.009416232049750395
2022-02-16,9991.1063,-0.0008325773236951273,-0.010240969632166252
2022-02-17,9992.4544,0.0001349300026967093,-0.010107421443529718
2022-02-18,9990.7723,-0.0001683370203821033,-0.010274057010702276
2022-02-22,9988.6461,-0.0002128163805715788,-0.010484686903647011
2022-02-23,9980.1295,-0.000852628065379224,-0.01132837543071552
2022-02-24,10004.1921,0.0024110508786485685,-0.00894463784160282
2022-02-25,9997.6064,-0.0006582940365569279,-0.009597043676409456
2022-02-28,9993.037,-0.0004570493993442115,-0.01004970675270589
2022-03-01,9985.0087,-0.0008033894000392117,-0.010845022324866505
2022-03-02,9981.8525,-0.00031609386579700693,-0.011157688145632227
2022-03-03,9972.589,-0.0009280341499737776,-0.012075367579972074
2022-03-04,9981.2052,0.0008639882782695008,-0.011221812277747323
2022-03-07,9979.5069,-0.00017014979313323408,-0.0113900526818429
2022-03-08,9972.9493,-0.0006571066151574989,-0.01203967481803625
2022-03-09,9975.256,0.00023129567098068016,-0.011811163871720987
2022-03-10,9969.1327,-0.0006138489077371911,-0.012417762509416508
2022-03-11,9967.9682,-0.00011681056266821255,-0.012533122546258824
2022-03-14,9973.3755,0.0005424676214356161,-0.011997453737999986
2022-03-15,9969.5703,-0.0003815358200441876,-0.012374412099693699
2022-03-16,9982.8795,0.0013349823111232784,-0.01105594940983412
2022-03-17,9992.9984,0.0010136253773274095,-0.010053530623398976
2022-03-18,9993.0089,1.050735683127968e-06,-0.010052490451319285
2022-03-21,9992.3125,-6.968872008117355e-05,-0.01012147862620727
2022-03-22,9991.6757,-6.372899166240398e-05,-0.010184562586242674
2022-03-23,9993.0387,0.00013641355473525962,-0.010049538343893105
2022-03-24,9992.4813,-5.577882931639966e-05,-0.010104756621725608
2022-03-25,9992.1534,-3.2814672367709186e-05,-0.010137239709815393
2022-03-28,9989.3391,-0.0002816510002738859,-0.010416035546385038
2022-03-29,9988.3692,-9.709351042053171e-05,-0.010512117727349612
2022-03-30,9982.914,-0.0005461552222156829,-0.011052531701572055
2022-03-31,9982.1416,-7.737219813774843e-05,-0.01112904874103704
2022-04-01,9986.6306,0.00044970309778014084,-0.01068435041095106
2022-04-04,9985.6291,-0.00010028407378959159,-0.010783563014555742
2022-04-05,9986.7886,0.00011611687039314589,-0.010668698297751411
2022-04-06,9985.8241,-9.657759252057474e-05,-0.01076424553307509
2022-04-07,9987.0317,0.0001209314311874099,-0.010644615837505533
2022-04-08,9988.9108,0.0001881540037567131,-0.010458464660837108
2022-04-11,9995.5029,0.0006599418226860276,-0.009805424816381914
2022-04-12,9995.129,-3.7406822221863756e-05,-0.009842464848820898
2022-04-13,9988.2812,-0.0006851137188925716,-0.0105208353600178
2022-04-14,9986.7788,-0.0001504162698182654,-0.010669669125025871
2022-04-18,9982.7739,-0.00040102019682264345,-0.0110664105690359
2022-04-19,9987.4448,0.00046789600233254625,-0.01060369249596882
2022-04-20,9984.9696,-0.00024783115697413205,-0.010848895727563423
2022-04-21,9963.5191,-0.002148278949191895,-0.012973868222441842
2022-04-22,9955.5648,-0.0007983424250171955,-0.013761853058040452
2022-04-25,9960.1546,0.00046102858975904937,-0.013307169075989167
2022-04-26,9956.1811,-0.00039893959075698593,-0.013700799910160821
2022-04-27,9960.5129,0.0004350865011886196,-0.01327167444206856
2022-04-28,9954.9747,-0.000556015544139199,-0.013820310728921203
2022-04-29,9948.1808,-0.0006824628092726437,-0.01449334169010874
2022-05-02,9938.9906,-0.0009238070944590504,-0.015403759732692035
2022-05-03,9948.8786,0.0009948696399815216,-0.014424214825610293
2022-05-04,9941.8669,-0.0007047728977213064,-0.015118821927651571
2022-05-05,9952.9194,0.0011117127307347374,-0.014023916983727513
2022-05-06,9970.7206,0.0017885405562512169,-0.012260458771759186
2022-05-09,9975.5664,0.00048600298758749716,-0.011780414403764095
2022-05-10,9980.6819,0.000512802962245873,-0.011273652472921003
2022-05-11,9983.8094,0.00031335534298526646,-0.010963829789173096
2022-05-12,9983.7043,-1.052704391579784e-05,-0.010974241416371266
2022-05-13,9981.9031,-0.00018041399723744966,-0.011152675506848175
2022-05-16,9985.4334,0.00035367003312236633,-0.010802949840841736
2022-05-17,9979.1603,-0.0006282251103892911,-0.011424388266874752
2022-05-18,9978.0108,-0.00011519005261384496,-0.011538262343603112
2022-05-19,9977.987,-2.3852449629879757e-06,-0.011540620066983975
2022-05-20,9976.4131,-0.000157737226957666,-0.011696536908534894
2022-05-23,9974.6413,-0.0001775989007513079,-0.011872058517188533
2022-05-24,9971.8548,-0.0002793584166279617,-0.012148100374347104
2022-05-25,9988.9153,0.0017108652645043687,-0.010458018872802843
2022-05-26,9987.0712,-0.00018461463978980408,-0.010640702809205593
2022-05-27,9986.2579,-8.14352860526446e-05,-0.010721271566581092
2022-05-31,9979.5124,-0.0006754782489646338,-0.011389507829801193
2022-06-01,9981.1619,0.00016528863674736272,-0.011226101749276296
2022-06-02,10005.0432,0.0023926372740232793,-0.008860324464740277
2022-06-03,10010.9673,0.0005921113863855965,-0.00827345937735724
2022-06-06,10007.6044,-0.0003359215847204,-0.00860660172849248
2022-06-07,10006.3886,-0.00012148761595731639,-0.008727043748924301
2022-06-08,10007.6012,0.00012118258129589776,-0.00860691873331687
2022-06-09,10006.1332,-0.0001466884991379036,-0.008752344696463688
2022-06-10,10013.7076,0.0007569757316441272,-0.0080019942773496
2022-06-13,10006.903,-0.0006795285294728393,-0.00867608522341845
2022-06-14,10005.4764,-0.00014256158973469102,-0.008817409936650922
2022-06-15,10009.1948,0.0003716364769996705,-0.008449050330816332
2022-06-16,10005.8234,-0.00033683029128372954,-0.008783034726016159
2022-06-17,10002.6495,-0.00031720527867795667,-0.009097453979716175
2022-06-21,10004.5802,0.00019301885965328225,-0.008906191100255922
2022-06-22,10007.1466,0.00025652250756103,-0.00865195323116874
2022-06-23,10009.7711,0.0002622625714305826,-0.008391959743240363
2022-06-24,10023.7796,0.0013994825516039366,-0.00700422159287073
2022-06-27,10032.1226,0.0008323207744911354,-0.006177730577520468
2022-06-28,10030.1117,-0.00020044611496283782,-0.006376938390389775
2022-06-29,10027.168,-0.0002934862629695445,-0.006668553109541953
2022-06-30,10026.5563,-6.100426361654865e-05,-0.006729150562986619
2022-07-01,10026.8174,2.6040845150454572e-05,-0.006703284950604127
2022-07-05,10035.3557,0.0008515463740268459,-0.0058574467345708925
2022-07-06,10033.4939,-0.00018552406667560195,-0.006041884103908046
2022-07-07,10035.4518,0.00019513641205293197,-0.00584792668344114
2022-07-08,10036.8561,0.0001399339091041618,-0.005708811097577926
2022-07-11,10036.4358,-4.187566263913478e-05,-0.005750447699969574
2022-07-12,10035.596,-8.367512299534141e-05,-0.005833641653546273
2022-07-13,10036.5418,9.424452718120868e-05,-0.005739946915164551
2022-07-14,10035.6311,-9.073842546047928e-05,-0.005830164506879676
2022-07-15,10036.1911,5.5801174277947396e-05,-0.005774688662627536
2022-07-18,10034.2197,-0.00019642910147454895,-0.005969983447196792
2022-07-19,10034.7739,5.523100117099666e-05,-0.005915082174188679
2022-07-20,10034.7847,1.0762574331746322e-06,-0.005914012282906667
2022-07-21,10036.6125,0.00018214640918001734,-0.005732943089827858
2022-07-22,10043.3695,0.0006732351179246088,-0.00506356759052029
2022-07-25,10047.9305,0.0004541304589062989,-0.004611736651887743
2022-07-26,10048.5552,6.217200646441157e-05,-0.004549851366344226
2022-07-27,10050.2999,0.00017362695086742264,-0.004377014392296319
2022-07-28,10052.1323,0.00018232291754793906,-0.004195489504782657
2022-07-29,10041.9562,-0.0010123324779558462,-0.005203574752451812
2022-08-01,10048.1228,0.0006140835388226407,-0.00459268664322765
2022-08-02,10048.5497,4.248554764885171e-05,-0.004550396218386044
2022-08-03,10029.3809,-0.0019076185690756198,-0.006449334367138793
2022-08-04,10025.6979,-0.0003672210714422697,-0.006814187107104797
2022-08-05,10034.0154,0.0008296180558164945,-0.005990222223948072
2022-08-08,10039.8532,0.0005818009806921598,-0.005411906360420438
2022-08-09,10042.1626,0.00023002328360743896,-0.005183127941284726
2022-08-10,10043.7369,0.0001567690210473316,-0.005027171474130676
2022-08-11,10039.2162,-0.00045010139602508215,-0.005475010133257241
2022-08-12,10032.7897,-0.0006401396156805461,-0.006111644978055164
2022-08-15,10033.7076,9.14900070116964e-05,-0.006020714125485327
2022-08-16,10041.2393,0.0007506397734771131,-0.00527459373949557
2022-08-17,10045.2496,0.0003993829725779108,-0.004877317349844423
2022-08-18,10047.9833,0.000272138583794046,-0.004606506072286853
2022-08-19,10049.5774,0.00015864875093885011,-0.004448588137782483
2022-08-22,10052.223,0.00026325485089540024,-0.0041865043992938
2022-08-23,10052.6586,4.333369842668411e-05,-0.004143352117586208
2022-08-24,10051.3252,-0.00013264152828196263,-0.004275444065311107
2022-08-25,10048.3652,-0.00029448853172109324,-0.004568673527786893
2022-08-26,10044.6091,-0.00037380209867377,-0.0049407678467078275
2022-08-29,10042.702,-0.0001898630380748889,-0.005129692815588949
2022-08-30,10043.1015,3.978013088512533e-05,-0.005090116744555284
2022-08-31,10047.2955,0.0004176000810107716,-0.004674642296709441
2022-09-01,10023.6202,-0.0023563853576319405,-0.007020012395681174
2022-09-02,10023.2223,-3.969623669497491e-05,-0.007059429964302533
2022-09-06,10021.2964,-0.00019214379790821745,-0.00725021733652631
2022-09-07,10034.2792,0.0012955210066436518,-0.00596408913874491
2022-09-08,10038.4985,0.00042048859872245714,-0.00554610837150693
2022-09-09,10039.1157,6.148329852329049e-05,-0.005484966066020336
2022-09-12,10042.9182,0.0003787684208083064,-0.005108275177147181
2022-09-13,10041.190200000001,-0.00017206154282911612,-0.005279457782268238
2022-09-14,10041.3851,1.9410049617363256e-05,-0.0052601502071883965
2022-09-15,10045.0846,0.00036842526834268696,-0.004893662911097274
2022-09-16,10044.147,-9.3339184022323e-05,-0.00498654532461662
2022-09-19,10043.0797,-0.00010626089004872608,-0.005092276339920931
2022-09-20,10042.8348,-2.4384950365385905e-05,-0.005116537115380404
2022-09-21,10045.7125,0.0002865426005014271,-0.0048314606207294775
2022-09-22,10044.5511,-0.00011561151088079757,-0.0049465135591482134
2022-09-23,10044.6719,1.2026420971533724e-05,-0.004934546627031078
2022-09-26,10044.6852,1.3240850604834264e-06,-0.004933229075730017
2022-09-27,10053.0472,0.0008324800462637949,-0.004104855844235478
2022-09-28,10056.9199,0.00038522648137973015,-0.0037212106620292396
2022-09-29,10048.2509,-0.0008619935413824997,-0.004579996543854992
2022-09-30,10046.2472,-0.00019940783922889338,-0.004778491095869364
2022-10-03,10040.5713,-0.0005649771389261149,-0.005340768496567727
2022-10-04,10041.9607,0.00013837858011123139,-0.005203128964417769
2022-10-05,10034.8086,-0.000712221468861074,-0.005911644653125103
2022-10-06,10037.3114,0.00024941183232929376,-0.0056637072549208245
2022-10-07,10032.054,-0.0005237856822893905,-0.0061845263684414675
2022-10-10,10036.1029,0.00040359631238029436,-0.005783426108097234
2022-10-11,10038.646,0.000253395169951931,-0.005531496430386862
2022-10-12,10037.0045,-0.00016351806807424207,-0.005694109998851338
2022-10-13,10039.7309,0.0002716348288975823,-0.005424021888549069
2022-10-14,10035.969,-0.0003747012780991321,-0.005796690778714031
2022-10-17,10038.6191,0.0002640602018599836,-0.005534161252191194
2022-10-18,10042.066,0.0003433639592920201,-0.005192697524418088
2022-10-19,10036.4871,-0.0005555530107052009,-0.005745365716379958
2022-10-20,10026.4706,-0.0009980085562009133,-0.006737640348437379
2022-10-21,10024.6193,-0.00018464124354988787,-0.00692103754569473
2022-10-24,10022.3541,-0.00022596369320482257,-0.0071454373356948375
2022-10-25,10019.1242,-0.00032226959532399846,-0.007465404173820134
2022-10-26,10021.4747,0.00023460134369823749,-0.007232554223972287
2022-10-27,10010.7637,-0.0010688047738125483,-0.008293628809303288
2022-10-28,10007.8966,-0.0002864017257743212,-0.008577655225473824
2022-10-31,10005.3843,-0.00025103177025231904,-0.008826533731750241
2022-11-01,9982.9337,-0.0022438518428522514,-0.011050580140622546
2022-11-02,9984.2882,0.00013568155821785943,-0.010916397942337452
2022-11-03,9982.6445,-0.00016462866126010223,-0.011079229451618433
2022-11-04,9980.7729,-0.00018748539026913758,-0.011264637648229936
2022-11-07,9980.1862,-5.8783022705566346e-05,-0.011322758501484897
2022-11-08,9977.4682,-0.00027233960825312487,-0.01159201447412328
2022-11-09,9974.8557,-0.00026183997258932834,-0.011850819193960471
2022-11-10,9968.7524,-0.000611868500513868,-0.012455436551504273
2022-11-11,9971.0461,0.00023008897281862062,-0.012228213437287638
2022-11-14,9965.0275,-0.0006036076796395173,-0.012824440073388121
2022-11-15,9977.4207,0.0012436694228892264,-0.011596720014483863
2022-11-16,9970.2633,-0.0007173597480960581,-0.012305760742431504
2022-11-17,9973.9221,0.00036697125140117137,-0.011943305351449607
2022-11-18,9970.4751,-0.00034560125549809584,-0.012284778985623412
2022-11-21,9961.2744,-0.0009227945416562244,-0.013196237200286287
2022-11-22,9962.2263,9.556006207400713e-05,-0.013101938171458216
2022-11-23,9951.7354,-0.0010530678268170224,-0.01414120876871805
2022-11-25,9949.0608,-0.00026875714561303,-0.01440616536342687
2022-11-28,9956.9889,0.0007968691878936784,-0.013620776004826918
2022-11-29,9957.7843,7.988358809951634e-05,-0.013541980493187444
2022-11-30,9951.5837,-0.0006226887240367018,-0.01415623677866995
2022-12-01,9966.5723,0.00150615223183026,-0.012671405994458151
2022-12-02,9966.6396,6.7525722962091805e-06,-0.012664738986747137
2022-12-05,9963.7363,-0.000291301794438259,-0.012952351519992522
2022-12-06,9962.2653,-0.0001476353805149877,-0.013098074675162219
2022-12-07,9967.1496,0.0004902800570871779,-0.012614216342874518
2022-12-08,9970.7464,0.00036086545746227827,-0.012257902920363328
2022-12-09,9972.4185,0.0001677005845821533,-0.012092257993266742
2022-12-12,9970.6067,-0.0001816811037361754,-0.012271742162224042
2022-12-13,9971.928,0.0001325195185966077,-0.01214084888899114
2022-12-14,9968.4375,-0.00035003261154709087,-0.012486631807495319
2022-12-15,9969.8079,0.00013747390200324894,-0.012350874491489527
2022-12-16,9971.5556,0.00017529926529480377,-0.012177740325418962
2022-12-19,9970.1249,-0.0001434781148890174,-0.012319471201082455
2022-12-20,9970.3788,2.5466080169067595e-05,-0.012294318849554564
2022-12-21,9968.1977,-0.0002187579874096679,-0.012510387356516106
2022-12-22,9967.6724,-5.2697590458228305e-05,-0.012562425679704892
2022-12-23,9967.1837,-4.9028497365100066e-05,-0.012610838260215695
2022-12-27,9966.7929,-3.920866834217218e-05,-0.012649552474383041
2022-12-28,9966.7015,-9.170452413109764e-06,-0.01265860692467724
2022-12-29,9965.5444,-0.00011609658421074531,-0.012773233887863111
2022-12-30,9964.1488,-0.00014004252492216818,-0.012911487616860229
