Date,Pair_Rank,Ticker_A,Ticker_B,Price_A,Price_B,Hedge_Ratio,ZScore,Position,Unrealized_PnL,Realized_PnL,Cumulative_PnL,Status
2006-10-03,1,ED,SO,20.8042,14.7466,1.0,0.0,0,0.0,0.0,0.0,HOLD_CASH
2006-10-04,1,ED,SO,20.938,14.7677,1.0,0.0,0,0.0,0.0,0.0,HOLD_CASH
2006-10-05,1,ED,SO,20.8532,14.734,1.0,0.0,0,0.0,0.0,0.0,HOLD_CASH
2006-10-06,1,ED,SO,20.7194,14.6665,1.0,0.0,0,0.0,0.0,0.0,HOLD_CASH
2006-10-09,1,ED,SO,20.7149,14.6538,1.0,0.0,0,0.0,0.0,0.0,HOLD_CASH
2006-10-10,1,ED,SO,20.7104,14.6327,1.0,0.0,0,0.0,0.0,0.0,HOLD_CASH
2006-10-11,1,ED,SO,20.7685,14.7635,1.0,0.0,0,0.0,0.0,0.0,HOLD_CASH
2006-10-12,1,ED,SO,20.88,14.7635,1.0,0.0,0,0.0,0.0,0.0,HOLD_CASH
2006-10-13,1,ED,SO,20.8577,14.8015,1.0,0.0,0,0.0,0.0,0.0,HOLD_CASH
2006-10-16,1,ED,SO,20.9113,14.8394,1.0,0.0,0,0.0,0.0,0.0,HOLD_CASH
2006-10-17,1,ED,SO,21.0184,14.8394,1.0,0.0,0,0.0,0.0,0.0,HOLD_CASH
2006-10-18,1,ED,SO,21.2147,15.0841,1.0,0.0,0,0.0,0.0,0.0,HOLD_CASH
2006-10-19,1,ED,SO,21.1835,15.0377,1.0,0.0,0,0.0,0.0,0.0,HOLD_CASH
2006-10-20,1,ED,SO,21.3709,15.0925,1.0,0.0,0,0.0,0.0,0.0,HOLD_CASH
2006-10-23,1,ED,SO,21.3932,15.1347,1.0,0.0,0,0.0,0.0,0.0,HOLD_CASH
2006-10-24,1,ED,SO,21.3753,15.1263,1.0,0.0,0,0.0,0.0,0.0,HOLD_CASH
2006-10-25,1,ED,SO,21.5181,15.2739,1.0,0.0,0,0.0,0.0,0.0,HOLD_CASH
2006-10-26,1,ED,SO,21.5762,15.2444,1.0,0.0,0,0.0,0.0,0.0,HOLD_CASH
2006-10-27,1,ED,SO,21.5226,15.198,1.0,0.0,0,0.0,0.0,0.0,HOLD_CASH
2006-10-30,1,ED,SO,21.6074,15.2781,1.0,0.4618,0,0.0,0.0,0.0,HOLD_CASH
2006-10-31,1,ED,SO,21.5762,15.3541,1.0,-1.8858,0,0.0,0.0,0.0,HOLD_CASH
2006-11-01,1,ED,SO,21.7145,15.4426,1.0,-1.4864,0,0.0,0.0,0.0,HOLD_CASH
2006-11-02,1,ED,SO,21.768,15.365,1.0,1.2356,0,0.0,0.0,0.0,HOLD_CASH
2006-11-03,1,ED,SO,21.4289,15.2499,1.0,-1.5188,0,0.0,0.0,0.0,HOLD_CASH
2006-11-06,1,ED,SO,21.3887,15.2158,1.0,-1.2521,0,0.0,0.0,0.0,HOLD_CASH
2006-11-07,1,ED,SO,21.2816,15.203,1.0,-2.1534,1,0.0,-0.3333,-0.3333,ENTER_LONG_A
2006-11-08,1,ED,SO,21.4557,15.3181,1.0,-1.7701,1,0.1012,-0.3333,-0.2322,HOLDING
2006-11-09,1,ED,SO,21.4334,15.267,1.0,-1.0459,1,0.4873,-0.3333,0.1539,HOLDING
2006-11-10,1,ED,SO,21.5538,15.3778,1.0,-1.332,1,0.2157,-0.3333,-0.1177,HOLDING
2006-11-13,1,ED,SO,21.4884,15.3608,1.0,-1.5964,1,-0.1102,-0.3333,-0.4436,HOLDING
2006-11-14,1,ED,SO,21.669,15.4375,1.0,-0.7329,1,0.4633,-0.3333,0.1299,HOLDING
2006-11-15,1,ED,SO,21.5516,15.3821,1.0,-1.0897,1,0.1512,-0.3333,-0.1822,HOLDING
2006-11-16,1,ED,SO,21.6374,15.4034,1.0,-0.4575,0,0.0,-0.0821,-0.0821,EXIT
2006-11-17,1,ED,SO,21.6735,15.4247,1.0,-0.3198,0,0.0,-0.0821,-0.0821,HOLD_CASH
2006-11-20,1,ED,SO,21.6148,15.4077,1.0,-0.6325,0,0.0,-0.0821,-0.0821,HOLD_CASH
2006-11-21,1,ED,SO,21.5968,15.3992,1.0,-0.6265,0,0.0,-0.0821,-0.0821,HOLD_CASH
2006-11-22,1,ED,SO,21.5832,15.3992,1.0,-0.7163,0,0.0,-0.0821,-0.0821,HOLD_CASH
2006-11-24,1,ED,SO,21.6103,15.4077,1.0,-0.4624,0,0.0,-0.0821,-0.0821,HOLD_CASH
2006-11-27,1,ED,SO,21.4613,15.2116,1.0,1.3553,0,0.0,-0.0821,-0.0821,HOLD_CASH
2006-11-28,1,ED,SO,21.6239,15.3096,1.0,1.794,0,0.0,-0.0821,-0.0821,HOLD_CASH
2006-11-29,1,ED,SO,21.7593,15.4588,1.0,0.6527,0,0.0,-0.0821,-0.0821,HOLD_CASH
2006-11-30,1,ED,SO,21.7774,15.4546,1.0,0.9479,0,0.0,-0.0821,-0.0821,HOLD_CASH
2006-12-01,1,ED,SO,21.7774,15.4929,1.0,0.3807,0,0.0,-0.0821,-0.0821,HOLD_CASH
2006-12-04,1,ED,SO,21.8587,15.6166,1.0,-1.1544,0,0.0,-0.0821,-0.0821,HOLD_CASH
2006-12-05,1,ED,SO,21.8587,15.6507,1.0,-1.7095,0,0.0,-0.0821,-0.0821,HOLD_CASH
2006-12-06,1,ED,SO,21.7774,15.5313,1.0,-0.3789,0,0.0,-0.0821,-0.0821,HOLD_CASH
2006-12-07,1,ED,SO,21.6961,15.4972,1.0,-0.9107,0,0.0,-0.0821,-0.0821,HOLD_CASH
2006-12-08,1,ED,SO,21.6013,15.5441,1.0,-2.6254,1,0.0,-0.4155,-0.4155,ENTER_LONG_A
2006-12-11,1,ED,SO,21.6735,15.6208,1.0,-2.4117,1,-0.2653,-0.4155,-0.6808,HOLDING
2006-12-12,1,ED,SO,21.9761,15.8297,1.0,-1.9604,1,-0.1706,-0.4155,-0.5861,HOLDING
2006-12-13,1,ED,SO,21.9535,15.8255,1.0,-1.8094,1,-0.2991,-0.4155,-0.7146,HOLDING
2006-12-14,1,ED,SO,22.1884,15.9065,1.0,-0.732,1,0.6443,-0.4155,0.2289,HOLDING
2006-12-15,1,ED,SO,21.9806,15.7615,1.0,-0.7078,1,0.5956,-0.4155,0.1802,HOLDING
2006-12-18,1,ED,SO,21.7774,15.7914,1.0,-2.2166,1,-1.2924,-0.4155,-1.7078,HOLDING
2006-12-19,1,ED,SO,21.8497,15.9193,1.0,-2.342,1,-2.1062,-0.4155,-2.5216,HOLDING
2006-12-20,1,ED,SO,21.6374,15.8127,1.0,-2.2166,1,-2.6011,-0.4155,-3.0166,HOLDING
2006-12-21,1,ED,SO,21.5877,15.8042,1.0,-2.0127,1,-2.893,-0.4155,-3.3085,HOLDING
2006-12-22,1,ED,SO,21.5697,15.7232,1.0,-1.4041,1,-2.164,-0.4155,-2.5794,HOLDING
2006-12-26,1,ED,SO,21.6419,15.8212,1.0,-1.5017,1,-2.6578,-0.4155,-3.0732,HOLDING
2006-12-27,1,ED,SO,21.7638,15.8596,1.0,-1.1014,1,-2.1284,-0.4155,-2.5439,HOLDING
2006-12-28,1,ED,SO,21.7413,15.7317,1.0,-0.346,0,0.0,-1.6832,-1.6832,EXIT
2006-12-29,1,ED,SO,21.7097,15.7146,1.0,-0.3056,0,0.0,-1.6832,-1.6832,HOLD_CASH
2007-01-03,1,ED,SO,21.8542,15.7658,1.0,0.155,0,0.0,-1.6832,-1.6832,HOLD_CASH
2007-01-04,1,ED,SO,21.8181,15.7743,1.0,-0.0367,0,0.0,-1.6832,-1.6832,HOLD_CASH
2007-01-05,1,ED,SO,21.5109,15.5356,1.0,0.1576,0,0.0,-1.6832,-1.6832,HOLD_CASH
2007-01-08,1,ED,SO,21.4793,15.5782,1.0,-0.3082,0,0.0,-1.6832,-1.6832,HOLD_CASH
2007-01-09,1,ED,SO,21.5426,15.6208,1.0,-0.1906,0,0.0,-1.6832,-1.6832,HOLD_CASH
2007-01-10,1,ED,SO,21.5922,15.591,1.0,0.5181,0,0.0,-1.6832,-1.6832,HOLD_CASH
2007-01-11,1,ED,SO,21.5651,15.655,1.0,-0.2975,0,0.0,-1.6832,-1.6832,HOLD_CASH
2007-01-12,1,ED,SO,21.389,15.4546,1.0,0.5116,0,0.0,-1.6832,-1.6832,HOLD_CASH
2007-01-16,1,ED,SO,21.4658,15.5484,1.0,0.1392,0,0.0,-1.6832,-1.6832,HOLD_CASH
2007-01-17,1,ED,SO,21.4974,15.6507,1.0,-0.6701,0,0.0,-1.6832,-1.6832,HOLD_CASH
2007-01-18,1,ED,SO,21.5109,15.6166,1.0,-0.0178,0,0.0,-1.6832,-1.6832,HOLD_CASH
2007-01-19,1,ED,SO,21.5606,15.6592,1.0,-0.0941,0,0.0,-1.6832,-1.6832,HOLD_CASH
2007-01-22,1,ED,SO,21.791,15.6208,1.0,2.2846,-1,0.0,-2.0165,-2.0165,ENTER_SHORT_A
2007-01-23,1,ED,SO,21.8271,15.655,1.0,1.9021,-1,0.0876,-2.0165,-1.9289,HOLDING
2007-01-24,1,ED,SO,21.9174,15.672,1.0,2.1504,-1,-0.4213,-2.0165,-2.4378,HOLDING
2007-01-25,1,ED,SO,21.6916,15.6677,1.0,0.3122,0,0.0,-1.0892,-1.0892,EXIT
2007-01-26,1,ED,SO,21.7232,15.5143,1.0,2.1015,-1,0.0,-1.4225,-1.4225,ENTER_SHORT_A
2007-01-29,1,ED,SO,21.651,15.4546,1.0,1.914,-1,-0.0867,-1.4225,-1.5092,HOLDING
2007-01-30,1,ED,SO,21.6464,15.4418,1.0,1.7392,-1,-0.1894,-1.4225,-1.6119,HOLDING
2007-01-31,1,ED,SO,21.8045,15.5739,1.0,1.3756,-1,0.0175,-1.4225,-1.4049,HOLDING
2007-02-01,1,ED,SO,21.8587,15.655,1.0,0.902,-1,0.4721,-1.4225,-0.9504,HOLDING
2007-02-02,1,ED,SO,21.8858,15.642,1.0,1.086,-1,0.1254,-1.4225,-1.2971,HOLDING
2007-02-05,1,ED,SO,21.9671,15.6894,1.0,1.0722,-1,0.0108,-1.4225,-1.4117,HOLDING
2007-02-06,1,ED,SO,22.0123,15.7627,1.0,0.6421,-1,0.4513,-1.4225,-0.9712,HOLDING
2007-02-07,1,ED,SO,22.0935,15.7282,1.0,1.3091,-1,-0.5427,-1.4225,-1.9652,HOLDING
2007-02-08,1,ED,SO,22.0981,15.6679,1.0,1.6235,-1,-1.2255,-1.4225,-2.648,HOLDING
2007-02-09,1,ED,SO,22.1432,15.6808,1.0,1.5899,-1,-1.4331,-1.4225,-2.8556,HOLDING
2007-02-12,1,ED,SO,22.1295,15.6248,1.0,1.7048,-1,-1.9297,-1.4225,-3.3522,HOLDING
2007-02-13,1,ED,SO,22.2666,15.7368,1.0,1.4305,-1,-1.7781,-1.4225,-3.2006,HOLDING
2007-02-14,1,ED,SO,22.3078,15.7454,1.0,1.4913,-1,-2.0011,-1.4225,-3.4236,HOLDING
2007-02-15,1,ED,SO,22.2026,15.6636,1.0,1.4614,-1,-2.0741,-1.4225,-3.4966,HOLDING
2007-02-16,1,ED,SO,22.2666,15.6937,1.0,1.5553,-1,-2.241,-1.4225,-3.6635,HOLDING
2007-02-20,1,ED,SO,22.4037,15.7627,1.0,1.5932,-1,-2.5523,-1.4225,-3.9748,HOLDING
2007-02-21,1,ED,SO,22.2803,15.6636,1.0,1.5118,-1,-2.6702,-1.4225,-4.0927,HOLDING
2007-02-22,1,ED,SO,22.6414,15.6507,1.0,2.761,-1,-5.5792,-1.4225,-7.0017,HOLDING
2007-02-23,1,ED,SO,22.5454,15.6033,1.0,2.2629,-1,-5.3521,-1.4225,-6.7746,HOLDING
2007-02-26,1,ED,SO,22.7328,15.6851,1.0,2.1153,-1,-5.9102,-1.4225,-7.3326,HOLDING
2007-02-27,1,ED,SO,22.2209,15.2887,1.0,1.9847,-1,-6.2417,-1.4225,-7.6642,HOLDING
2007-02-28,1,ED,SO,22.2026,15.4266,1.0,1.0978,-1,-4.6202,-1.4225,-6.0427,HOLDING
2007-03-01,1,ED,SO,22.2483,15.474,1.0,0.9229,-1,-4.4616,-1.4225,-5.8841,HOLDING
2007-03-02,1,ED,SO,21.9741,15.2542,1.0,0.975,-1,-4.7186,-1.4225,-6.1411,HOLDING
2007-03-05,1,ED,SO,21.7365,15.0991,1.0,0.8368,-1,-4.5617,-1.4225,-5.9842,HOLDING
2007-03-06,1,ED,SO,22.0152,15.293,1.0,0.7551,-1,-4.6176,-1.4225,-6.0401,HOLDING
2007-03-07,1,ED,SO,21.933,15.237,1.0,0.6793,-1,-4.5882,-1.4225,-6.0107,HOLDING
2007-03-08,1,ED,SO,22.1387,15.3318,1.0,0.8969,-1,-5.1478,-1.4225,-6.5703,HOLDING
2007-03-09,1,ED,SO,22.1204,15.1896,1.0,1.5762,-1,-6.5351,-1.4225,-7.9576,HOLDING
2007-03-12,1,ED,SO,22.1615,15.2758,1.0,1.0965,-1,-5.9247,-1.4225,-7.3472,HOLDING
2007-03-13,1,ED,SO,21.9558,15.0991,1.0,1.2149,-1,-6.2449,-1.4225,-7.6674,HOLDING
2007-03-14,1,ED,SO,22.1569,15.2197,1.0,1.2314,-1,-6.4915,-1.4225,-7.914,HOLDING
2007-03-15,1,ED,SO,22.2986,15.3706,1.0,0.779,-1,-5.9582,-1.4225,-7.3807,HOLDING
2007-03-16,1,ED,SO,22.2163,15.2499,1.0,1.1914,-1,-6.6234,-1.4225,-8.0459,HOLDING
2007-03-19,1,ED,SO,22.4174,15.4352,1.0,0.7505,-1,-6.1756,-1.4225,-7.5981,HOLDING
2007-03-20,1,ED,SO,22.7374,15.6334,1.0,0.9186,-1,-6.5008,-1.4225,-7.9233,HOLDING
2007-03-21,1,ED,SO,22.9385,15.8402,1.0,0.0655,0,0.0,-7.5903,-7.5903,EXIT
2007-03-22,1,ED,SO,22.9567,15.8058,1.0,0.6662,0,0.0,-7.5903,-7.5903,HOLD_CASH
2007-03-23,1,ED,SO,23.0436,15.879,1.0,0.4357,0,0.0,-7.5903,-7.5903,HOLD_CASH
2007-03-26,1,ED,SO,23.2767,15.9609,1.0,1.3603,0,0.0,-7.5903,-7.5903,HOLD_CASH
2007-03-27,1,ED,SO,23.2904,15.8575,1.0,2.3044,-1,0.0,-7.9236,-7.9236,ENTER_SHORT_A
2007-03-28,1,ED,SO,23.2721,15.7885,1.0,2.3633,-1,-0.5938,-7.9236,-8.5174,HOLDING
2007-03-29,1,ED,SO,23.4229,15.9049,1.0,1.933,-1,-0.4502,-7.9236,-8.3738,HOLDING
2007-03-30,1,ED,SO,23.3361,15.7928,1.0,2.0442,-1,-1.0065,-7.9236,-8.9301,HOLDING
2007-04-02,1,ED,SO,23.6377,15.9781,1.0,1.9084,-1,-1.2176,-7.9236,-9.1412,HOLDING
2007-04-03,1,ED,SO,23.7657,16.0255,1.0,1.9261,-1,-1.6351,-7.9236,-9.5587,HOLDING
2007-04-04,1,ED,SO,23.6926,15.9868,1.0,1.6632,-1,0.0,-9.7806,-9.7806,PERIOD_END_EXIT
2006-10-03,2,DUK,PCG,22.7746,27.4245,1.0,0.0,0,0.0,0.0,0.0,HOLD_CASH
2006-10-04,2,DUK,PCG,22.7964,27.633,1.0,0.0,0,0.0,0.0,0.0,HOLD_CASH
2006-10-05,2,DUK,PCG,22.5195,27.3854,1.0,0.0,0,0.0,0.0,0.0,HOLD_CASH
2006-10-06,2,DUK,PCG,22.4102,27.2681,1.0,0.0,0,0.0,0.0,0.0,HOLD_CASH
2006-10-09,2,DUK,PCG,22.4102,27.2942,1.0,0.0,0,0.0,0.0,0.0,HOLD_CASH
2006-10-10,2,DUK,PCG,22.3519,27.2811,1.0,0.0,0,0.0,0.0,0.0,HOLD_CASH
2006-10-11,2,DUK,PCG,22.4394,27.6134,1.0,0.0,0,0.0,0.0,0.0,HOLD_CASH
2006-10-12,2,DUK,PCG,22.5778,27.5092,1.0,0.0,0,0.0,0.0,0.0,HOLD_CASH
2006-10-13,2,DUK,PCG,22.3373,27.3593,1.0,0.0,0,0.0,0.0,0.0,HOLD_CASH
2006-10-16,2,DUK,PCG,22.2863,27.5613,1.0,0.0,0,0.0,0.0,0.0,HOLD_CASH
2006-10-17,2,DUK,PCG,22.5705,27.6265,1.0,0.0,0,0.0,0.0,0.0,HOLD_CASH
2006-10-18,2,DUK,PCG,22.7309,28.0174,1.0,0.0,0,0.0,0.0,0.0,HOLD_CASH
2006-10-19,2,DUK,PCG,22.9932,27.9848,1.0,0.0,0,0.0,0.0,0.0,HOLD_CASH
2006-10-20,2,DUK,PCG,23.241,28.0956,1.0,0.0,0,0.0,0.0,0.0,HOLD_CASH
2006-10-23,2,DUK,PCG,23.2046,28.2194,1.0,0.0,0,0.0,0.0,0.0,HOLD_CASH
2006-10-24,2,DUK,PCG,23.0078,28.063,1.0,0.0,0,0.0,0.0,0.0,HOLD_CASH
2006-10-25,2,DUK,PCG,23.3212,28.2911,1.0,0.0,0,0.0,0.0,0.0,HOLD_CASH
2006-10-26,2,DUK,PCG,23.1536,28.2129,1.0,0.0,0,0.0,0.0,0.0,HOLD_CASH
2006-10-27,2,DUK,PCG,23.1609,28.1803,1.0,0.0,0,0.0,0.0,0.0,HOLD_CASH
2006-10-30,2,DUK,PCG,23.1754,28.1933,1.0,0.3279,0,0.0,0.0,0.0,HOLD_CASH
2006-10-31,2,DUK,PCG,23.0588,28.1086,1.0,0.1157,0,0.0,0.0,0.0,HOLD_CASH
2006-11-01,2,DUK,PCG,23.1754,28.3236,1.0,-0.2778,0,0.0,0.0,0.0,HOLD_CASH
2006-11-02,2,DUK,PCG,22.9495,28.1803,1.0,-1.0352,0,0.0,0.0,0.0,HOLD_CASH
2006-11-03,2,DUK,PCG,22.658,27.8871,1.0,-1.2992,0,0.0,0.0,0.0,HOLD_CASH
2006-11-06,2,DUK,PCG,22.3738,28.1738,1.0,-3.2389,1,0.0,-0.3333,-0.3333,ENTER_LONG_A
2006-11-07,2,DUK,PCG,22.3446,28.1738,1.0,-2.5611,1,-0.2173,-0.3333,-0.5506,HOLDING
2006-11-08,2,DUK,PCG,22.6434,28.5061,1.0,-2.0404,1,0.0428,-0.3333,-0.2905,HOLDING
2006-11-09,2,DUK,PCG,22.6726,28.6494,1.0,-1.9615,1,-0.588,-0.3333,-0.9213,HOLDING
2006-11-10,2,DUK,PCG,22.9786,28.9361,1.0,-1.5139,1,-0.0038,-0.3333,-0.3372,HOLDING
2006-11-13,2,DUK,PCG,23.1171,28.8188,1.0,-0.8041,1,1.7215,-0.3333,1.3881,HOLDING
2006-11-14,2,DUK,PCG,23.1827,29.0599,1.0,-1.0569,1,0.784,-0.3333,0.4506,HOLDING
2006-11-15,2,DUK,PCG,23.1238,29.3661,1.0,-1.6514,1,-1.4664,-0.3333,-1.7997,HOLDING
2006-11-16,2,DUK,PCG,23.1901,29.9265,1.0,-2.1363,1,-4.2877,-0.3333,-4.621,HOLDING
2006-11-17,2,DUK,PCG,23.3373,29.6007,1.0,-1.1263,1,-1.2636,-0.3333,-1.5969,HOLDING
2006-11-20,2,DUK,PCG,23.2269,29.4313,1.0,-0.9727,1,-1.084,-0.3333,-1.4174,HOLDING
2006-11-21,2,DUK,PCG,23.0355,29.503,1.0,-1.3732,1,-2.9339,-0.3333,-3.2672,HOLDING
2006-11-22,2,DUK,PCG,23.0796,29.4899,1.0,-1.1427,1,-2.5277,-0.3333,-2.8611,HOLDING
2006-11-24,2,DUK,PCG,23.0649,29.6333,1.0,-1.2966,1,-3.4854,-0.3333,-3.8187,HOLDING
2006-11-27,2,DUK,PCG,22.6379,29.3857,1.0,-1.6532,1,-5.2015,-0.3333,-5.5349,HOLDING
2006-11-28,2,DUK,PCG,22.984,29.6202,1.0,-1.1844,1,-4.0115,-0.3333,-4.3448,HOLDING
2006-11-29,2,DUK,PCG,23.271,29.907,1.0,-0.9617,1,-3.5689,-0.3333,-3.9022,HOLDING
2006-11-30,2,DUK,PCG,23.352,29.9265,1.0,-0.7319,1,-3.0811,-0.3333,-3.4145,HOLDING
2006-12-01,2,DUK,PCG,23.33,30.2197,1.0,-1.3814,1,-4.9801,-0.3333,-5.3135,HOLDING
2006-12-04,2,DUK,PCG,24.0882,30.4803,1.0,0.4989,0,0.0,-1.5665,-1.5665,EXIT
2006-12-05,2,DUK,PCG,24.0661,30.4152,1.0,0.6282,0,0.0,-1.5665,-1.5665,HOLD_CASH
2006-12-06,2,DUK,PCG,23.9189,30.2588,1.0,0.5628,0,0.0,-1.5665,-1.5665,HOLD_CASH
2006-12-07,2,DUK,PCG,23.86,30.2653,1.0,0.3679,0,0.0,-1.5665,-1.5665,HOLD_CASH
2006-12-08,2,DUK,PCG,24.0735,29.8939,1.0,1.9861,0,0.0,-1.5665,-1.5665,HOLD_CASH
2006-12-11,2,DUK,PCG,24.3901,30.1676,1.0,2.0093,-1,0.0,-1.8999,-1.8999,ENTER_SHORT_A
2006-12-12,2,DUK,PCG,24.4711,30.5715,1.0,1.3019,-1,1.6785,-1.8999,-0.2214,HOLDING
2006-12-13,2,DUK,PCG,24.9201,30.6302,1.0,2.1608,-1,-1.0662,-1.8999,-2.9661,HOLDING
2006-12-14,2,DUK,PCG,24.7655,30.767,1.0,1.3187,-1,0.7462,-1.8999,-1.1537,HOLDING
2006-12-15,2,DUK,PCG,24.6698,30.8191,1.0,0.8787,-1,1.6882,-1.8999,-0.2117,HOLDING
2006-12-18,2,DUK,PCG,24.4195,30.8582,1.0,0.144,0,0.0,1.3774,1.3774,EXIT
2006-12-19,2,DUK,PCG,24.449,31.2622,1.0,-0.5661,0,0.0,1.3774,1.3774,HOLD_CASH
2006-12-20,2,DUK,PCG,24.1839,31.0472,1.0,-0.8038,0,0.0,1.3774,1.3774,HOLD_CASH
2006-12-21,2,DUK,PCG,24.368,30.9299,1.0,-0.1193,0,0.0,1.3774,1.3774,HOLD_CASH
2006-12-22,2,DUK,PCG,24.3091,30.7996,1.0,-0.0513,0,0.0,1.3774,1.3774,HOLD_CASH
2006-12-26,2,DUK,PCG,24.4342,31.0602,1.0,-0.3534,0,0.0,1.3774,1.3774,HOLD_CASH
2006-12-27,2,DUK,PCG,24.4195,31.3358,1.0,-1.0356,0,0.0,1.3774,1.3774,HOLD_CASH
2006-12-28,2,DUK,PCG,24.3091,31.2439,1.0,-1.1466,0,0.0,1.3774,1.3774,HOLD_CASH
2006-12-29,2,DUK,PCG,24.449,31.0537,1.0,-0.3564,0,0.0,1.3774,1.3774,HOLD_CASH
2007-01-03,2,DUK,PCG,24.2484,31.0143,1.0,-0.9633,0,0.0,1.3774,1.3774,HOLD_CASH
2007-01-04,2,DUK,PCG,24.2991,30.5878,1.0,0.2362,0,0.0,1.3774,1.3774,HOLD_CASH
2007-01-05,2,DUK,PCG,23.7416,29.8464,1.0,0.3168,0,0.0,1.3774,1.3774,HOLD_CASH
2007-01-08,2,DUK,PCG,23.7796,30.1351,1.0,-0.2883,0,0.0,1.3774,1.3774,HOLD_CASH
2007-01-09,2,DUK,PCG,23.6656,30.2794,1.0,-0.963,0,0.0,1.3774,1.3774,HOLD_CASH
2007-01-10,2,DUK,PCG,23.5643,30.6862,1.0,-1.9523,0,0.0,1.3774,1.3774,HOLD_CASH
2007-01-11,2,DUK,PCG,23.6276,30.7715,1.0,-1.7527,0,0.0,1.3774,1.3774,HOLD_CASH
2007-01-12,2,DUK,PCG,23.5136,30.2991,1.0,-0.9306,0,0.0,1.3774,1.3774,HOLD_CASH
2007-01-16,2,DUK,PCG,23.5896,30.2926,1.0,-0.6407,0,0.0,1.3774,1.3774,HOLD_CASH
2007-01-17,2,DUK,PCG,23.5516,30.3516,1.0,-0.8719,0,0.0,1.3774,1.3774,HOLD_CASH
2007-01-18,2,DUK,PCG,23.6656,30.2926,1.0,-0.1659,0,0.0,1.3774,1.3774,HOLD_CASH
2007-01-19,2,DUK,PCG,23.7416,30.2073,1.0,0.498,0,0.0,1.3774,1.3774,HOLD_CASH
2007-01-22,2,DUK,PCG,23.6149,30.0498,1.0,0.4568,0,0.0,1.3774,1.3774,HOLD_CASH
2007-01-23,2,DUK,PCG,23.6529,30.2926,1.0,-0.2292,0,0.0,1.3774,1.3774,HOLD_CASH
2007-01-24,2,DUK,PCG,23.7543,30.6272,1.0,-0.8459,0,0.0,1.3774,1.3774,HOLD_CASH
2007-01-25,2,DUK,PCG,23.9697,30.0826,1.0,1.7871,0,0.0,1.3774,1.3774,HOLD_CASH
2007-01-26,2,DUK,PCG,24.1724,30.2007,1.0,1.9244,0,0.0,1.3774,1.3774,HOLD_CASH
2007-01-29,2,DUK,PCG,24.3117,30.3582,1.0,1.7054,0,0.0,1.3774,1.3774,HOLD_CASH
2007-01-30,2,DUK,PCG,24.6665,30.3844,1.0,2.2534,-1,0.0,1.0441,1.0441,ENTER_SHORT_A
2007-01-31,2,DUK,PCG,24.9452,30.6272,1.0,2.0656,-1,-0.5517,1.0441,0.4924,HOLDING
2007-02-01,2,DUK,PCG,25.1479,30.824,1.0,1.8448,-1,-0.8416,1.0441,0.2025,HOLDING
2007-02-02,2,DUK,PCG,25.3252,30.8634,1.0,1.8674,-1,-1.8241,1.0441,-0.78,HOLDING
2007-02-05,2,DUK,PCG,25.7053,31.2898,1.0,1.6975,-1,-2.0528,1.0441,-1.0088,HOLDING
2007-02-06,2,DUK,PCG,25.4139,31.2439,1.0,1.1372,-1,-0.3359,1.0441,0.7082,HOLDING
2007-02-07,2,DUK,PCG,25.3252,31.2833,1.0,0.8448,-1,0.4792,1.0441,1.5233,HOLDING
2007-02-08,2,DUK,PCG,25.5406,31.6048,1.0,0.6906,-1,0.7875,1.0441,1.8316,HOLDING
2007-02-09,2,DUK,PCG,25.5406,31.2964,1.0,1.0449,-1,-0.904,1.0441,0.1401,HOLDING
2007-02-12,2,DUK,PCG,25.5913,31.3883,1.0,0.909,-1,-0.7426,1.0441,0.3015,HOLDING
2007-02-13,2,DUK,PCG,25.832,31.7623,1.0,0.7079,-1,-0.3176,1.0441,0.7265,HOLDING
2007-02-14,2,DUK,PCG,25.6784,31.6901,1.0,0.4447,0,0.0,1.0212,1.0212,EXIT
2007-02-15,2,DUK,PCG,25.6016,31.7754,1.0,0.0515,0,0.0,1.0212,1.0212,HOLD_CASH
2007-02-16,2,DUK,PCG,25.5504,31.6442,1.0,0.1039,0,0.0,1.0212,1.0212,HOLD_CASH
2007-02-20,2,DUK,PCG,25.5376,31.4932,1.0,0.2944,0,0.0,1.0212,1.0212,HOLD_CASH
2007-02-21,2,DUK,PCG,25.5376,31.4342,1.0,0.3375,0,0.0,1.0212,1.0212,HOLD_CASH
2007-02-22,2,DUK,PCG,25.3712,31.3948,1.0,-0.3904,0,0.0,1.0212,1.0212,HOLD_CASH
2007-02-23,2,DUK,PCG,25.4864,31.3423,1.0,0.3122,0,0.0,1.0212,1.0212,HOLD_CASH
2007-02-26,2,DUK,PCG,25.6144,31.4736,1.0,0.3538,0,0.0,1.0212,1.0212,HOLD_CASH
2007-02-27,2,DUK,PCG,25.1151,30.4566,1.0,2.3226,-1,0.0,0.6878,0.6878,ENTER_SHORT_A
2007-02-28,2,DUK,PCG,25.192,30.4632,1.0,2.2494,-1,-0.4738,0.6878,0.214,HOLDING
2007-03-01,2,DUK,PCG,25.3584,30.6075,1.0,2.0851,-1,-0.7881,0.6878,-0.1003,HOLDING
2007-03-02,2,DUK,PCG,24.9487,29.958,1.0,2.2195,-1,-1.6244,0.6878,-0.9366,HOLDING
2007-03-05,2,DUK,PCG,24.4751,29.689,1.0,1.0907,-1,0.0466,0.6878,0.7344,HOLDING
2007-03-06,2,DUK,PCG,25.0255,29.9908,1.0,2.026,-1,-1.9545,0.6878,-1.2667,HOLDING
2007-03-07,2,DUK,PCG,25.0128,30.496,1.0,0.3894,0,0.0,1.2499,1.2499,EXIT
2007-03-08,2,DUK,PCG,24.8847,30.4172,1.0,0.1065,0,0.0,1.2499,1.2499,HOLD_CASH
2007-03-09,2,DUK,PCG,24.6415,30.2794,1.0,-0.4369,0,0.0,1.2499,1.2499,HOLD_CASH
2007-03-12,2,DUK,PCG,25.0768,30.4369,1.0,0.7028,0,0.0,1.2499,1.2499,HOLD_CASH
2007-03-13,2,DUK,PCG,24.7567,29.9776,1.0,0.8519,0,0.0,1.2499,1.2499,HOLD_CASH
2007-03-14,2,DUK,PCG,24.8207,30.0432,1.0,0.8082,0,0.0,1.2499,1.2499,HOLD_CASH
2007-03-15,2,DUK,PCG,25.1792,30.5091,1.0,0.6357,0,0.0,1.2499,1.2499,HOLD_CASH
2007-03-16,2,DUK,PCG,25.0383,30.1876,1.0,1.0219,0,0.0,1.2499,1.2499,HOLD_CASH
2007-03-19,2,DUK,PCG,25.2048,30.3779,1.0,0.973,0,0.0,1.2499,1.2499,HOLD_CASH
2007-03-20,2,DUK,PCG,25.8704,31.0471,1.0,1.2972,0,0.0,1.2499,1.2499,HOLD_CASH
2007-03-21,2,DUK,PCG,26.1392,31.5589,1.0,0.5789,0,0.0,1.2499,1.2499,HOLD_CASH
2007-03-22,2,DUK,PCG,26.0368,31.7098,1.0,-0.5629,0,0.0,1.2499,1.2499,HOLD_CASH
2007-03-23,2,DUK,PCG,25.9728,32.0444,1.0,-2.1301,1,0.0,0.9166,0.9166,ENTER_LONG_A
2007-03-26,2,DUK,PCG,26.152,32.2871,1.0,-2.0653,1,-0.1127,0.9166,0.8039,HOLDING
2007-03-27,2,DUK,PCG,25.9984,32.0969,1.0,-1.7782,1,-0.1088,0.9166,0.8078,HOLDING
2007-03-28,2,DUK,PCG,26.0112,32.1233,1.0,-1.5864,1,-0.1641,0.9166,0.7525,HOLDING
2007-03-29,2,DUK,PCG,26.2032,32.1035,1.0,-0.7174,1,1.1712,0.9166,2.0877,HOLDING
2007-03-30,2,DUK,PCG,25.9728,31.9052,1.0,-0.889,1,0.7239,0.9166,1.6405,HOLDING
2007-04-02,2,DUK,PCG,26.5104,32.6785,1.0,-1.1239,1,0.1516,0.9166,1.0682,HOLDING
2007-04-03,2,DUK,PCG,26.5872,32.8504,1.0,-1.2517,1,-0.2493,0.9166,0.6673,HOLDING
2007-04-04,2,DUK,PCG,26.2672,32.6191,1.0,-1.5589,1,0.0,-0.5213,-0.5213,PERIOD_END_EXIT
2006-10-03,3,CL,GL,19.6565,23.4094,1.0,0.0,0,0.0,0.0,0.0,HOLD_CASH
2006-10-04,3,CL,GL,19.7642,23.5982,1.0,0.0,0,0.0,0.0,0.0,HOLD_CASH
2006-10-05,3,CL,GL,19.9193,23.6019,1.0,0.0,0,0.0,0.0,0.0,HOLD_CASH
2006-10-06,3,CL,GL,19.8433,23.5945,1.0,0.0,0,0.0,0.0,0.0,HOLD_CASH
2006-10-09,3,CL,GL,19.8338,23.513,1.0,0.0,0,0.0,0.0,0.0,HOLD_CASH
2006-10-10,3,CL,GL,19.7166,23.4205,1.0,0.0,0,0.0,0.0,0.0,HOLD_CASH
2006-10-11,3,CL,GL,19.647,23.5834,1.0,0.0,0,0.0,0.0,0.0,HOLD_CASH
2006-10-12,3,CL,GL,19.4728,23.5686,1.0,0.0,0,0.0,0.0,0.0,HOLD_CASH
2006-10-13,3,CL,GL,19.2574,23.6241,1.0,0.0,0,0.0,0.0,0.0,HOLD_CASH
2006-10-16,3,CL,GL,19.0325,23.7499,1.0,0.0,0,0.0,0.0,0.0,HOLD_CASH
2006-10-17,3,CL,GL,18.9375,23.7018,1.0,0.0,0,0.0,0.0,0.0,HOLD_CASH
2006-10-18,3,CL,GL,19.137,23.7721,1.0,0.0,0,0.0,0.0,0.0,HOLD_CASH
2006-10-19,3,CL,GL,19.0768,23.1947,1.0,0.0,0,0.0,0.0,0.0,HOLD_CASH
2006-10-20,3,CL,GL,19.3411,23.1466,1.0,0.0,0,0.0,0.0,0.0,HOLD_CASH
2006-10-23,3,CL,GL,19.2042,23.2725,1.0,0.0,0,0.0,0.0,0.0,HOLD_CASH
2006-10-24,3,CL,GL,19.2552,23.1577,1.0,0.0,0,0.0,0.0,0.0,HOLD_CASH
2006-10-25,3,CL,GL,19.7965,23.0245,1.0,0.0,0,0.0,0.0,0.0,HOLD_CASH
2006-10-26,3,CL,GL,19.9907,23.2688,1.0,0.0,0,0.0,0.0,0.0,HOLD_CASH
2006-10-27,3,CL,GL,20.1595,23.0134,1.0,0.0,0,0.0,0.0,0.0,HOLD_CASH
2006-10-30,3,CL,GL,20.3155,23.08,1.0,1.9769,0,0.0,0.0,0.0,HOLD_CASH
2006-10-31,3,CL,GL,20.3696,22.8283,1.0,2.0773,-1,0.0,-0.3333,-0.3333,ENTER_SHORT_A
2006-11-01,3,CL,GL,20.3824,22.8468,1.0,1.7846,-1,0.0308,-0.3333,-0.3025,HOLDING
2006-11-02,3,CL,GL,20.2391,23.0763,1.0,1.1672,-1,2.8787,-0.3333,2.5453,HOLDING
2006-11-03,3,CL,GL,20.2741,23.0356,1.0,1.1572,-1,2.2947,-0.3333,1.9614,HOLDING
2006-11-06,3,CL,GL,20.3983,23.1503,1.0,1.0904,-1,2.1164,-0.3333,1.783,HOLDING
2006-11-07,3,CL,GL,20.6976,23.2318,1.0,1.2541,-1,0.2617,-0.3333,-0.0717,HOLDING
2006-11-08,3,CL,GL,20.6976,23.1836,1.0,1.178,-1,-0.0896,-0.3333,-0.4229,HOLDING
2006-11-09,3,CL,GL,20.7135,23.1725,1.0,1.0909,-1,-0.3009,-0.3333,-0.6342,HOLDING
2006-11-10,3,CL,GL,20.774,23.3539,1.0,0.8798,-1,0.5281,-0.3333,0.1948,HOLDING
2006-11-13,3,CL,GL,20.6562,23.3909,1.0,0.6253,-1,1.7624,-0.3333,1.429,HOLDING
2006-11-14,3,CL,GL,20.6116,23.5241,1.0,0.3315,0,0.0,2.4262,2.4262,EXIT
2006-11-15,3,CL,GL,20.4811,23.5056,1.0,0.0468,0,0.0,2.4262,2.4262,HOLD_CASH
2006-11-16,3,CL,GL,20.9046,23.6463,1.0,0.4999,0,0.0,2.4262,2.4262,HOLD_CASH
2006-11-17,3,CL,GL,21.0192,23.6426,1.0,0.6593,0,0.0,2.4262,2.4262,HOLD_CASH
2006-11-20,3,CL,GL,21.0097,23.5797,1.0,0.7443,0,0.0,2.4262,2.4262,HOLD_CASH
2006-11-21,3,CL,GL,21.2803,23.4353,1.0,2.0762,-1,0.0,2.0928,2.0928,ENTER_SHORT_A
2006-11-22,3,CL,GL,21.2517,23.4427,1.0,1.8051,-1,0.2772,2.0928,2.37,HOLDING
2006-11-24,3,CL,GL,21.0065,23.4094,1.0,0.9907,-1,1.9605,2.0928,4.0533,HOLDING
2006-11-27,3,CL,GL,20.7008,23.1355,1.0,0.6518,-1,2.4069,2.0928,4.4997,HOLDING
2006-11-28,3,CL,GL,20.7231,23.08,1.0,0.8829,-1,1.8375,2.0928,3.9303,HOLDING
2006-11-29,3,CL,GL,20.7422,23.2762,1.0,0.187,0,0.0,4.8478,4.8478,EXIT
2006-11-30,3,CL,GL,20.7135,23.3983,1.0,-0.3931,0,0.0,4.8478,4.8478,HOLD_CASH
2006-12-01,3,CL,GL,20.8123,23.254,1.0,0.5514,0,0.0,4.8478,4.8478,HOLD_CASH
2006-12-04,3,CL,GL,21.0925,23.687,1.0,0.0045,0,0.0,4.8478,4.8478,HOLD_CASH
2006-12-05,3,CL,GL,20.8823,23.5982,1.0,-0.6543,0,0.0,4.8478,4.8478,HOLD_CASH
2006-12-06,3,CL,GL,20.9715,23.6241,1.0,-0.313,0,0.0,4.8478,4.8478,HOLD_CASH
2006-12-07,3,CL,GL,20.8982,23.4982,1.0,-0.1067,0,0.0,4.8478,4.8478,HOLD_CASH
2006-12-08,3,CL,GL,20.8887,23.5463,1.0,-0.3232,0,0.0,4.8478,4.8478,HOLD_CASH
2006-12-11,3,CL,GL,20.981,23.65,1.0,-0.3068,0,0.0,4.8478,4.8478,HOLD_CASH
2006-12-12,3,CL,GL,20.9173,23.576,1.0,-0.3254,0,0.0,4.8478,4.8478,HOLD_CASH
2006-12-13,3,CL,GL,20.8759,23.5537,1.0,-0.5274,0,0.0,4.8478,4.8478,HOLD_CASH
2006-12-14,3,CL,GL,20.9205,23.5982,1.0,-0.713,0,0.0,4.8478,4.8478,HOLD_CASH
2006-12-15,3,CL,GL,20.8027,23.7536,1.0,-2.0532,1,0.0,4.5145,4.5145,ENTER_LONG_A
2006-12-18,3,CL,GL,20.7581,23.7055,1.0,-1.7946,1,-0.0196,4.5145,4.4948,HOLDING
2006-12-19,3,CL,GL,20.7263,23.613,1.0,-1.3763,1,0.3745,4.5145,4.889,HOLDING
2006-12-20,3,CL,GL,20.7517,23.6537,1.0,-1.3656,1,0.2929,4.5145,4.8074,HOLDING
2006-12-21,3,CL,GL,20.5989,23.5797,1.0,-1.775,1,-0.4122,4.5145,4.1023,HOLDING
2006-12-22,3,CL,GL,20.5671,23.5834,1.0,-1.7598,1,-0.6933,4.5145,3.8212,HOLDING
2006-12-26,3,CL,GL,20.6976,23.687,1.0,-1.3779,1,-0.3744,4.5145,4.14,HOLDING
2006-12-27,3,CL,GL,20.7104,23.761,1.0,-1.5457,1,-0.7918,4.5145,3.7227,HOLDING
2006-12-28,3,CL,GL,20.9237,23.7092,1.0,0.026,0,0.0,5.4615,5.4615,EXIT
2006-12-29,3,CL,GL,20.774,23.5982,1.0,-0.2532,0,0.0,5.4615,5.4615,HOLD_CASH
2007-01-03,3,CL,GL,20.9142,23.906,1.0,-0.9713,0,0.0,5.4615,5.4615,HOLD_CASH
2007-01-04,3,CL,GL,20.9396,23.9208,1.0,-0.807,0,0.0,5.4615,5.4615,HOLD_CASH
2007-01-05,3,CL,GL,20.8441,23.524,1.0,0.9135,0,0.0,5.4615,5.4615,HOLD_CASH
2007-01-08,3,CL,GL,20.9237,23.3423,1.0,2.2086,-1,0.0,5.1282,5.1282,ENTER_SHORT_A
2007-01-09,3,CL,GL,20.9142,23.3868,1.0,1.7783,-1,0.3938,5.1282,5.522,HOLDING
2007-01-10,3,CL,GL,21.0288,23.6167,1.0,1.2117,-1,1.1225,5.1282,6.2507,HOLDING
2007-01-11,3,CL,GL,21.1116,23.9839,1.0,-0.0858,0,0.0,7.8734,7.8734,EXIT
2007-01-12,3,CL,GL,21.2835,24.0321,1.0,0.6549,0,0.0,7.8734,7.8734,HOLD_CASH
2007-01-16,3,CL,GL,21.2899,23.8466,1.0,1.4969,0,0.0,7.8734,7.8734,HOLD_CASH
2007-01-17,3,CL,GL,21.1912,23.9839,1.0,0.3376,0,0.0,7.8734,7.8734,HOLD_CASH
2007-01-18,3,CL,GL,21.1689,23.9468,1.0,0.3441,0,0.0,7.8734,7.8734,HOLD_CASH
2007-01-19,3,CL,GL,21.2867,23.9542,1.0,0.863,0,0.0,7.8734,7.8734,HOLD_CASH
2007-01-22,3,CL,GL,21.1816,23.8244,1.0,0.8358,0,0.0,7.8734,7.8734,HOLD_CASH
2007-01-23,3,CL,GL,21.1179,23.9394,1.0,-0.0912,0,0.0,7.8734,7.8734,HOLD_CASH
2007-01-24,3,CL,GL,21.2747,24.288,1.0,-0.9409,0,0.0,7.8734,7.8734,HOLD_CASH
2007-01-25,3,CL,GL,21.1179,23.8318,1.0,0.3481,0,0.0,7.8734,7.8734,HOLD_CASH
2007-01-26,3,CL,GL,21.1755,23.7688,1.0,0.9293,0,0.0,7.8734,7.8734,HOLD_CASH
2007-01-29,3,CL,GL,21.3451,23.9319,1.0,1.0072,0,0.0,7.8734,7.8734,HOLD_CASH
2007-01-30,3,CL,GL,21.5723,24.1062,1.0,1.3178,0,0.0,7.8734,7.8734,HOLD_CASH
2007-01-31,3,CL,GL,21.8539,24.1025,1.0,2.422,-1,0.0,7.5401,7.5401,ENTER_SHORT_A
2007-02-01,3,CL,GL,21.7931,24.3807,1.0,0.7353,-1,2.387,7.5401,9.9271,HOLDING
2007-02-02,3,CL,GL,21.6747,24.4957,1.0,-0.5996,-1,4.0849,7.5401,11.625,HOLDING
2007-02-05,3,CL,GL,21.5947,24.4994,1.0,-1.042,-1,4.7206,7.5401,12.2607,HOLDING
2007-02-06,3,CL,GL,21.4347,24.5624,1.0,-1.9712,-1,6.3768,7.5401,13.9169,HOLDING
2007-02-07,3,CL,GL,21.4379,24.7998,1.0,-2.4218,-1,7.9935,7.5401,15.5336,HOLDING
2007-02-08,3,CL,GL,21.4475,24.0135,1.0,0.7716,-1,2.4836,7.5401,10.0237,HOLDING
2007-02-09,3,CL,GL,21.4123,23.9579,1.0,0.7598,-1,2.3674,7.5401,9.9076,HOLDING
2007-02-12,3,CL,GL,21.4091,23.8392,1.0,1.1192,-1,1.5711,7.5401,9.1112,HOLDING
2007-02-13,3,CL,GL,21.6171,24.0506,1.0,1.134,-1,1.4468,7.5401,8.987,HOLDING
2007-02-14,3,CL,GL,21.7259,24.1396,1.0,1.1341,-1,1.2325,7.5401,8.7727,HOLDING
2007-02-15,3,CL,GL,21.7291,24.1619,1.0,0.9693,-1,1.3621,7.5401,8.9022,HOLDING
2007-02-16,3,CL,GL,22.0011,24.1619,1.0,1.7637,-1,-0.7121,7.5401,6.828,HOLDING
2007-02-20,3,CL,GL,22.0363,24.2249,1.0,1.4934,-1,-0.5446,7.5401,6.9955,HOLDING
2007-02-21,3,CL,GL,21.9179,24.0914,1.0,1.3411,-1,-0.565,7.5401,6.9751,HOLDING
2007-02-22,3,CL,GL,21.8731,24.2175,1.0,0.744,-1,0.6485,7.5401,8.1886,HOLDING
2007-02-23,3,CL,GL,21.8635,24.1248,1.0,0.9018,-1,0.0807,7.5401,7.6208,HOLDING
2007-02-26,3,CL,GL,21.9083,23.9727,1.0,1.3502,-1,-1.3124,7.5401,6.2277,HOLDING
2007-02-27,3,CL,GL,21.5467,23.5277,1.0,1.3369,-1,-1.6322,7.5401,5.9079,HOLDING
2007-02-28,3,CL,GL,21.5691,23.7057,1.0,0.8369,-1,-0.5722,7.5401,6.9679,HOLDING
2007-03-01,3,CL,GL,21.4155,23.7688,1.0,0.2238,0,0.0,8.2475,8.2475,EXIT
2007-03-02,3,CL,GL,21.3259,23.6797,1.0,0.1707,0,0.0,8.2475,8.2475,HOLD_CASH
2007-03-05,3,CL,GL,21.3099,23.5574,1.0,0.3979,0,0.0,8.2475,8.2475,HOLD_CASH
2007-03-06,3,CL,GL,21.3067,23.5648,1.0,0.2957,0,0.0,8.2475,8.2475,HOLD_CASH
2007-03-07,3,CL,GL,21.0763,23.4535,1.0,-0.281,0,0.0,8.2475,8.2475,HOLD_CASH
2007-03-08,3,CL,GL,21.1915,23.6538,1.0,-1.1389,0,0.0,8.2475,8.2475,HOLD_CASH
2007-03-09,3,CL,GL,21.3195,23.7947,1.0,-1.1873,0,0.0,8.2475,8.2475,HOLD_CASH
2007-03-12,3,CL,GL,21.3099,23.8615,1.0,-1.6307,0,0.0,8.2475,8.2475,HOLD_CASH
2007-03-13,3,CL,GL,21.0763,23.3015,1.0,0.1191,0,0.0,8.2475,8.2475,HOLD_CASH
2007-03-14,3,CL,GL,20.9036,23.3979,1.0,-1.5357,0,0.0,8.2475,8.2475,HOLD_CASH
2007-03-15,3,CL,GL,20.8812,23.6093,1.0,-2.3463,1,0.0,7.9142,7.9142,ENTER_LONG_A
2007-03-16,3,CL,GL,20.83,23.4313,1.0,-1.5794,1,0.848,7.9142,8.7622,HOLDING
2007-03-19,3,CL,GL,20.9196,23.6241,1.0,-1.7353,1,0.2016,7.9142,8.1158,HOLDING
2007-03-20,3,CL,GL,21.0571,23.8504,1.0,-1.7614,1,-0.2973,7.9142,7.6169,HOLDING
2007-03-21,3,CL,GL,21.3771,24.1248,1.0,-1.2757,1,0.3193,7.9142,8.2335,HOLDING
2007-03-22,3,CL,GL,21.4539,23.995,1.0,-0.3977,0,0.0,9.4221,9.4221,EXIT
2007-03-23,3,CL,GL,21.4763,24.1433,1.0,-0.7892,0,0.0,9.4221,9.4221,HOLD_CASH
2007-03-26,3,CL,GL,21.4187,24.2583,1.0,-1.3692,0,0.0,9.4221,9.4221,HOLD_CASH
2007-03-27,3,CL,GL,21.2683,24.1359,1.0,-1.4945,0,0.0,9.4221,9.4221,HOLD_CASH
2007-03-28,3,CL,GL,21.3995,24.0098,1.0,-0.213,0,0.0,9.4221,9.4221,HOLD_CASH
2007-03-29,3,CL,GL,21.3867,24.2583,1.0,-1.3299,0,0.0,9.4221,9.4221,HOLD_CASH
2007-03-30,3,CL,GL,21.3707,24.3251,1.0,-1.5336,0,0.0,9.4221,9.4221,HOLD_CASH
2007-04-02,3,CL,GL,21.1371,24.2435,1.0,-2.0687,1,0.0,9.0887,9.0887,ENTER_LONG_A
2007-04-03,3,CL,GL,21.1243,24.3549,1.0,-2.2371,1,-0.8673,9.0887,8.2214,HOLDING
2007-04-04,3,CL,GL,21.1755,24.2992,1.0,-1.5767,1,0.0,8.6742,8.6742,PERIOD_END_EXIT
2006-10-03,4,EQR,MAA,21.3936,27.7799,1.0,0.0,0,0.0,0.0,0.0,HOLD_CASH
2006-10-04,4,EQR,MAA,21.5901,28.2886,1.0,0.0,0,0.0,0.0,0.0,HOLD_CASH
2006-10-05,4,EQR,MAA,21.8451,28.9925,1.0,0.0,0,0.0,0.0,0.0,HOLD_CASH
2006-10-06,4,EQR,MAA,21.5817,28.7382,1.0,0.0,0,0.0,0.0,0.0,HOLD_CASH
2006-10-09,4,EQR,MAA,21.7239,29.0425,1.0,0.0,0,0.0,0.0,0.0,HOLD_CASH
2006-10-10,4,EQR,MAA,21.7113,29.0016,1.0,0.0,0,0.0,0.0,0.0,HOLD_CASH
2006-10-11,4,EQR,MAA,21.7071,28.7155,1.0,0.0,0,0.0,0.0,0.0,HOLD_CASH
2006-10-12,4,EQR,MAA,21.866,29.1514,1.0,0.0,0,0.0,0.0,0.0,HOLD_CASH
2006-10-13,4,EQR,MAA,22.1795,29.6328,1.0,0.0,0,0.0,0.0,0.0,HOLD_CASH
2006-10-16,4,EQR,MAA,22.3759,29.8872,1.0,0.0,0,0.0,0.0,0.0,HOLD_CASH
2006-10-17,4,EQR,MAA,22.3132,29.7464,1.0,0.0,0,0.0,0.0,0.0,HOLD_CASH
2006-10-18,4,EQR,MAA,22.5055,29.5516,1.0,0.0,0,0.0,0.0,0.0,HOLD_CASH
2006-10-19,4,EQR,MAA,22.3091,29.4645,1.0,0.0,0,0.0,0.0,0.0,HOLD_CASH
2006-10-20,4,EQR,MAA,22.4637,29.2949,1.0,0.0,0,0.0,0.0,0.0,HOLD_CASH
2006-10-23,4,EQR,MAA,22.7103,29.5608,1.0,0.0,0,0.0,0.0,0.0,HOLD_CASH
2006-10-24,4,EQR,MAA,22.6142,29.3316,1.0,0.0,0,0.0,0.0,0.0,HOLD_CASH
2006-10-25,4,EQR,MAA,22.7814,29.3316,1.0,0.0,0,0.0,0.0,0.0,HOLD_CASH
2006-10-26,4,EQR,MAA,22.8775,29.7212,1.0,0.0,0,0.0,0.0,0.0,HOLD_CASH
2006-10-27,4,EQR,MAA,22.7605,29.2079,1.0,0.0,0,0.0,0.0,0.0,HOLD_CASH
2006-10-30,4,EQR,MAA,22.8692,29.2812,1.0,1.7742,0,0.0,0.0,0.0,HOLD_CASH
2006-10-31,4,EQR,MAA,22.8274,29.1712,1.0,1.7243,0,0.0,0.0,0.0,HOLD_CASH
2006-11-01,4,EQR,MAA,22.2129,28.5158,1.0,1.3053,0,0.0,0.0,0.0,HOLD_CASH
2006-11-02,4,EQR,MAA,21.4898,27.943,1.0,0.476,0,0.0,0.0,0.0,HOLD_CASH
2006-11-03,4,EQR,MAA,20.8753,27.5351,1.0,-0.4299,0,0.0,0.0,0.0,HOLD_CASH
2006-11-06,4,EQR,MAA,21.0968,27.9384,1.0,-0.7287,0,0.0,0.0,0.0,HOLD_CASH
2006-11-07,4,EQR,MAA,20.8795,27.4526,1.0,-0.3343,0,0.0,0.0,0.0,HOLD_CASH
2006-11-08,4,EQR,MAA,20.9714,27.613,1.0,-0.4501,0,0.0,0.0,0.0,HOLD_CASH
2006-11-09,4,EQR,MAA,21.0843,27.4342,1.0,0.2818,0,0.0,0.0,0.0,HOLD_CASH
2006-11-10,4,EQR,MAA,21.2431,27.5992,1.0,0.3115,0,0.0,0.0,0.0,HOLD_CASH
2006-11-13,4,EQR,MAA,21.1554,27.7046,1.0,-0.4049,0,0.0,0.0,0.0,HOLD_CASH
2006-11-14,4,EQR,MAA,21.6402,28.1584,1.0,0.0336,0,0.0,0.0,0.0,HOLD_CASH
2006-11-15,4,EQR,MAA,21.3936,27.9109,1.0,-0.2465,0,0.0,0.0,0.0,HOLD_CASH
2006-11-16,4,EQR,MAA,21.3393,28.2225,1.0,-1.5206,0,0.0,0.0,0.0,HOLD_CASH
2006-11-17,4,EQR,MAA,21.1386,27.7734,1.0,-0.849,0,0.0,0.0,0.0,HOLD_CASH
2006-11-20,4,EQR,MAA,21.8492,28.1721,1.0,0.8259,0,0.0,0.0,0.0,HOLD_CASH
2006-11-21,4,EQR,MAA,22.3299,28.5983,1.0,1.3143,0,0.0,0.0,0.0,HOLD_CASH
2006-11-22,4,EQR,MAA,22.3174,28.3325,1.0,1.8482,0,0.0,0.0,0.0,HOLD_CASH
2006-11-24,4,EQR,MAA,22.4136,28.4746,1.0,1.5814,0,0.0,0.0,0.0,HOLD_CASH
2006-11-27,4,EQR,MAA,21.6653,27.3151,1.0,1.8961,0,0.0,0.0,0.0,HOLD_CASH
2006-11-28,4,EQR,MAA,21.6026,27.1547,1.0,1.8668,0,0.0,0.0,0.0,HOLD_CASH
2006-11-29,4,EQR,MAA,21.9914,27.393,1.0,2.0877,-1,0.0,-0.3333,-0.3333,ENTER_SHORT_A
2006-11-30,4,EQR,MAA,22.2631,27.4984,1.0,2.127,-1,-1.4176,-0.3333,-1.751,HOLDING
2006-12-01,4,EQR,MAA,22.0875,27.4709,1.0,1.5754,-1,-0.2545,-0.3333,-0.5878,HOLDING
2006-12-04,4,EQR,MAA,22.4595,27.6405,1.0,1.771,-1,-2.0422,-0.3333,-2.3756,HOLDING
2006-12-05,4,EQR,MAA,22.1962,27.59,1.0,1.2292,-1,-0.3532,-0.3333,-0.6865,HOLDING
2006-12-06,4,EQR,MAA,22.1335,27.5488,1.0,1.0627,-1,-0.129,-0.3333,-0.4623,HOLDING
2006-12-07,4,EQR,MAA,22.0206,27.4342,1.0,0.9295,-1,0.0292,-0.3333,-0.3042,HOLDING
2006-12-08,4,EQR,MAA,21.9872,27.4571,1.0,0.747,-1,0.4221,-0.3333,0.0887,HOLDING
2006-12-11,4,EQR,MAA,22.1335,27.503,1.0,0.8701,-1,-0.4078,-0.3333,-0.7411,HOLDING
2006-12-12,4,EQR,MAA,22.1293,27.4571,1.0,0.8491,-1,-0.655,-0.3333,-0.9884,HOLDING
2006-12-13,4,EQR,MAA,21.8492,27.3471,1.0,0.3833,0,0.0,0.133,0.133,EXIT
2006-12-14,4,EQR,MAA,21.82,27.1134,1.0,0.6506,0,0.0,0.133,0.133,HOLD_CASH
2006-12-15,4,EQR,MAA,21.6904,26.953,1.0,0.602,0,0.0,0.133,0.133,HOLD_CASH
2006-12-18,4,EQR,MAA,21.5901,26.513,1.0,1.4213,0,0.0,0.133,0.133,HOLD_CASH
2006-12-19,4,EQR,MAA,21.2891,26.238,1.0,1.1225,0,0.0,0.133,0.133,HOLD_CASH
2006-12-20,4,EQR,MAA,21.4676,26.348,1.0,1.478,0,0.0,0.133,0.133,HOLD_CASH
2006-12-21,4,EQR,MAA,21.2187,26.1464,1.0,1.0077,0,0.0,0.133,0.133,HOLD_CASH
2006-12-22,4,EQR,MAA,20.9993,26.1372,1.0,-0.2991,0,0.0,0.133,0.133,HOLD_CASH
2006-12-26,4,EQR,MAA,21.2609,26.018,1.0,1.886,0,0.0,0.133,0.133,HOLD_CASH
2006-12-27,4,EQR,MAA,21.3494,25.7843,1.0,2.8697,-1,0.0,-0.2004,-0.2004,ENTER_SHORT_A
2006-12-28,4,EQR,MAA,21.3368,25.8256,1.0,2.1442,-1,0.3654,-0.2004,0.165,HOLDING
2006-12-29,4,EQR,MAA,21.4085,26.2335,1.0,0.821,-1,2.4421,-0.2004,2.2418,HOLDING
2007-01-03,4,EQR,MAA,21.438,25.9401,1.0,1.7959,-1,0.3156,-0.2004,0.1153,HOLDING
2007-01-04,4,EQR,MAA,21.4802,26.0364,1.0,1.47,-1,0.6084,-0.2004,0.408,HOLDING
2007-01-05,4,EQR,MAA,21.0584,25.656,1.0,0.9281,-1,1.4428,-0.2004,1.2424,HOLDING
2007-01-08,4,EQR,MAA,21.0415,25.8668,1.0,0.1026,0,0.0,2.4052,2.4052,EXIT
2007-01-09,4,EQR,MAA,21.3452,26.2472,1.0,0.0219,0,0.0,2.4052,2.4052,HOLD_CASH
2007-01-10,4,EQR,MAA,21.6827,26.4904,1.0,0.537,0,0.0,2.4052,2.4052,HOLD_CASH
2007-01-11,4,EQR,MAA,22.0286,26.8471,1.0,0.6929,0,0.0,2.4052,2.4052,HOLD_CASH
2007-01-12,4,EQR,MAA,22.2142,27.0601,1.0,0.6633,0,0.0,2.4052,2.4052,HOLD_CASH
2007-01-16,4,EQR,MAA,22.615,27.4585,1.0,0.931,0,0.0,2.4052,2.4052,HOLD_CASH
2007-01-17,4,EQR,MAA,22.5264,27.4816,1.0,0.3252,0,0.0,2.4052,2.4052,HOLD_CASH
2007-01-18,4,EQR,MAA,22.5475,27.3797,1.0,0.8134,0,0.0,2.4052,2.4052,HOLD_CASH
2007-01-19,4,EQR,MAA,22.7247,27.7827,1.0,-0.1043,0,0.0,2.4052,2.4052,HOLD_CASH
2007-01-22,4,EQR,MAA,22.4251,27.5465,1.0,-0.7695,0,0.0,2.4052,2.4052,HOLD_CASH
2007-01-23,4,EQR,MAA,22.4631,27.653,1.0,-1.0242,0,0.0,2.4052,2.4052,HOLD_CASH
2007-01-24,4,EQR,MAA,22.9735,27.7966,1.0,1.1539,0,0.0,2.4052,2.4052,HOLD_CASH
2007-01-25,4,EQR,MAA,23.0832,27.9634,1.0,0.9999,0,0.0,2.4052,2.4052,HOLD_CASH
2007-01-26,4,EQR,MAA,23.2351,27.6669,1.0,2.7643,-1,0.0,2.0719,2.0719,ENTER_SHORT_A
2007-01-29,4,EQR,MAA,23.2224,27.792,1.0,1.9024,-1,0.8444,2.0719,2.9163,HOLDING
2007-01-30,4,EQR,MAA,23.4587,27.8985,1.0,2.1891,-1,-0.2085,2.0719,1.8634,HOLDING
2007-01-31,4,EQR,MAA,23.7413,27.8476,1.0,2.6617,-1,-2.5428,2.0719,-0.4709,HOLDING
2007-02-01,4,EQR,MAA,23.6527,27.8429,1.0,2.0025,-1,-1.9352,2.0719,0.1367,HOLDING
2007-02-02,4,EQR,MAA,23.5177,27.6067,1.0,1.8728,-1,-2.39,2.0719,-0.3181,HOLDING
2007-02-05,4,EQR,MAA,23.4966,27.6067,1.0,1.5883,-1,-2.2387,2.0719,-0.1668,HOLDING
2007-02-06,4,EQR,MAA,23.7708,27.792,1.0,1.6477,-1,-3.0893,2.0719,-1.0174,HOLDING
2007-02-07,4,EQR,MAA,22.5686,28.0143,1.0,-1.6167,-1,6.8739,2.0719,8.9458,HOLDING
2007-02-08,4,EQR,MAA,22.5686,27.8337,1.0,-1.2105,-1,5.7856,2.0719,7.8575,HOLDING
2007-02-09,4,EQR,MAA,22.2522,27.6993,1.0,-1.5448,-1,7.2458,2.0719,9.3177,HOLDING
2007-02-12,4,EQR,MAA,21.9611,27.4399,1.0,-1.5609,-1,7.7711,2.0719,9.843,HOLDING
2007-02-13,4,EQR,MAA,22.113,27.6577,1.0,-1.449,-1,7.9932,2.0719,10.0651,HOLDING
2007-02-14,4,EQR,MAA,22.0834,27.6021,1.0,-1.3055,-1,7.8702,2.0719,9.9421,HOLDING
2007-02-15,4,EQR,MAA,22.3239,27.6206,1.0,-0.8282,-1,6.257,2.0719,8.3289,HOLDING
2007-02-16,4,EQR,MAA,22.0202,27.3612,1.0,-0.9477,-1,6.873,2.0719,8.9449,HOLDING
2007-02-20,4,EQR,MAA,22.5475,27.7179,1.0,-0.5183,-1,5.2393,2.0719,7.3112,HOLDING
2007-02-21,4,EQR,MAA,22.4167,27.5048,1.0,-0.4508,0,0.0,6.6392,6.6392,EXIT
2007-02-22,4,EQR,MAA,22.3703,27.338,1.0,-0.27,0,0.0,6.6392,6.6392,HOLD_CASH
2007-02-23,4,EQR,MAA,22.0033,27.0462,1.0,-0.4701,0,0.0,6.6392,6.6392,HOLD_CASH
2007-02-26,4,EQR,MAA,21.8261,26.7544,1.0,-0.3074,0,0.0,6.6392,6.6392,HOLD_CASH
2007-02-27,4,EQR,MAA,21.0288,25.7029,1.0,-0.1505,0,0.0,6.6392,6.6392,HOLD_CASH
2007-02-28,4,EQR,MAA,21.4254,25.5825,1.0,0.8171,0,0.0,6.6392,6.6392,HOLD_CASH
2007-03-01,4,EQR,MAA,21.0373,25.4574,1.0,0.3546,0,0.0,6.6392,6.6392,HOLD_CASH
2007-03-02,4,EQR,MAA,20.6492,24.8692,1.0,0.653,0,0.0,6.6392,6.6392,HOLD_CASH
2007-03-05,4,EQR,MAA,19.7,23.9845,1.0,0.2571,0,0.0,6.6392,6.6392,HOLD_CASH
2007-03-06,4,EQR,MAA,20.278,24.67,1.0,0.4412,0,0.0,6.6392,6.6392,HOLD_CASH
2007-03-07,4,EQR,MAA,20.0375,24.2161,1.0,1.1919,0,0.0,6.6392,6.6392,HOLD_CASH
2007-03-08,4,EQR,MAA,20.1767,24.5866,1.0,0.5022,0,0.0,6.6392,6.6392,HOLD_CASH
2007-03-09,4,EQR,MAA,20.4003,24.758,1.0,0.745,0,0.0,6.6392,6.6392,HOLD_CASH
2007-03-12,4,EQR,MAA,20.6197,24.9618,1.0,0.8455,0,0.0,6.6392,6.6392,HOLD_CASH
2007-03-13,4,EQR,MAA,20.0881,24.721,1.0,-0.5196,0,0.0,6.6392,6.6392,HOLD_CASH
2007-03-14,4,EQR,MAA,20.2906,25.3,1.0,-1.661,0,0.0,6.6392,6.6392,HOLD_CASH
2007-03-15,4,EQR,MAA,20.4538,25.5686,1.0,-1.8755,0,0.0,6.6392,6.6392,HOLD_CASH
2007-03-16,4,EQR,MAA,20.2876,25.3833,1.0,-1.7783,0,0.0,6.6392,6.6392,HOLD_CASH
2007-03-19,4,EQR,MAA,20.4452,25.6844,1.0,-1.9172,0,0.0,6.6392,6.6392,HOLD_CASH
2007-03-20,4,EQR,MAA,20.5901,26.1198,1.0,-2.1733,1,0.0,6.3058,6.3058,ENTER_LONG_A
2007-03-21,4,EQR,MAA,20.9351,26.4904,1.0,-1.7451,1,0.4282,6.3058,6.7341,HOLDING
2007-03-22,4,EQR,MAA,20.999,26.6849,1.0,-1.722,1,-0.296,6.3058,6.0099,HOLDING
2007-03-23,4,EQR,MAA,21.0075,26.4904,1.0,-1.1929,1,1.0144,6.3058,7.3202,HOLDING
2007-03-26,4,EQR,MAA,20.573,26.2588,1.0,-1.5879,1,-1.0246,6.3058,5.2812,HOLDING
2007-03-27,4,EQR,MAA,20.2749,25.9855,1.0,-1.5638,1,-1.6942,6.3058,4.6116,HOLDING
2007-03-28,4,EQR,MAA,20.0704,25.9299,1.0,-1.7186,1,-2.9945,6.3058,3.3113,HOLDING
2007-03-29,4,EQR,MAA,20.3047,25.9623,1.0,-1.1448,1,-1.3051,6.3058,5.0007,HOLDING
2007-03-30,4,EQR,MAA,20.5432,26.0596,1.0,-0.7184,1,0.0049,6.3058,6.3107,HOLDING
2007-04-02,4,EQR,MAA,20.7306,26.319,1.0,-0.6776,1,-0.133,6.3058,6.1728,HOLDING
2007-04-03,4,EQR,MAA,21.0203,26.5645,1.0,-0.389,0,0.0,6.611,6.611,EXIT
2007-04-04,4,EQR,MAA,20.9819,26.6849,1.0,-0.6323,0,0.0,6.611,6.611,HOLD_CASH
2006-10-03,5,BAC,WFC,36.3823,21.6361,1.0,0.0,0,0.0,0.0,0.0,HOLD_CASH
2006-10-04,5,BAC,WFC,36.6565,21.7191,1.0,0.0,0,0.0,0.0,0.0,HOLD_CASH
2006-10-05,5,BAC,WFC,36.4559,21.648,1.0,0.0,0,0.0,0.0,0.0,HOLD_CASH
2006-10-06,5,BAC,WFC,36.2687,21.5472,1.0,0.0,0,0.0,0.0,0.0,HOLD_CASH
2006-10-09,5,BAC,WFC,36.4492,21.5887,1.0,0.0,0,0.0,0.0,0.0,HOLD_CASH
2006-10-10,5,BAC,WFC,36.5294,21.5116,1.0,0.0,0,0.0,0.0,0.0,HOLD_CASH
2006-10-11,5,BAC,WFC,36.1349,21.476,1.0,0.0,0,0.0,0.0,0.0,HOLD_CASH
2006-10-12,5,BAC,WFC,36.282,21.5235,1.0,0.0,0,0.0,0.0,0.0,HOLD_CASH
2006-10-13,5,BAC,WFC,36.3689,21.5413,1.0,0.0,0,0.0,0.0,0.0,HOLD_CASH
2006-10-16,5,BAC,WFC,35.9142,21.4642,1.0,0.0,0,0.0,0.0,0.0,HOLD_CASH
2006-10-17,5,BAC,WFC,35.8942,21.6302,1.0,0.0,0,0.0,0.0,0.0,HOLD_CASH
2006-10-18,5,BAC,WFC,35.9811,21.8259,1.0,0.0,0,0.0,0.0,0.0,HOLD_CASH
2006-10-19,5,BAC,WFC,35.6133,21.7844,1.0,0.0,0,0.0,0.0,0.0,HOLD_CASH
2006-10-20,5,BAC,WFC,35.8541,21.7191,1.0,0.0,0,0.0,0.0,0.0,HOLD_CASH
2006-10-23,5,BAC,WFC,35.8808,21.7428,1.0,0.0,0,0.0,0.0,0.0,HOLD_CASH
2006-10-24,5,BAC,WFC,35.727,21.6124,1.0,0.0,0,0.0,0.0,0.0,HOLD_CASH
2006-10-25,5,BAC,WFC,36.1082,21.5768,1.0,0.0,0,0.0,0.0,0.0,HOLD_CASH
2006-10-26,5,BAC,WFC,36.2285,21.6005,1.0,0.0,0,0.0,0.0,0.0,HOLD_CASH
2006-10-27,5,BAC,WFC,35.9076,21.5353,1.0,0.0,0,0.0,0.0,0.0,HOLD_CASH
2006-10-30,5,BAC,WFC,36.0547,21.5472,1.0,0.0768,0,0.0,0.0,0.0,HOLD_CASH
2006-10-31,5,BAC,WFC,36.0212,21.5175,1.0,0.1435,0,0.0,0.0,0.0,HOLD_CASH
2006-11-01,5,BAC,WFC,35.8273,21.5056,1.0,-0.275,0,0.0,0.0,0.0,HOLD_CASH
2006-11-02,5,BAC,WFC,35.8073,21.4339,1.0,0.0459,0,0.0,0.0,0.0,HOLD_CASH
2006-11-03,5,BAC,WFC,35.727,21.5116,1.0,-0.4922,0,0.0,0.0,0.0,HOLD_CASH
2006-11-06,5,BAC,WFC,36.2486,21.7147,1.0,0.0992,0,0.0,0.0,0.0,HOLD_CASH
2006-11-07,5,BAC,WFC,36.389,21.7446,1.0,0.5009,0,0.0,0.0,0.0,HOLD_CASH
2006-11-08,5,BAC,WFC,36.516,21.9896,1.0,-0.3663,0,0.0,0.0,0.0,HOLD_CASH
2006-11-09,5,BAC,WFC,36.4492,21.9478,1.0,-0.2816,0,0.0,0.0,0.0,HOLD_CASH
2006-11-10,5,BAC,WFC,36.623,21.9119,1.0,0.7092,0,0.0,0.0,0.0,HOLD_CASH
2006-11-13,5,BAC,WFC,36.4158,21.8044,1.0,0.6178,0,0.0,0.0,0.0,HOLD_CASH
2006-11-14,5,BAC,WFC,36.6632,21.9358,1.0,0.6716,0,0.0,0.0,0.0,HOLD_CASH
2006-11-15,5,BAC,WFC,36.4291,21.649,1.0,1.5025,0,0.0,0.0,0.0,HOLD_CASH
2006-11-16,5,BAC,WFC,36.71,21.8103,1.0,1.6017,0,0.0,0.0,0.0,HOLD_CASH
2006-11-17,5,BAC,WFC,36.6765,21.6729,1.0,2.2117,-1,0.0,-0.3333,-0.3333,ENTER_SHORT_A
2006-11-20,5,BAC,WFC,36.71,21.6072,1.0,2.4376,-1,-0.6574,-0.3333,-0.9908,HOLDING
2006-11-21,5,BAC,WFC,36.5896,21.3801,1.0,2.7657,-1,-1.8566,-0.3333,-2.1899,HOLDING
2006-11-22,5,BAC,WFC,36.5294,21.2188,1.0,2.6327,-1,-2.8238,-0.3333,-3.1571,HOLDING
2006-11-24,5,BAC,WFC,36.4826,21.2546,1.0,1.9616,-1,-2.3354,-0.3333,-2.6688,HOLDING
2006-11-27,5,BAC,WFC,36.0547,21.0335,1.0,1.6071,-1,-2.0909,-0.3333,-2.4243,HOLDING
2006-11-28,5,BAC,WFC,36.2887,20.9797,1.0,1.985,-1,-3.568,-0.3333,-3.9014,HOLDING
2006-11-29,5,BAC,WFC,36.4982,21.1889,1.0,1.4753,-1,-2.9114,-0.3333,-3.2448,HOLDING
2006-11-30,5,BAC,WFC,36.3833,21.0574,1.0,1.498,-1,-3.4004,-0.3333,-3.7337,HOLDING
2006-12-01,5,BAC,WFC,36.1468,21.0514,1.0,0.9704,-1,-2.3718,-0.3333,-2.7052,HOLDING
2006-12-04,5,BAC,WFC,35.5725,21.2068,1.0,-0.6663,-1,1.4327,-0.3333,1.0993,HOLDING
2006-12-05,5,BAC,WFC,35.6671,21.2247,1.0,-0.574,-1,1.1407,-0.3333,0.8074,HOLDING
2006-12-06,5,BAC,WFC,35.5996,21.2247,1.0,-0.7224,-1,1.4478,-0.3333,1.1144,HOLDING
2006-12-07,5,BAC,WFC,35.4644,21.2068,1.0,-0.9926,-1,1.9239,-0.3333,1.5906,HOLDING
2006-12-08,5,BAC,WFC,34.9036,21.171,1.0,-1.9295,-1,4.1966,-0.3333,3.8633,HOLDING
2006-12-11,5,BAC,WFC,35.505,21.147,1.0,-0.6645,-1,1.2801,-0.3333,0.9468,HOLDING
2006-12-12,5,BAC,WFC,35.6739,21.1172,1.0,-0.2709,0,0.0,-0.3749,-0.3749,EXIT
2006-12-13,5,BAC,WFC,35.8698,21.1231,1.0,0.0563,0,0.0,-0.3749,-0.3749,HOLD_CASH
2006-12-14,5,BAC,WFC,35.9239,21.2546,1.0,-0.3221,0,0.0,-0.3749,-0.3749,HOLD_CASH
2006-12-15,5,BAC,WFC,36.0252,21.3024,1.0,-0.2991,0,0.0,-0.3749,-0.3749,HOLD_CASH
2006-12-18,5,BAC,WFC,36.2347,21.3681,1.0,-0.0961,0,0.0,-0.3749,-0.3749,HOLD_CASH
2006-12-19,5,BAC,WFC,36.2009,21.4458,1.0,-0.4238,0,0.0,-0.3749,-0.3749,HOLD_CASH
2006-12-20,5,BAC,WFC,36.2549,21.4399,1.0,-0.2427,0,0.0,-0.3749,-0.3749,HOLD_CASH
2006-12-21,5,BAC,WFC,36.1536,21.4458,1.0,-0.4152,0,0.0,-0.3749,-0.3749,HOLD_CASH
2006-12-22,5,BAC,WFC,36.0455,21.416,1.0,-0.4769,0,0.0,-0.3749,-0.3749,HOLD_CASH
2006-12-26,5,BAC,WFC,36.2819,21.4757,1.0,-0.1087,0,0.0,-0.3749,-0.3749,HOLD_CASH
2006-12-27,5,BAC,WFC,36.3293,21.5414,1.0,-0.1682,0,0.0,-0.3749,-0.3749,HOLD_CASH
2006-12-28,5,BAC,WFC,36.2482,21.4637,1.0,0.0645,0,0.0,-0.3749,-0.3749,HOLD_CASH
2006-12-29,5,BAC,WFC,36.0725,21.2486,1.0,0.8601,0,0.0,-0.3749,-0.3749,HOLD_CASH
2007-01-03,5,BAC,WFC,36.032,21.3562,1.0,0.2153,0,0.0,-0.3749,-0.3749,HOLD_CASH
2007-01-04,5,BAC,WFC,36.2617,21.392,1.0,0.8444,0,0.0,-0.3749,-0.3749,HOLD_CASH
2007-01-05,5,BAC,WFC,35.9712,21.2725,1.0,0.4268,0,0.0,-0.3749,-0.3749,HOLD_CASH
2007-01-08,5,BAC,WFC,36.113,21.2128,1.0,1.2996,0,0.0,-0.3749,-0.3749,HOLD_CASH
2007-01-09,5,BAC,WFC,36.1468,21.2666,1.0,0.9683,0,0.0,-0.3749,-0.3749,HOLD_CASH
2007-01-10,5,BAC,WFC,36.2009,21.2008,1.0,2.2883,-1,0.0,-0.7083,-0.7083,ENTER_SHORT_A
2007-01-11,5,BAC,WFC,35.9847,21.2367,1.0,0.303,0,0.0,0.2365,0.2365,EXIT
2007-01-12,5,BAC,WFC,36.0657,21.2188,1.0,1.0475,0,0.0,0.2365,0.2365,HOLD_CASH
2007-01-16,5,BAC,WFC,36.1063,21.649,1.0,-2.8671,1,0.0,-0.0968,-0.0968,ENTER_LONG_A
2007-01-17,5,BAC,WFC,36.0252,21.6729,1.0,-2.6449,1,-0.5583,-0.0968,-0.6551,HOLDING
2007-01-18,5,BAC,WFC,36.0049,21.6311,1.0,-2.0243,1,-0.3298,-0.0968,-0.4265,HOLDING
2007-01-19,5,BAC,WFC,36.2076,21.5355,1.0,-0.5642,1,1.3419,-0.0968,1.2451,HOLDING
2007-01-22,5,BAC,WFC,36.2482,21.3622,1.0,0.6735,1,2.863,-0.0968,2.7663,HOLDING
2007-01-23,5,BAC,WFC,36.0252,21.5175,1.0,-1.0708,1,0.6378,-0.0968,0.541,HOLDING
2007-01-24,5,BAC,WFC,35.9441,21.8462,1.0,-2.5729,1,-2.2665,-0.0968,-2.3633,HOLDING
2007-01-25,5,BAC,WFC,35.4036,21.5594,1.0,-2.2482,1,-2.5534,-0.0968,-2.6502,HOLDING
2007-01-26,5,BAC,WFC,35.1604,21.5295,1.0,-2.2171,1,-3.4461,-0.0968,-3.5429,HOLDING
2007-01-29,5,BAC,WFC,34.7685,21.4817,1.0,-2.3127,1,-4.887,-0.0968,-4.9838,HOLDING
2007-01-30,5,BAC,WFC,35.2144,21.4518,1.0,-1.253,1,-2.5987,-0.0968,-2.6955,HOLDING
2007-01-31,5,BAC,WFC,35.5252,21.6325,1.0,-1.1076,1,-2.555,-0.0968,-2.6518,HOLDING
2007-02-01,5,BAC,WFC,35.7009,21.6024,1.0,-0.6537,1,-1.5122,-0.0968,-1.609,HOLDING
2007-02-02,5,BAC,WFC,35.6333,21.5963,1.0,-0.6767,1,-1.7778,-0.0968,-1.8746,HOLDING
2007-02-05,5,BAC,WFC,35.7279,21.494,1.0,-0.1699,0,0.0,-0.9801,-0.9801,EXIT
2007-02-06,5,BAC,WFC,35.9509,21.6204,1.0,-0.0773,0,0.0,-0.9801,-0.9801,HOLD_CASH
2007-02-07,5,BAC,WFC,36.0523,21.6084,1.0,0.2193,0,0.0,-0.9801,-0.9801,HOLD_CASH
2007-02-08,5,BAC,WFC,36.0252,21.4157,1.0,0.9162,0,0.0,-0.9801,-0.9801,HOLD_CASH
2007-02-09,5,BAC,WFC,35.8022,21.2952,1.0,0.9384,0,0.0,-0.9801,-0.9801,HOLD_CASH
2007-02-12,5,BAC,WFC,35.836,21.4398,1.0,0.5965,0,0.0,-0.9801,-0.9801,HOLD_CASH
2007-02-13,5,BAC,WFC,36.3022,21.6024,1.0,1.0019,0,0.0,-0.9801,-0.9801,HOLD_CASH
2007-02-14,5,BAC,WFC,36.5184,21.6867,1.0,1.0823,0,0.0,-0.9801,-0.9801,HOLD_CASH
2007-02-15,5,BAC,WFC,36.3833,21.6867,1.0,0.7379,0,0.0,-0.9801,-0.9801,HOLD_CASH
2007-02-16,5,BAC,WFC,36.5184,21.5361,1.0,1.494,0,0.0,-0.9801,-0.9801,HOLD_CASH
2007-02-20,5,BAC,WFC,36.5184,21.6445,1.0,1.167,0,0.0,-0.9801,-0.9801,HOLD_CASH
2007-02-21,5,BAC,WFC,36.4238,21.7891,1.0,0.4415,0,0.0,-0.9801,-0.9801,HOLD_CASH
2007-02-22,5,BAC,WFC,36.2819,21.8071,1.0,0.0214,0,0.0,-0.9801,-0.9801,HOLD_CASH
2007-02-23,5,BAC,WFC,35.7144,21.4578,1.0,-0.0023,0,0.0,-0.9801,-0.9801,HOLD_CASH
2007-02-26,5,BAC,WFC,35.6671,21.4819,1.0,-0.2966,0,0.0,-0.9801,-0.9801,HOLD_CASH
2007-02-27,5,BAC,WFC,34.3226,20.711,1.0,-0.711,0,0.0,-0.9801,-0.9801,HOLD_CASH
2007-02-28,5,BAC,WFC,34.7257,20.8977,1.0,-0.5212,0,0.0,-0.9801,-0.9801,HOLD_CASH
2007-03-01,5,BAC,WFC,34.4182,20.8736,1.0,-1.5618,0,0.0,-0.9801,-0.9801,HOLD_CASH
2007-03-02,5,BAC,WFC,34.1655,20.7412,1.0,-1.6175,0,0.0,-0.9801,-0.9801,HOLD_CASH
2007-03-05,5,BAC,WFC,33.9127,20.4942,1.0,-1.0975,0,0.0,-0.9801,-0.9801,HOLD_CASH
2007-03-06,5,BAC,WFC,34.8008,20.8736,1.0,-0.1647,0,0.0,-0.9801,-0.9801,HOLD_CASH
2007-03-07,5,BAC,WFC,34.5617,20.6689,1.0,0.1793,0,0.0,-0.9801,-0.9801,HOLD_CASH
2007-03-08,5,BAC,WFC,34.6847,20.7833,1.0,-0.0756,0,0.0,-0.9801,-0.9801,HOLD_CASH
2007-03-09,5,BAC,WFC,34.8077,20.7773,1.0,0.4523,0,0.0,-0.9801,-0.9801,HOLD_CASH
2007-03-12,5,BAC,WFC,34.9033,20.7954,1.0,0.716,0,0.0,-0.9801,-0.9801,HOLD_CASH
2007-03-13,5,BAC,WFC,33.7897,20.157,1.0,0.528,0,0.0,-0.9801,-0.9801,HOLD_CASH
2007-03-14,5,BAC,WFC,34.0015,20.2654,1.0,0.6603,0,0.0,-0.9801,-0.9801,HOLD_CASH
2007-03-15,5,BAC,WFC,34.2269,20.5364,1.0,-0.1625,0,0.0,-0.9801,-0.9801,HOLD_CASH
2007-03-16,5,BAC,WFC,33.899,20.4461,1.0,-0.7972,0,0.0,-0.9801,-0.9801,HOLD_CASH
2007-03-19,5,BAC,WFC,34.4114,20.6267,1.0,0.197,0,0.0,-0.9801,-0.9801,HOLD_CASH
2007-03-20,5,BAC,WFC,34.6779,20.8435,1.0,-0.1543,0,0.0,-0.9801,-0.9801,HOLD_CASH
2007-03-21,5,BAC,WFC,35.4293,21.3675,1.0,-0.7066,0,0.0,-0.9801,-0.9801,HOLD_CASH
2007-03-22,5,BAC,WFC,35.279,21.0724,1.0,0.9964,0,0.0,-0.9801,-0.9801,HOLD_CASH
2007-03-23,5,BAC,WFC,35.3132,21.0543,1.0,1.2047,0,0.0,-0.9801,-0.9801,HOLD_CASH
2007-03-26,5,BAC,WFC,35.2244,20.8857,1.0,1.8395,0,0.0,-0.9801,-0.9801,HOLD_CASH
2007-03-27,5,BAC,WFC,35.4157,20.7171,1.0,2.836,-1,0.0,-1.3135,-1.3135,ENTER_SHORT_A
2007-03-28,5,BAC,WFC,34.6847,20.5605,1.0,1.1251,-1,2.1804,-1.3135,0.8669,HOLDING
2007-03-29,5,BAC,WFC,34.9716,20.8014,1.0,0.6514,-1,2.7682,-1.3135,1.4547,HOLDING
2007-03-30,5,BAC,WFC,34.8555,20.7351,1.0,0.5622,-1,2.7817,-1.3135,1.4682,HOLDING
2007-04-02,5,BAC,WFC,34.4524,20.4822,1.0,0.5745,-1,2.6437,-1.3135,1.3302,HOLDING
2007-04-03,5,BAC,WFC,34.7461,20.7833,1.0,-0.3375,0,0.0,2.0396,2.0396,EXIT
2007-04-04,5,BAC,WFC,34.7667,20.6809,1.0,0.4356,0,0.0,2.0396,2.0396,HOLD_CASH
